customer_id,credit_score,country,gender,age,tenure,balance,products_number,credit_card,active_member,estimated_salary,churn,predicted_churn
15634602,619,France,Female,42,2,0,1,1,1,101348.88,1,0.125411767197143
15647311,608,Spain,Female,41,1,83807.86,1,0,1,112542.58,0,0.156011255962336
15619304,502,France,Female,42,8,159660.8,3,1,0,113931.57,1,0.341374014911518
15701354,699,France,Female,39,1,0,2,0,0,93826.63,0,0.231680999645679
15737888,850,Spain,Female,43,2,125510.82,1,1,1,79084.1,0,0.154987118003725
15574012,645,Spain,Male,44,8,113755.78,2,1,0,149756.71,1,0.251524344976721
15592531,822,France,Male,50,7,0,2,1,1,10062.8,0,0.0963345180302442
15656148,376,Germany,Female,29,4,115046.74,4,1,0,119346.88,1,0.287915783611931
15792365,501,France,Male,44,4,142051.07,2,0,1,74940.5,0,0.117661449690891
15592389,684,France,Male,27,2,134603.88,1,1,1,71725.73,0,0.0371865601593353
15767821,528,France,Male,31,6,102016.72,2,0,0,80181.12,0,0.115994601232248
15737173,497,Spain,Male,24,3,0,2,1,0,76390.01,0,0.060429571523118
15632264,476,France,Female,34,10,0,2,1,0,26260.98,0,0.165438500315021
15691483,549,France,Female,25,5,0,2,0,0,190857.79,0,0.10608248420909
15600882,635,Spain,Female,35,7,0,2,1,1,65951.65,0,0.068089645477233
15643966,616,Germany,Male,45,3,143129.41,2,0,1,64327.26,0,0.233032528273896
15737452,653,Germany,Male,58,1,132602.88,1,1,0,5097.67,1,0.692467309159504
15788218,549,Spain,Female,24,9,0,2,1,1,14406.41,0,0.0303153440303503
15661507,587,Spain,Male,45,6,0,1,0,0,158684.81,0,0.246371754259419
15568982,726,France,Female,24,6,0,2,1,1,54724.03,0,0.0295079046528981
15577657,732,France,Male,41,8,0,2,1,1,170886.17,0,0.0591204816117762
15597945,636,Spain,Female,32,8,0,2,1,0,138555.46,0,0.149351494822552
15699309,510,Spain,Female,38,4,0,1,1,0,118913.53,1,0.251571537889577
15725737,669,France,Male,46,3,0,2,0,1,8487.75,0,0.0867778444407551
15625047,846,France,Female,38,5,0,1,1,1,187616.16,0,0.0840959366995146
15738191,577,France,Male,25,3,0,2,0,1,124508.29,0,0.0226106604367326
15736816,756,Germany,Male,36,2,136815.64,1,1,1,170041.95,0,0.13503984286581
15700772,571,France,Male,44,9,0,2,0,0,38433.35,0,0.192597199294983
15728693,574,Germany,Female,43,3,141349.43,1,1,1,100187.43,0,0.32426496455264
15656300,411,France,Male,29,0,59697.17,2,1,1,53483.21,0,0.0384752062056391
15589475,591,Spain,Female,39,3,0,3,1,0,140469.38,1,0.228164507192419
15706552,533,France,Male,36,7,85311.7,1,0,1,156731.91,0,0.0658876506612363
15750181,553,Germany,Male,41,9,110112.54,2,0,0,81898.81,0,0.361942568178654
15659428,520,Spain,Female,42,6,0,2,1,1,34410.55,0,0.114516633340763
15732963,722,Spain,Female,29,9,0,2,1,1,142033.07,0,0.0414662618472613
15794171,475,France,Female,45,0,134264.04,1,1,0,27822.99,1,0.439082914727214
15788448,490,Spain,Male,31,3,145260.23,1,0,1,114066.77,0,0.0588586214495701
15729599,804,Spain,Male,33,7,76548.6,1,0,1,98453.45,0,0.044250438589671
15717426,850,France,Male,36,7,0,1,1,1,40812.9,0,0.0394674013596427
15585768,582,Germany,Male,41,6,70349.48,2,0,1,178074.04,0,0.164035112875804
15619360,472,Spain,Male,40,4,0,1,1,0,70154.22,0,0.189916152381641
15738148,465,France,Female,51,8,122522.32,1,0,0,181297.65,1,0.543376160911575
15687946,556,France,Female,61,2,117419.35,1,1,1,94153.83,0,0.443465052256187
15755196,834,France,Female,49,2,131394.56,1,0,0,194365.76,1,0.476005098546574
15684171,660,Spain,Female,61,5,155931.11,1,1,1,158338.39,0,0.45613983390168
15754849,776,Germany,Female,32,4,109421.13,2,1,1,126517.46,0,0.134222356004538
15602280,829,Germany,Female,27,9,112045.67,1,1,1,119708.21,1,0.0999152047766739
15771573,637,Germany,Female,39,9,137843.8,1,1,1,117622.8,1,0.235912307584892
15766205,550,Germany,Male,38,2,103391.38,1,0,1,90878.13,0,0.159383773075292
15771873,776,Germany,Female,37,2,103769.22,2,1,0,194099.12,0,0.406252841668133
15616550,698,Germany,Male,44,10,116363.37,2,1,0,198059.16,0,0.401519194261904
15768193,585,Germany,Male,36,5,146050.97,2,0,0,86424.57,0,0.310922269802654
15683553,788,France,Female,33,5,0,2,0,0,116978.19,0,0.148980307678043
15702298,655,Germany,Male,41,8,125561.97,1,0,0,164040.94,1,0.395432218212542
15569590,601,Germany,Male,42,1,98495.72,1,1,0,40014.76,1,0.414379742888909
15760861,619,France,Male,43,1,125211.92,1,1,1,113410.49,0,0.11107667799578
15630053,656,France,Male,45,5,127864.4,1,1,0,87107.57,0,0.285179053149898
15647091,725,Germany,Male,19,0,75888.2,1,0,0,45613.75,0,0.107499403062134
15623944,511,Spain,Female,66,4,0,1,1,0,1643.11,1,0.712629813068719
15804771,614,France,Male,51,4,40685.92,1,1,1,46775.28,0,0.140765911548152
15651280,742,Germany,Male,35,5,136857,1,0,0,84509.57,0,0.296034238134833
15773469,687,Germany,Female,27,9,152328.88,2,0,0,126494.82,0,0.265155988852924
15702014,555,Spain,Male,33,1,56084.69,2,0,0,178798.13,0,0.136584967645823
15751208,684,Spain,Male,56,8,78707.16,1,1,1,99398.36,0,0.200800567308416
15592461,603,Germany,Male,26,4,109166.37,1,1,1,92840.67,0,0.0700003402574706
15789484,751,Germany,Female,36,6,169831.46,2,1,1,27758.36,0,0.184412416823994
15696061,581,Germany,Female,34,1,101633.04,1,1,0,110431.51,0,0.406915384327309
15641582,735,Germany,Male,43,10,123180.01,2,1,1,196673.28,0,0.173446961209461
15638424,661,Germany,Female,35,5,150725.53,2,0,1,113656.85,0,0.196754043007849
15755648,675,France,Female,21,8,98373.26,1,1,0,18203,0,0.0878212808183519
15703793,738,Germany,Male,58,2,133745.44,4,1,0,28373.86,1,0.612624397953135
15620344,813,France,Male,29,6,0,1,1,0,33953.87,0,0.0715808761502303
15812518,657,Spain,Female,37,0,163607.18,1,0,1,44203.55,0,0.134424791436064
15779052,604,Germany,Female,25,5,157780.84,2,1,1,58426.81,0,0.10094267999392
15770811,519,France,Male,36,9,0,2,0,1,145562.4,0,0.0464270810872251
15780961,735,France,Female,21,1,178718.19,2,1,0,22388,0,0.103127377565642
15614049,664,France,Male,55,8,0,2,1,1,139161.64,0,0.150742938474391
15662085,678,France,Female,32,9,0,1,1,1,148210.64,0,0.0570401563547536
15575185,757,Spain,Male,33,5,77253.22,1,0,1,194239.63,0,0.0511551487396032
15803136,416,Germany,Female,41,10,122189.66,2,1,0,98301.61,0,0.504222099786324
15706021,665,France,Female,34,1,96645.54,2,0,0,171413.66,0,0.222845669293099
15663706,777,France,Female,32,2,0,1,1,0,136458.19,1,0.15581740259532
15641732,543,France,Female,36,3,0,2,0,0,26019.59,0,0.203860189850229
15701164,506,France,Female,34,4,90307.62,1,1,1,159235.29,0,0.0968677044401837
15738751,493,France,Female,46,4,0,2,1,0,1907.66,0,0.331662286200692
15805254,652,Spain,Female,75,10,0,2,1,1,114675.75,0,0.550581734983432
15762418,750,Spain,Male,22,3,121681.82,1,1,0,128643.35,1,0.0679966125674965
15625759,729,France,Male,30,9,0,2,1,0,151869.35,0,0.0739528731622509
15622897,646,France,Female,46,4,0,3,1,0,93251.42,1,0.303830615774769
15767954,635,Germany,Female,28,3,81623.67,2,1,1,156791.36,0,0.108424769657462
15757535,647,Spain,Female,44,5,0,3,1,1,174205.22,1,0.116316065302085
15731511,808,France,Male,45,7,118626.55,2,1,0,147132.46,0,0.235894405869035
15809248,524,France,Female,36,10,0,2,1,0,109614.57,0,0.180805140360658
15640635,769,France,Male,29,8,0,2,1,1,172290.61,0,0.024592490538093
15676966,730,Spain,Male,42,4,0,2,0,1,85982.47,0,0.0681387889872343
15699461,515,Spain,Male,35,10,176273.95,1,0,1,121277.78,0,0.0757618634485953
15738721,773,Spain,Male,41,9,102827.44,1,0,1,64595.25,0,0.0792970611305505
15693683,814,Germany,Male,29,8,97086.4,2,1,1,197276.13,0,0.0640360127574945
15604348,710,Spain,Male,22,8,0,2,0,0,99645.04,0,0.0465510807008017
15633059,413,France,Male,34,9,0,2,0,0,6534.18,0,0.113764042283106
15808582,665,France,Female,40,6,0,1,1,1,161848.03,0,0.099870650435968
15743192,623,France,Female,44,6,0,2,0,0,167162.43,0,0.301516160535417
15580146,738,France,Male,31,9,82674.15,1,1,0,41970.72,0,0.101253840635271
15776605,528,Spain,Male,36,7,0,2,1,0,60536.56,0,0.121954031125743
15804919,670,Spain,Female,65,1,0,1,1,1,177655.68,1,0.435332795963389
15613854,622,Spain,Female,46,4,107073.27,2,1,1,30984.59,1,0.182650537767267
15599195,582,Germany,Male,32,1,88938.62,1,1,1,10054.53,0,0.101245407515892
15812878,785,Germany,Female,36,2,99806.85,1,0,1,36976.52,0,0.184784434049128
15602312,605,Spain,Male,33,5,150092.8,1,0,0,71862.79,0,0.16541751344904
15744689,479,Germany,Male,35,9,92833.89,1,1,0,99449.86,1,0.282145281676992
15803526,685,Germany,Male,30,3,90536.81,1,0,1,63082.88,0,0.0825905818477797
15665790,538,Germany,Male,39,7,108055.1,2,1,0,27231.26,0,0.326121138483699
15715951,562,France,Male,42,2,100238.35,1,0,0,86797.41,0,0.254237723360922
15591100,675,Spain,Male,36,9,106190.55,1,0,1,22994.32,0,0.061641123740145
15609618,721,Germany,Male,28,9,154475.54,2,0,1,101300.94,1,0.0733201245876483
15675522,628,Germany,Female,30,9,132351.29,2,1,1,74169.13,0,0.126166432888978
15705512,668,Germany,Female,37,6,167864.4,1,1,0,115638.29,0,0.469450857221406
15698028,506,France,Female,41,1,0,2,1,0,31766.3,0,0.268998356429245
15661670,524,Germany,Female,31,8,107818.63,1,1,0,199725.39,1,0.354253064491264
15600781,699,Germany,Male,34,4,185173.81,2,1,0,120834.48,0,0.292504000030638
15682472,828,France,Male,34,8,129433.34,2,0,0,38131.77,0,0.122333006926518
15580203,674,Spain,Male,39,6,120193.42,1,0,0,100130.95,0,0.213620417494886
15690673,656,France,Female,39,6,0,2,1,0,141069.88,0,0.219222912340271
15760085,684,Germany,Female,48,10,126384.42,1,1,1,198129.36,0,0.364445986317174
15779659,625,France,Female,28,3,0,1,0,0,183646.41,0,0.135026262398916
15627360,432,France,Male,42,9,152603.45,1,1,0,110265.24,1,0.273908007006061
15671137,549,France,Female,52,1,0,1,0,1,8636.05,1,0.238447422559784
15782688,625,Germany,Male,56,0,148507.24,1,1,0,46824.08,1,0.679418961268392
15575492,828,France,Female,41,7,0,2,1,0,171378.77,0,0.229630792908561
15591607,770,France,Male,24,9,101827.07,1,1,0,167256.35,0,0.0687800835353212
15740404,758,France,Female,34,3,0,2,1,1,124226.16,0,0.0600572877615088
15718369,795,Germany,Female,33,9,130862.43,1,1,1,114935.21,0,0.151548441264227
15677871,687,France,Male,38,9,122570.87,1,1,1,35608.88,0,0.066625415313149
15642004,686,France,Male,25,1,0,2,0,1,16459.37,0,0.0211610052364094
15712543,789,Germany,Male,39,7,124828.46,2,1,1,124411.08,0,0.131292252722622
15584518,589,Germany,Female,50,5,144895.05,2,1,1,34941.23,0,0.412670463804275
15802381,461,Germany,Female,34,5,63663.93,1,0,1,167784.28,0,0.183811947879385
15610156,637,France,Male,40,2,133463.1,1,0,1,93165.34,0,0.0971915119470214
15594408,584,Spain,Female,48,2,213146.2,1,1,0,75161.25,1,0.546539025808746
15640905,579,Spain,Female,35,1,129490.36,2,0,1,8590.83,1,0.105733325924536
15698932,756,Germany,Male,44,10,137452.09,1,1,0,189543.9,0,0.423892600181276
15724944,663,France,Male,34,7,0,2,1,1,180427.24,0,0.0373854057013376
15628145,682,France,Female,43,5,125851.93,1,1,1,193318.33,0,0.170500634138485
15713483,793,Spain,Male,52,2,0,1,1,0,159123.82,1,0.322721765773243
15612350,691,France,Female,31,5,40915.55,1,1,0,126213.84,1,0.162872781400453
15800703,485,Spain,Female,21,5,113157.22,1,1,1,54141.5,0,0.0406267195565345
15705707,635,Spain,Female,29,8,138296.94,2,1,0,141075.51,0,0.16513500228596
15754105,650,France,Male,37,5,106967.18,1,0,0,24495.03,0,0.172362190123562
15703264,735,France,Male,44,9,120681.63,1,1,0,74836.34,0,0.240047847125425
15794413,416,France,Male,32,0,0,2,0,1,878.87,0,0.0400458986409952
15650237,754,Spain,Female,32,7,0,2,1,0,89520.75,0,0.137071346284832
15759618,535,France,Female,48,9,0,1,1,0,149892.79,1,0.37855199950174
15811589,716,Spain,Male,42,8,0,2,1,0,180800.42,0,0.163853178312161
15689044,539,France,Male,37,2,127609.59,1,1,0,98646.22,0,0.200165368315956
15709368,614,France,Female,43,6,0,2,1,1,109041.53,0,0.114320819875469
15679145,706,Spain,Male,57,7,0,1,1,0,17941.16,1,0.387156528467155
15655007,758,France,Female,33,7,0,2,0,0,82996.47,0,0.146333410082417
15623595,586,Spain,Female,28,2,0,2,1,1,92067.35,0,0.047154013129102
15589975,646,France,Female,73,6,97259.25,1,0,1,104719.66,0,0.632979269945511
15804017,631,Germany,Female,33,4,123246.7,1,0,0,112687.57,0,0.388036369024933
15692132,717,Spain,Female,22,6,101060.25,1,0,1,84699.56,0,0.0390707616981028
15641122,684,France,Male,30,2,0,2,1,0,83473.82,0,0.0814632769920862
15630910,800,France,Female,49,7,108007.36,1,0,0,47125.11,0,0.436892093170597
15680772,721,Spain,Female,36,2,0,2,1,1,106977.8,0,0.0743306646746611
15658929,683,Spain,Male,29,0,133702.89,1,1,0,55582.54,1,0.11996311612271
15585388,660,Germany,Male,31,9,125189.75,2,1,1,139874.43,0,0.0850542660144504
15724623,704,Germany,Female,24,7,113034.22,1,1,0,162503.48,1,0.225440384873566
15588537,615,Spain,Female,41,9,109013.23,1,1,0,196499.96,0,0.338807209201548
15574692,667,Spain,Female,39,2,0,2,1,0,40721.24,1,0.232086671993408
15611325,682,Germany,Male,24,9,57929.81,2,0,0,53134.3,0,0.118794996705327
15587562,484,France,Female,29,4,130114.39,1,1,0,164017.89,0,0.202776088415546
15613172,628,Germany,Male,27,5,95826.49,2,1,0,155996.96,0,0.170479464674812
15651022,480,Germany,Male,44,10,129608.57,1,1,0,5472.7,1,0.44514973937878
15586310,578,France,Male,30,4,169462.09,1,1,0,112187.11,0,0.140798547721215
15625524,512,France,Male,40,5,0,2,1,1,146457.83,0,0.0647810248454648
15755209,484,Spain,Female,35,7,133868.21,1,1,1,27286.1,0,0.107004056624567
15645248,510,France,Female,30,0,0,2,1,1,130553.47,0,0.0573210861603393
15790355,606,Germany,Male,36,5,190479.48,2,0,0,179351.89,0,0.342163123947506
15762615,597,Spain,Female,40,8,101993.12,1,0,1,94774.12,0,0.135076855945216
15625426,754,Germany,Female,55,3,161608.81,1,1,0,8080.85,1,0.755799892357695
15716334,850,Spain,Female,45,2,122311.21,1,1,1,19482.5,0,0.170478559745939
15789669,510,France,Male,65,2,0,2,1,1,48071.61,0,0.290446401722364
15621075,778,Germany,Female,45,1,162150.42,2,1,0,174531.27,0,0.59884952705153
15810845,636,France,Male,42,2,0,2,1,1,55470.78,0,0.0658821695388074
15719377,804,France,Female,50,4,0,1,1,1,8546.87,1,0.170375362341744
15654506,514,France,Male,32,8,0,2,1,0,95857.18,0,0.0947022266670914
15771977,730,France,Female,39,1,99010.67,1,1,0,194945.8,0,0.294644532074968
15708710,525,Spain,Female,37,0,0,1,0,1,131521.72,0,0.105726360336327
15726676,616,Spain,Male,30,5,0,2,0,1,196108.51,0,0.0326730446404597
15587421,687,Germany,Female,34,7,111388.18,2,1,0,148564.76,0,0.360772566984802
15726931,715,France,Female,41,8,56214.85,2,0,0,92982.61,1,0.262032556929268
15771086,512,France,Female,36,3,84327.77,2,1,0,17675.36,0,0.230842084899988
15756850,479,France,Male,40,1,0,2,0,0,114996.43,0,0.180602224525096
15702741,601,France,Male,32,8,93012.89,1,1,0,86957.42,0,0.120622830021754
15679200,580,Spain,Male,29,9,61710.44,2,1,0,128077.8,0,0.0887421035027565
15594815,807,France,Male,35,3,174790.15,1,1,1,600.36,0,0.063000193316813
15635905,616,Spain,Female,32,6,0,2,1,1,43001.46,0,0.0559225705013848
15777892,721,Germany,Male,37,3,107720.64,1,1,1,158591.12,0,0.133545153161463
15656176,501,France,Male,57,10,0,2,1,1,47847.19,0,0.173338044251459
15811127,521,France,Male,35,6,96423.84,1,1,0,10488.44,0,0.14935612550367
15604482,850,Spain,Male,30,2,141040.01,1,1,1,5978.2,0,0.0419116156051393
15622911,759,France,Male,42,4,105420.18,1,0,1,121409.06,0,0.0944810029033605
15600974,516,Spain,Male,50,5,0,1,0,1,146145.93,1,0.147182716539217
15727868,711,France,Female,38,2,129022.06,2,1,1,14374.86,1,0.106888152332687
15627801,512,Spain,Male,33,3,176666.62,1,1,0,94670.77,0,0.183044787206066
15773039,550,France,Male,37,3,0,1,1,1,179670.31,0,0.057184348488278
15755262,608,Spain,Female,41,3,89763.84,1,0,0,199304.74,1,0.350855663750706
15679531,618,France,Male,34,5,134954.53,1,1,1,151954.39,0,0.06111234765387
15684181,643,France,Male,45,5,0,1,1,0,142513.5,1,0.225494276205426
15612087,671,France,Male,45,2,106376.85,1,0,1,158264.62,0,0.126967679443772
15752047,689,Germany,Male,33,2,161814.64,2,1,0,169381.9,0,0.269942248657424
15624592,603,France,Male,31,8,0,2,1,1,169915.02,0,0.0316360349421106
15573152,620,France,Female,41,9,0,2,0,0,88852.47,0,0.250186035395602
15594917,676,France,Female,34,1,63095.01,1,1,1,40645.81,0,0.0832532719295574
15785542,572,Germany,Male,26,4,118287.01,2,0,0,60427.3,0,0.16958741216229
15723488,668,Germany,Male,47,7,106854.21,1,0,1,157959.02,1,0.247099877475816
15680920,695,France,Male,46,7,49512.55,1,1,0,133007.34,0,0.249477407902751
15786308,730,Spain,Female,33,9,0,2,0,0,176576.62,0,0.150459034246525
15659366,807,France,Male,43,1,105799.32,2,1,0,34888.04,1,0.215302826193397
15774854,592,France,Male,54,8,0,1,1,1,28737.71,1,0.148287457950763
15725311,726,France,Female,31,9,114722.05,2,1,1,98178.57,0,0.0600661098223341
15787155,514,Spain,Male,30,7,0,1,0,1,125010.24,0,0.0355308529250281
15727829,567,France,Male,42,2,0,2,1,1,167984.61,0,0.0738255892442336
15733247,850,France,Male,33,10,0,1,1,0,4861.72,1,0.0828480801803906
15568748,671,Germany,Male,45,6,99564.22,1,1,1,108872.45,1,0.215251150439804
15699029,670,France,Male,37,4,170557.91,2,1,0,198252.88,0,0.190438395141813
15774393,694,France,Female,30,9,0,2,1,1,26960.31,0,0.0410524232577982
15676895,547,Germany,Female,39,6,74596.15,3,1,1,85746.52,1,0.193610640498843
15637753,751,Germany,Male,50,2,96888.39,1,1,0,77206.25,1,0.528927433956814
15605461,594,Germany,Female,29,3,130830.22,1,1,0,61048.53,0,0.330840221709102
15808473,673,France,Male,72,1,0,2,0,1,111981.19,0,0.400106287538472
15627000,610,France,Male,40,0,0,2,1,0,62232.6,0,0.165111674759369
15787174,512,France,Female,37,1,0,2,0,1,156105.03,0,0.0921559250284048
15723886,767,Germany,Male,20,3,119714.25,2,0,1,150135.38,0,0.0410572017079039
15704769,585,France,Female,67,5,113978.97,2,0,1,93146.11,0,0.518060982625357
15772896,763,Germany,Male,42,6,100160.75,1,1,0,33462.94,1,0.357526058617064
15711540,712,France,Female,29,2,0,1,1,1,144375,0,0.0497917823655028
15764866,539,Germany,Female,43,3,116220.5,3,1,0,55803.96,1,0.516232734137605
15794056,668,France,Female,46,2,0,3,1,0,89048.46,1,0.297598338821071
15795149,703,France,Male,28,2,81173.83,2,0,1,162812.16,0,0.0323239639989514
15812009,662,Spain,Male,38,4,0,2,1,0,136259.65,0,0.13676745496906
15651001,725,Germany,Female,39,5,116803.8,1,1,0,124052.97,0,0.471338550001502
15813844,703,France,Male,37,8,105961.68,2,0,1,74158.8,0,0.056071966184012
15596175,659,Germany,Male,67,6,117411.6,1,1,1,45071.09,1,0.580078092701493
15576269,523,Spain,Male,34,7,0,2,1,0,62030.06,0,0.112765080605014
15797219,635,France,Female,40,10,123497.58,1,1,0,131953.23,1,0.298626958428148
15685500,772,Germany,Male,26,7,152400.51,2,1,0,79414,0,0.155739602010251
15599792,545,France,Female,26,1,0,2,1,1,199638.56,0,0.0437380745892057
15657566,634,Germany,Male,24,8,103097.85,1,1,1,157577.29,0,0.0563325272664046
15772423,739,Germany,Male,54,8,126418.14,1,1,0,134420.75,1,0.595964597911903
15628112,771,Germany,Female,36,5,77846.9,1,0,0,99805.99,0,0.395045787721867
15753754,587,Spain,Female,34,1,0,2,1,1,97932.68,0,0.0700638528255695
15793726,681,France,Female,79,0,0,2,0,1,170968.99,0,0.662761950710359
15694717,544,Germany,Male,37,2,79731.91,1,1,1,57558.95,0,0.137427903398325
15665834,696,Spain,Male,28,8,0,1,0,0,176713.47,0,0.0793386977047359
15765297,766,Spain,Male,41,0,0,2,0,1,34283.23,0,0.0631757186125265
15636684,727,France,Male,34,10,0,2,1,1,198637.34,0,0.0353306975134403
15592979,671,Germany,Female,34,6,37266.67,2,0,0,156917.12,0,0.333575199357567
15750803,693,France,Female,30,6,127992.25,1,1,1,50457.2,0,0.0661910792096316
15607178,850,Germany,Male,38,3,54901.01,1,1,1,140075.55,0,0.120652945119104
15713853,732,Germany,Male,42,9,108748.08,2,1,1,65323.11,0,0.149721821956267
15673481,726,Spain,Female,48,6,99906.19,1,1,0,64323.24,0,0.426565250244596
15686776,557,France,Female,32,6,184686.41,2,1,0,14956.44,0,0.216249613038907
15673693,682,France,Female,26,0,110654.02,1,0,1,111879.21,0,0.0581907874683618
15700696,738,Spain,Male,31,9,79019.8,1,1,1,18606.23,0,0.0363883927103195
15813163,531,Spain,Female,36,9,99240.51,1,1,0,123137.01,0,0.250380851079884
15653857,498,France,Male,34,2,0,2,1,1,148528.24,0,0.044995094826416
15777076,651,France,Male,36,7,0,2,1,0,13898.31,0,0.107755644697478
15717398,549,Spain,Female,39,7,0,1,0,0,81259.25,1,0.255607792340022
15799217,791,Germany,Female,35,7,52436.2,1,1,0,161051.75,0,0.338056323205092
15787071,650,Spain,Male,41,9,0,2,0,1,191599.67,0,0.0633983315271099
15619955,733,Germany,Male,34,3,100337.96,3,1,0,48559.19,1,0.221935012583143
15796505,811,Germany,Female,34,1,149297.19,2,1,1,186339.74,0,0.172075878172688
15725166,707,France,Male,30,8,0,2,1,0,33159.37,0,0.0704011394770407
15800116,712,Germany,Male,28,4,145605.44,1,0,1,93883.53,0,0.0811808007600609
15758685,706,Spain,Female,37,7,0,2,1,1,110899.3,0,0.0732418438727813
15694456,756,France,Male,62,3,0,1,1,1,11199.04,1,0.23453204990963
15767339,777,France,Female,53,10,0,2,1,0,189992.97,0,0.402951314916912
15683562,646,France,Male,35,6,84026.86,1,0,1,164255.69,0,0.058561810200243
15782210,714,France,Male,46,1,0,1,1,0,152167.79,1,0.237665257293649
15668893,782,France,Male,39,8,0,2,1,1,33949.67,0,0.0458078364393254
15669169,775,Spain,Male,29,10,0,2,1,1,68143.93,0,0.0232175124692059
15643024,479,Germany,Male,35,4,138718.92,1,1,1,47251.79,1,0.140971388190461
15699389,807,France,Male,42,7,118274.71,1,1,1,25885.72,0,0.0817784447672755
15708608,799,France,Female,22,8,174185.98,2,0,1,192633.85,0,0.0397270346009897
15626144,675,France,Male,40,7,113208.86,2,1,0,34577.36,0,0.183697020595455
15573112,602,Spain,Male,29,5,103907.28,1,1,0,161229.84,0,0.116762064473206
15790678,475,France,Female,32,8,119023.28,1,1,0,100816.29,0,0.210461587840226
15727556,744,Spain,Female,26,5,166297.89,1,1,1,181694.44,0,0.0600916719371875
15697307,588,Spain,Male,34,10,0,2,1,0,79078.91,0,0.101772176579981
15652266,703,Germany,Male,42,9,63227,1,0,1,137316.32,0,0.162579574481951
15607098,747,Spain,Female,41,5,94521.17,2,1,0,194926.86,0,0.30205528438136
15655774,583,France,Male,27,7,0,2,1,0,51285.49,0,0.0645824706737203
15590241,750,Spain,Female,34,9,112822.26,1,0,0,150401.53,1,0.225351497188252
15785819,681,France,Male,38,3,0,2,1,1,112491.96,0,0.0495301628632937
15723654,773,France,Male,25,2,135903.33,1,1,0,73656.38,0,0.0821697227184236
15774510,714,France,Female,31,4,125169.26,1,1,1,106636.89,0,0.0729414444555205
15684173,687,Spain,Female,44,7,0,3,1,0,155853.52,1,0.268835917755397
15650068,511,France,Male,58,0,149117.31,1,1,1,162599.51,0,0.31321407044219
15811490,627,France,Male,33,5,0,2,1,1,103737.82,0,0.0347224452646449
15803976,694,France,Female,31,10,0,2,1,0,160990.27,0,0.123309284918112
15682541,616,Spain,Female,36,6,132311.71,1,0,0,15462.84,0,0.270824834487986
15695699,687,France,Male,35,8,0,2,1,0,10334.05,0,0.0991286925692606
15624188,712,France,Female,33,6,0,2,1,1,190686.16,0,0.0585325079937247
15812191,553,France,Male,33,4,118082.89,1,0,0,94440.45,0,0.15042051761632
15636673,667,France,Male,31,1,119266.69,1,1,1,28257.63,0,0.0470319304192873
15594898,731,France,Male,43,2,0,1,1,1,170034.95,1,0.0810098806351146
15660211,629,Germany,Male,35,7,156847.29,2,1,0,31824.29,0,0.279839584964148
15773972,614,France,Male,50,4,137104.47,1,1,0,127166.49,1,0.376276874256328
15746726,438,Germany,Male,31,8,78398.69,1,1,0,44937.01,0,0.223331527930364
15712287,652,France,Female,80,4,0,2,1,1,188603.07,0,0.665500633941807
15702919,729,Germany,Male,30,6,63669.42,1,1,0,145111.37,0,0.188535847895036
15674398,642,France,Male,38,3,0,2,0,0,171463.83,0,0.148137768270771
15797960,806,Germany,Female,59,0,135296.33,1,1,0,182822.5,0,0.802868193898648
15631868,744,Spain,Male,36,2,153804.44,1,1,1,87213.33,0,0.0719824535332965
15581539,474,Spain,Male,37,3,0,2,0,0,57175.32,0,0.153681600888071
15662736,559,France,Male,49,2,147069.78,1,1,0,120540.83,1,0.3876497702354
15666252,706,Spain,Male,42,9,0,2,1,1,28714.34,0,0.0600665969058722
15677512,628,Spain,Female,22,3,0,1,1,0,85426.28,0,0.088918130660218
15626114,429,France,Male,24,4,95741.75,1,1,0,46170.75,0,0.084544862325065
15810834,525,Spain,Female,57,2,145965.33,1,1,1,64448.36,0,0.393209469214142
15678910,680,France,Female,30,8,141441.75,1,1,1,16278.97,0,0.067081340810156
15694408,749,France,Male,40,1,139290.41,1,1,0,182855.42,1,0.227792755319285
15585215,763,France,Female,31,4,0,2,0,0,50404.72,0,0.134486814601264
15682757,734,France,Male,30,3,0,2,1,0,107640.25,0,0.0779040469933643
15736601,716,France,Male,35,4,144428.87,1,1,0,134132.65,0,0.163598057014484
15601848,594,France,Male,35,2,0,2,1,0,103480.69,0,0.12142204400947
15736008,644,France,Female,46,9,95441.27,1,1,0,108761.05,1,0.383087039403108
15669064,671,Germany,Male,35,1,144848.74,1,1,1,179012.3,0,0.140167042297491
15624528,664,Germany,Male,26,7,116244.14,2,1,1,95145.14,0,0.0592263903116413
15598493,656,France,Male,50,7,0,2,0,1,72143.44,0,0.113666729896296
15601274,667,Spain,Female,40,1,146502.07,1,1,0,19162.89,0,0.345554641456152
15702669,663,Germany,Male,44,2,117028.6,2,0,1,144680.18,0,0.210090836917869
15728669,584,Germany,Female,30,8,112013.81,1,1,0,177772.03,1,0.325125851123754
15742668,626,Spain,Female,37,6,108269.37,1,1,0,5597.94,0,0.258483315993146
15697441,485,France,Male,29,7,182123.79,1,1,0,116828.51,1,0.134572194688185
15740476,659,Germany,Female,32,3,150923.74,2,0,1,174652.51,0,0.169636678073587
15648064,649,France,Male,33,2,0,2,1,0,2010.98,0,0.097748330255711
15636624,805,Spain,Female,39,5,165272.13,1,1,0,14109.85,1,0.303702014428709
15807923,716,Germany,Female,39,10,115301.31,1,1,0,43527.4,1,0.432143685792914
15745844,642,Germany,Female,40,6,129502.49,2,0,1,86099.23,1,0.241609126869688
15786170,659,France,Male,31,4,118342.26,1,0,0,161574.19,0,0.12928693289961
15681081,545,Spain,Female,47,5,0,2,1,1,38970.14,0,0.156312740657091
15684484,543,France,Male,22,8,0,2,0,0,127587.22,0,0.0496945884927491
15785869,718,France,Female,25,7,0,2,1,0,30380.12,0,0.0813348019524626
15763859,840,France,Female,43,7,0,2,1,0,90908.95,0,0.23839694080346
15658935,630,Germany,Female,34,9,106937.05,2,1,0,138275.01,0,0.353986983369626
15747358,643,Germany,Male,59,3,170331.37,1,1,1,32171.79,0,0.473337102337479
15735203,654,Germany,Female,32,1,114510.85,1,1,1,126143.23,0,0.16587353603882
15576256,582,France,Male,39,5,0,2,1,1,129892.93,0,0.0581829236464189
15659420,659,Spain,Male,32,3,107594.11,2,1,1,102416.84,0,0.046106958720029
15593365,762,Spain,Male,39,2,81273.13,1,1,1,18719.67,0,0.0714675386870774
15777352,568,Spain,Female,32,7,169399.6,1,1,0,61936.22,0,0.228671827808547
15812007,670,Spain,Male,25,6,0,2,1,1,78358.94,0,0.0192879294916751
15625461,613,France,Female,45,1,187841.99,2,1,1,147224.27,0,0.216449325021785
15739438,539,France,Male,30,0,0,2,1,0,160979.66,0,0.0926064162040027
15611759,850,Spain,Female,57,8,126776.3,2,1,1,132298.49,0,0.307254876729932
15661629,522,Spain,Male,34,9,126436.29,1,1,0,174248.52,1,0.16406452711551
15633950,737,France,Male,41,1,101960.74,1,1,1,123547.28,0,0.0889319276607158
15592386,520,France,Male,58,3,0,2,0,1,32790.02,0,0.208355375501673
15803716,706,Spain,Male,28,3,0,2,0,1,181543.67,0,0.0268919036184578
15696674,643,Germany,Female,45,2,150842.93,1,0,1,2319.96,1,0.357278186823881
15706365,648,France,Female,50,9,102535.57,1,1,1,189543.19,0,0.231802905739486
15745088,443,Germany,Female,29,9,99027.61,2,1,0,10940.4,0,0.279728967326432
15676715,640,France,Male,68,9,0,2,1,1,199493.38,0,0.316344443346103
15613085,628,Spain,Female,33,3,0,1,1,1,188193.25,0,0.0733898228332364
15633537,540,Germany,Female,42,9,87271.41,2,1,0,172572.64,0,0.502940396315429
15594720,460,Germany,Female,35,8,102742.91,2,1,1,189339.6,0,0.190848901649831
15684042,636,Germany,Male,34,2,40105.51,2,0,1,53512.16,0,0.093190378125059
15583303,593,France,Female,29,2,152265.43,1,1,0,34004.44,0,0.195710628252705
15611579,801,Spain,Male,42,4,141947.67,1,1,1,10598.29,0,0.0950618741057865
15774696,640,Germany,Female,75,1,106307.91,2,0,1,113428.77,0,0.806504807524048
15694506,611,Germany,Male,31,0,107884.81,2,1,1,183487.98,0,0.0951928991538446
15688074,802,Germany,Male,31,1,125013.72,1,1,1,187658.09,0,0.0957779397865965
15759537,717,Germany,Male,35,7,58469.37,2,1,1,172459.39,0,0.0914477731217739
15758449,769,France,Female,39,8,0,1,0,1,21016,0,0.0845393708798088
15583456,745,Germany,Male,45,10,117231.63,3,1,1,122381.02,1,0.17360267109582
15667871,572,Spain,Male,35,4,152390.26,1,1,0,128123.66,0,0.187771696484915
15677371,629,Spain,Female,30,2,34013.63,1,1,0,19570.63,0,0.158125577670573
15629677,687,Spain,Female,39,2,0,3,0,0,188150.6,1,0.229980897287767
15713578,483,France,Female,50,9,0,2,1,1,111020.24,0,0.182543440133317
15591509,690,France,Male,36,7,101583.11,2,1,0,123775.15,0,0.145470491851424
15568240,492,Germany,Female,30,10,77168.87,2,0,1,146700.22,0,0.130470135662412
15622993,709,Germany,Male,28,8,124695.72,2,1,0,145251.35,0,0.176044379066433
15689294,705,Germany,Male,44,3,105934.96,1,1,0,82463.69,0,0.427256371604797
15720910,560,France,Female,66,9,0,1,1,1,15928.49,0,0.417326312526474
15721181,611,Spain,Male,46,6,0,2,1,0,45886.33,0,0.217777143747342
15776433,730,Spain,Male,62,2,0,2,1,1,186489.95,0,0.240087797330254
15748936,709,Spain,Female,45,2,0,2,0,1,162922.65,0,0.141290570988987
15717225,544,France,Female,21,10,161525.96,2,1,0,9262.77,0,0.098439812823887
15685226,712,Germany,Female,29,7,147199.07,1,1,1,84932.4,0,0.131365240738713
15785611,752,Germany,Male,38,3,183102.29,1,1,1,71557.12,0,0.159242510885815
15573456,648,Spain,Male,46,9,127209,2,1,0,77405.95,1,0.276349494793462
15684548,556,Spain,Male,38,8,0,2,0,0,417.41,1,0.139121250148513
15620505,594,Spain,Female,24,0,97378.54,1,1,1,71405.17,0,0.0510760729146021
15807432,645,Germany,Female,37,2,136925.09,2,0,1,153400.24,0,0.220289412241122
15584766,557,France,Male,33,3,54503.55,1,1,1,371.05,0,0.0477748217182236
15612187,547,Germany,Male,32,8,155726.85,1,1,0,67789.99,0,0.269647818574121
15762218,701,France,Female,39,9,0,2,0,1,145894.9,0,0.0835861153265659
15646372,616,France,Female,66,1,135842.41,1,1,0,183840.51,1,0.784316577479313
15690452,605,France,Male,52,1,63349.75,1,1,0,108887.44,0,0.38064166158793
15747795,593,Germany,Female,38,4,129499.42,1,1,1,154071.27,0,0.242951266821273
15781589,751,Spain,Male,52,8,0,2,0,1,179291.85,0,0.124696281182316
15732674,443,Spain,Male,36,6,70438.01,2,0,1,56937.43,0,0.0608688564469928
15642291,685,France,Male,23,8,0,2,1,1,112239.03,0,0.0164579428552912
15692761,718,France,Male,36,9,0,1,1,0,45909.87,0,0.113892402166487
15578045,538,Spain,Female,49,9,141434.04,1,0,0,173779.25,1,0.521768627657508
15745354,611,Spain,Female,37,4,0,2,1,0,125696.26,0,0.207453941875473
15701376,668,Germany,Male,37,10,152958.29,2,1,1,159585.61,0,0.129153937517839
15691625,537,Germany,Female,41,3,138306.34,1,1,0,106761.47,0,0.556126016420859
15566594,709,Spain,Male,23,10,0,2,0,0,129590.18,0,0.049560552702162
15760431,850,France,Male,38,1,0,2,1,1,80006.65,0,0.0454758821069023
15686302,745,Spain,Female,31,3,124328.84,1,1,1,140451.52,0,0.077664784854665
15801559,693,Germany,Female,41,9,181461.48,3,1,1,187929.43,1,0.244407221439307
15810432,795,Spain,Male,35,8,0,2,1,0,167155.36,0,0.0999450735620038
15809616,626,Spain,Male,26,8,0,2,0,0,191420.71,0,0.0640386074679673
15720559,487,Germany,Female,61,5,110368.03,1,0,0,11384.45,1,0.831941949825379
15695632,556,France,Female,39,9,89588.35,1,1,1,94898.1,0,0.117744805202116
15659843,643,France,Female,46,6,0,2,0,0,106781.59,0,0.328413831140666
15615624,605,France,Female,28,6,0,2,0,0,159508.52,0,0.123268447912849
15810418,756,Germany,Female,60,3,115924.89,1,1,0,93524.19,1,0.796530153360248
15716186,586,France,Female,38,2,0,2,1,0,87168.46,0,0.220100692365378
15674551,535,Germany,Male,40,7,111756.5,1,1,0,8128.32,1,0.365487967392865
15622834,678,France,Female,35,4,0,1,1,0,125518.32,0,0.192762197626933
15566111,596,France,Male,39,9,0,1,1,0,48963.59,0,0.152209233950895
15784597,648,France,Male,26,9,162923.85,1,1,0,98368.24,0,0.0909343424780133
15652883,492,Germany,Male,39,10,124576.65,2,1,0,148584.61,0,0.345823618140496
15806964,702,France,Male,45,0,80793.58,1,1,1,27474.81,0,0.10486689886918
15576313,486,Germany,Female,40,9,71340.09,1,1,0,76192.21,0,0.482490414448016
15806467,568,Germany,Male,40,1,99282.63,1,0,0,134600.94,1,0.392226175672523
15597602,619,Germany,Male,57,3,137946.39,1,1,1,72467.99,1,0.434751426545209
15743040,724,Germany,Male,41,2,127892.57,2,0,1,199645.45,0,0.176746971085753
15705521,548,Germany,Female,33,0,101084.36,1,1,0,42749.85,0,0.389783863967098
15595039,545,Germany,Female,37,8,114754.08,1,1,0,136050.44,1,0.456807101723863
15799384,683,France,Male,33,8,0,1,0,0,73564.44,0,0.0998084517901326
15581197,762,France,Female,51,3,99286.98,1,0,1,85578.63,0,0.252421168709116
15693737,627,Germany,Female,30,4,79871.02,2,1,0,129826.89,0,0.29011872062239
15624623,516,France,Male,35,10,104088.59,2,0,0,119666,0,0.150093685126372
15783501,800,France,Female,38,2,168190.33,2,1,0,68052.08,0,0.270476416993302
15690134,464,Germany,Female,42,3,85679.25,1,1,1,164104.74,0,0.301752699780585
15782735,626,France,Female,35,3,0,1,0,0,80190.36,0,0.197839611328095
15611088,790,France,Female,31,9,0,2,1,0,84126.75,0,0.119621824630519
15672145,534,France,Female,34,7,121551.58,2,1,1,70179,0,0.0867562976413331
15732628,745,France,Male,46,2,122220.19,1,1,1,118024.1,0,0.123488588851443
15787470,553,Spain,Male,47,3,116528.15,1,0,0,145704.19,1,0.346424876793826
15803406,748,France,Female,26,1,77780.29,1,0,1,183049.41,0,0.0506862246842762
15730460,722,France,Male,37,2,0,1,0,0,120906.83,0,0.142182922142218
15644572,501,France,Male,40,4,125832.2,1,1,1,100433.83,0,0.0960856706011054
15694860,675,France,Female,38,6,68065.8,1,0,0,138777,1,0.262731161807991
15658169,778,Spain,Female,47,6,127299.34,2,1,0,124694.99,0,0.401517581073943
15794396,494,Germany,Female,38,7,174937.64,1,1,0,40084.32,0,0.502218735292867
15785798,850,France,Male,40,9,0,2,0,1,119232.33,0,0.0488606437648243
15710825,592,Spain,Male,31,7,110071.1,1,0,0,43921.36,0,0.126240496946129
15668444,590,Spain,Female,44,3,139432.37,1,1,0,62222.81,0,0.414878633154896
15726631,758,France,Female,39,6,127357.76,1,0,1,56577,0,0.121081408495485
15733797,506,France,Male,36,5,0,2,1,0,164253.35,0,0.130005525557354
15747960,733,France,Male,33,3,0,1,1,1,7666.73,0,0.0358373298030982
15634632,711,France,Male,38,3,0,2,1,0,68487.51,0,0.132339773543374
15707362,514,Germany,Male,43,1,95556.31,1,0,1,199273.98,1,0.229389001277243
15662976,637,Spain,Male,37,8,0,1,1,1,186062.36,0,0.0534794918947148
15732778,468,Germany,Male,29,1,111681.98,2,1,1,195711.16,0,0.0901226036716393
15718443,539,France,Male,39,3,0,2,1,0,36692.17,0,0.150515885582786
15670039,509,Spain,Female,25,3,108738.71,2,1,0,106920.57,0,0.137962251088756
15773792,662,France,Female,32,4,133950.37,1,1,1,48725.68,1,0.080187214117579
15613786,818,Spain,Male,26,4,0,2,1,1,167036.94,0,0.0212995490658055
15726032,608,France,Male,33,9,89968.69,1,1,0,68777.26,0,0.123743081625539
15663252,850,Spain,Female,32,9,0,2,1,1,18924.92,0,0.0452581995769941
15593782,816,Germany,Female,38,5,130878.75,3,1,0,71905.77,1,0.395580794904704
15633283,536,France,Male,35,8,0,2,1,0,64833.28,0,0.112695770428961
15749167,753,France,Male,35,3,0,2,1,1,184843.77,0,0.0400876998738787
15759298,631,Spain,Male,27,10,134169.62,1,1,1,176730.02,0,0.0353776078229921
15683625,703,France,Male,37,1,149762.08,1,1,0,20629.4,1,0.188977038724018
15635367,774,France,Male,26,2,93844.69,1,1,0,28415.36,0,0.0793978567493249
15681705,785,France,Male,28,8,0,2,1,0,77231.27,0,0.0603611324090512
15603156,571,France,Female,33,1,0,2,1,0,102750.7,0,0.172870509605241
15591986,621,Germany,Male,46,6,141078.37,1,0,0,34580.8,1,0.500185154886457
15798888,605,Germany,Female,31,1,117992.59,1,1,1,183598.77,0,0.163155939327712
15809722,611,France,Female,40,8,100812.33,2,1,0,147358.27,0,0.276362172990242
15677538,569,France,Male,38,7,0,1,1,1,108469.2,0,0.0564632540668953
15797736,658,France,Male,29,4,80262.6,1,1,1,20612.82,0,0.034063375760675
15695585,788,Spain,Male,34,6,156478.62,1,0,1,181196.76,0,0.0621582747117044
15744398,525,France,Female,23,5,0,2,1,0,160249.1,0,0.0882443549344647
15750658,798,France,Male,37,8,0,3,0,0,110783.28,0,0.103700217868818
15578186,486,Germany,Male,37,9,115217.99,2,1,0,144995.33,0,0.316563446363196
15676519,615,Spain,Male,61,9,0,2,1,0,150227.85,1,0.456065584102017
15637954,730,France,Female,35,0,155470.55,1,1,1,53718.28,0,0.108306075928718
15758639,641,France,Male,37,7,0,2,1,0,75248.3,0,0.119215801685314
15613772,542,France,Male,39,3,135096.77,1,1,1,14353.43,1,0.0882798160180878
15731744,692,France,Male,30,2,0,2,0,1,130486.57,0,0.0305056218520071
15807709,714,Germany,Female,55,9,180075.22,1,1,1,100127.71,0,0.507530681819212
15714689,591,Spain,Male,29,1,97541.24,1,1,1,196356.17,0,0.0445944029378242
15699005,710,France,Female,41,2,156067.05,1,1,1,9983.88,0,0.151070238930066
15624170,639,France,Female,38,4,81550.94,2,0,1,118974.77,0,0.10830218048182
15725679,531,France,Female,47,6,0,1,0,0,194998.34,1,0.391443704019229
15585865,673,France,Female,38,2,170061.92,2,0,0,134901.34,1,0.315906741491928
15804256,765,Germany,Male,36,8,92310.54,2,1,1,72924.56,0,0.0960081116701632
15662403,622,France,Female,32,6,169089.38,2,1,0,101057.95,0,0.210185418271701
15733616,806,France,Male,40,5,80613.93,1,1,1,142838.64,0,0.0702745124054939
15591995,757,Germany,Male,26,8,121581.56,2,1,1,127059.04,0,0.057041727377595
15677020,570,France,Female,58,8,0,1,0,1,116503.92,1,0.30998527217753
15727688,555,Spain,Male,32,4,0,2,1,1,54405.79,0,0.0355517848985639
15715941,692,France,Male,54,5,0,2,1,1,88721.84,0,0.139030926331808
15714485,774,France,Male,60,5,85891.55,1,1,0,74135.48,1,0.488603501330745
15730059,638,Spain,Male,44,9,77637.35,2,1,1,111346.22,0,0.0885024614678589
15715527,543,Spain,Female,41,4,0,1,0,0,194902.16,0,0.306655313662409
15576623,584,France,Male,31,5,0,2,1,0,31474.27,0,0.0878948533863095
15805565,691,Germany,Male,30,7,116927.89,1,1,0,21198.39,0,0.198252368297898
15677307,684,Germany,Female,40,6,137326.65,1,1,0,186976.6,0,0.511711371545768
15773890,733,France,Male,22,5,0,2,1,1,117202.19,0,0.0150802162355598
15598883,599,Spain,Female,37,2,0,2,1,1,143739.29,0,0.0887789689968551
15568506,524,Germany,Female,31,10,67238.98,2,1,1,161811.23,0,0.128989694418488
15761043,632,Germany,Female,38,6,86569.76,2,1,0,98090.91,0,0.410025352969628
15782236,735,Spain,Male,34,5,0,2,0,0,71095.41,0,0.101919253585344
15593601,734,France,Male,34,6,133598.4,1,1,1,13107.24,0,0.0534720056702345
15682048,605,France,Female,51,3,136188.78,1,1,1,67110.59,1,0.275840426860153
15746902,793,Spain,Male,38,9,0,2,1,0,88225.02,0,0.117537472031209
15752081,468,France,Female,56,10,0,3,0,1,62256.87,1,0.238977105099496
15781307,779,Germany,Male,37,7,120092.52,2,1,0,135925.72,0,0.273340691177892
15775912,698,France,Male,48,4,101238.24,2,0,1,177815.87,1,0.129178253142421
15745417,707,France,Male,58,6,89685.92,1,0,1,126471.13,0,0.237747086019289
15671256,850,France,Female,35,1,211774.31,1,1,0,188574.12,1,0.284188642300196
15653547,850,France,Male,56,7,131317.48,1,1,1,119175.45,0,0.207945818639954
15595766,527,Spain,Male,37,5,93722.73,2,1,1,139093.73,0,0.06836803687954
15742358,696,Germany,Male,32,8,101160.99,1,1,1,115916.55,0,0.0890228242510725
15763274,661,France,Male,48,3,120320.54,1,0,0,96463.25,0,0.336997946556438
15786063,776,France,Female,31,2,0,2,1,1,112349.51,0,0.0482263628801135
15600258,701,France,Male,43,2,0,2,1,1,165303.79,0,0.074903749267509
15573318,610,France,Male,26,8,0,2,1,0,166031.08,0,0.0628299017434167
15653849,572,Germany,Female,48,3,152827.99,1,1,0,38411.79,1,0.673959002613145
15694272,673,France,Male,30,1,64097.75,1,1,1,77783.35,0,0.0383574033317161
15736112,519,Spain,Female,57,2,119035.35,2,1,1,29871.79,0,0.354550118872722
15749851,702,Spain,Female,26,4,135219.57,1,0,1,59747.63,0,0.056945242057132
15663478,729,France,Male,32,6,93694.42,1,1,1,79919.13,0,0.0428333328707737
15592300,543,Spain,Male,35,10,59408.63,1,1,0,76773.53,0,0.142954005348382
15567832,550,France,Female,40,7,114354.95,1,1,0,54018.93,0,0.32065603606797
15776780,608,France,Male,59,1,0,1,1,0,70649.64,1,0.453225449566997
15592846,639,Germany,Male,35,10,128173.9,2,1,0,59093.39,0,0.260290643560052
15739803,686,Spain,Male,34,9,0,2,1,0,127569.8,0,0.0984469643286965
15794142,564,Germany,Female,62,5,114931.35,3,0,1,18260.98,1,0.583892251482691
15762729,745,Germany,Female,28,1,111071.36,1,1,0,73275.96,1,0.282307359436696
15667896,833,France,Male,37,8,151226.18,2,1,1,136129.49,0,0.0590669491291686
15626578,622,France,Male,26,9,0,2,1,1,153237.59,0,0.0214109862303739
15776223,597,France,Female,42,4,64740.12,1,1,1,106841.12,0,0.138981304800466
15705953,721,Spain,Male,51,0,169312.13,1,1,0,109078.35,1,0.422882186174508
15802593,504,France,Female,49,7,0,3,0,1,87822.14,1,0.161900865463155
15615457,842,Spain,Female,44,2,112652.08,2,1,0,126644.98,0,0.349270483606825
15708916,587,France,Male,38,0,0,2,1,0,47414.15,0,0.144363737169716
15720187,479,Germany,Female,30,7,143964.36,2,1,0,41879.99,0,0.326231320926413
15595440,508,France,Male,49,7,122451.46,2,1,1,75808.1,0,0.148183985025364
15600651,749,France,Male,24,1,0,3,1,1,47911.03,0,0.0167955065451282
15750141,721,Germany,Female,36,3,65253.07,2,1,0,28737.78,0,0.352649856730854
15657284,674,Germany,Male,47,6,106901.94,1,1,1,2079.2,1,0.23042843730295
15763063,685,Spain,Female,25,10,128509.63,1,1,0,121562.33,0,0.127222040094208
15709324,417,France,Male,34,7,0,2,1,0,55003.79,0,0.112478773823689
15711309,574,Germany,Male,33,3,129834.67,1,1,0,193131.42,0,0.290092867717624
15775318,590,Spain,Female,51,3,154962.99,3,0,1,191932.27,1,0.270611077679358
15705515,587,Germany,Male,40,5,138241.9,2,1,0,159418.1,0,0.372719234741989
15634844,598,Germany,Male,41,3,91536.93,1,1,0,191468.78,1,0.398767049302906
15717046,741,Spain,Male,53,3,0,2,1,1,38913.68,0,0.131696698887074
15571816,850,Spain,Female,70,5,0,1,1,1,705.18,0,0.473745140729086
15670080,584,Germany,Female,29,7,105204.01,1,0,1,138490.03,0,0.137228470169936
15800440,650,Spain,Male,61,1,152968.73,1,0,1,82970.69,0,0.340102349396611
15665678,607,Spain,Male,36,8,158261.68,1,1,1,76744.72,0,0.0715124633469591
15665956,509,France,Female,46,1,0,1,1,0,71244.59,1,0.37537039963496
15788126,689,Spain,Female,38,6,121021.05,1,1,1,12182.15,0,0.111660898849496
15811773,543,France,Male,36,4,0,2,1,1,141210.5,0,0.0466737174658437
15651674,438,Spain,Female,54,2,0,1,0,0,191763.07,1,0.561393563362984
15689614,687,Spain,Female,63,1,137715.66,1,1,1,37938.74,0,0.476981226960587
15795564,737,Germany,Male,31,5,121192.22,2,1,1,74890.58,0,0.0787041989518241
15706647,761,France,Male,31,7,0,3,1,1,166698.18,0,0.0257067981308382
15728505,601,France,Male,44,1,100486.18,2,1,1,62678.53,0,0.10178900270645
15730076,651,France,Male,45,1,0,1,1,0,67740.08,1,0.227314427878974
15622003,745,France,Male,35,9,92566.53,2,1,0,161519.77,0,0.127261728958901
15607312,648,Spain,Female,49,10,0,2,1,1,159835.78,1,0.166428644949896
15644753,848,Spain,Male,40,3,110929.96,1,1,1,30876.84,0,0.0762413618140338
15653620,546,France,Female,27,8,0,2,1,1,14858.1,0,0.0381009737093362
15761986,439,Spain,Female,32,3,138901.61,1,1,0,75685.97,0,0.243178624105447
15633922,755,France,Male,30,4,123217.66,2,0,1,144183.1,0,0.0400633849055609
15734674,593,France,Female,41,6,0,1,1,0,65170.66,0,0.26310351774515
15658032,701,France,Male,39,2,0,2,1,1,82526.92,0,0.0541705238045233
15692671,701,Spain,Male,36,8,0,2,1,0,169161.46,0,0.11603038224105
15737741,607,Spain,Female,33,2,108431.87,2,0,1,109291.39,1,0.0872907528295283
15576352,586,Spain,Female,57,3,0,2,0,1,6057.81,0,0.28971127346359
15753719,547,Germany,Female,30,9,72392.41,1,1,0,77077.14,0,0.292900037893694
15803689,647,Germany,Female,51,1,119741.77,2,0,0,54954.51,1,0.679697626732593
15718057,760,France,Female,51,2,100946.71,1,0,0,179614.8,1,0.505300348246121
15722010,621,Spain,Male,53,9,170491.84,1,1,0,35588.07,1,0.430502633764663
15680998,725,France,Male,44,5,0,1,1,1,117356.14,0,0.0795691072834456
15614782,526,France,Male,36,1,0,1,1,0,160696.72,0,0.151954491253522
15591047,519,Spain,Female,47,6,157296.02,2,0,0,147278.43,1,0.481650234382256
15788291,713,Germany,Female,38,7,144606.22,1,1,1,56594.36,1,0.217080060536811
15604044,700,France,Male,38,8,134811.3,1,1,0,1299.75,0,0.179188346582921
15679587,666,France,Female,34,9,115897.12,1,1,1,25095.03,0,0.0823145010866431
15775153,630,Spain,Male,32,4,82034,1,0,0,146326.45,0,0.132374131402335
15603925,779,Spain,Female,26,4,174318.13,2,0,1,38296.21,0,0.0557860796401754
15680970,611,Germany,Female,41,2,114206.84,1,1,0,164061.6,0,0.539760427059337
15697183,685,Spain,Male,43,9,0,2,1,0,107811.28,0,0.17395840063035
15567446,646,Germany,Male,39,9,111574.41,1,1,1,30838.51,0,0.145889873474598
15637476,683,Germany,Female,57,5,162448.69,1,0,0,9221.78,1,0.791791435897015
15714939,484,Germany,Female,34,4,148249.54,1,0,1,33738.27,0,0.212552285080879
15683503,601,France,Female,43,8,0,3,0,1,110916.15,1,0.107299557678396
15645569,762,Spain,Female,26,7,123709.46,2,1,1,169654.57,0,0.0478098341647724
15782569,687,France,Female,72,9,0,1,0,1,69829.4,0,0.51838340894262
15592387,566,France,Male,30,5,0,1,1,0,54926.51,1,0.0918016345444737
15609286,702,France,Male,37,10,150525.8,1,1,1,94728.49,0,0.0679755375435792
15814035,601,France,Male,29,9,0,1,1,1,80393.27,0,0.0272949573778915
15661249,699,France,Male,53,4,0,2,0,1,111307.98,0,0.140186104153374
15629117,584,France,Male,28,10,0,2,1,0,19834.32,0,0.0655406150937511
15607170,699,France,Male,35,5,0,2,1,1,78397.24,0,0.0396896543982163
15586585,698,Germany,Female,51,2,111018.98,1,1,0,86410.28,0,0.691548212380138
15686611,495,France,Male,30,10,129755.99,1,0,0,172749.65,0,0.129518326492556
15603203,650,France,Female,27,6,0,2,1,0,1002.39,0,0.101210849781341
15619857,605,France,Female,64,2,129555.7,1,1,1,13601.79,0,0.492284810108271
15805062,667,Spain,Male,38,1,87202.38,1,1,1,77866.91,0,0.0711535854368285
15660271,688,Germany,Male,26,8,146133.39,1,1,1,175296.76,0,0.0699181764413934
15745295,727,Spain,Female,31,0,0,1,1,0,121751.04,1,0.155707650623807
15719352,754,Spain,Male,39,6,170184.99,2,1,0,89593.26,0,0.195659869397008
15766575,612,Germany,Female,62,8,140745.33,1,1,0,193437.89,1,0.839072055877422
15594594,546,Spain,Male,42,7,139070.51,1,1,1,86945,0,0.109334891261976
15646161,673,Spain,Female,37,8,0,2,1,1,183318.79,0,0.0781862110642779
15682585,593,France,Male,35,9,114193.24,1,1,0,71154.1,0,0.151135238626306
15603134,656,Spain,Female,40,10,167878.5,1,0,1,151887.16,0,0.156406359920678
15636444,535,Germany,Female,53,5,141616.55,2,1,1,75888.65,0,0.474723145152068
15773456,678,Germany,Male,36,3,145747.67,2,0,1,89566.74,0,0.129887004839085
15745307,477,Spain,Female,48,2,129120.64,1,0,1,26475.79,0,0.258033450709011
15604119,850,Spain,Male,35,7,110349.82,1,0,0,126355.8,0,0.148444599003625
15626900,427,France,Male,29,1,141325.56,1,1,1,93839.3,0,0.0520604719430563
15605447,752,France,Male,49,2,78653.84,1,1,0,7698.6,0,0.308860604639527
15589030,649,France,Male,47,1,0,2,1,1,145593.85,0,0.101674100954402
15692463,799,Spain,Female,28,3,142253.65,1,1,0,45042.56,0,0.160589201740379
15712403,589,France,Female,61,1,0,1,1,0,61108.56,1,0.625077483338498
15811762,583,Germany,Female,54,6,115988.86,1,1,0,57553.98,1,0.726709831971935
15718673,839,Spain,Female,33,10,75592.43,1,1,0,62674.42,0,0.167607170162352
15724282,540,Germany,Male,44,3,164113.04,2,1,1,12120.79,0,0.22265704398378
15738181,850,France,Male,31,6,67996.23,2,0,0,50129.87,1,0.0877251055364572
15633648,696,Spain,Female,51,5,0,2,1,0,55022.43,0,0.401353955927957
15603323,660,Spain,Female,33,1,0,2,0,0,117834.91,0,0.177020598184385
15583725,682,France,Male,48,1,138778.15,1,0,1,168840.23,0,0.167510406390734
15588350,744,France,Female,43,10,147832.15,1,0,1,24234.11,0,0.158213482026715
15798398,785,France,Female,36,4,135438.4,1,0,0,190627.01,0,0.260504531874508
15784844,752,Spain,Male,48,5,116060.08,1,1,0,156618.38,1,0.317001301893351
15580684,706,France,Female,29,5,112564.62,1,1,0,42334.38,0,0.16296162117123
15809663,583,France,Female,27,1,125406.58,1,1,1,110784.42,0,0.062707141042858
15640078,660,Germany,Female,39,5,135134.99,1,1,0,173683,1,0.50092620941592
15698786,819,France,Female,39,9,133102.92,1,1,0,27046.46,1,0.262519720325156
15569807,673,France,Female,34,8,42157.08,1,1,0,20598.59,1,0.183666882153844
15730830,752,France,Female,30,3,0,2,1,1,104991.28,0,0.0454673905215075
15805112,578,France,Male,38,7,82259.29,1,1,0,8996.97,0,0.166326500342198
15633064,438,France,Female,36,4,0,2,1,0,64420.5,0,0.208639341771436
15703119,652,France,Male,38,6,0,2,1,1,145700.22,0,0.0499611343367245
15730447,629,France,Female,49,4,0,2,1,1,196335.48,0,0.174774396486307
15813850,720,France,Male,52,7,0,1,1,1,14781.12,0,0.121337818341365
15711889,668,France,Male,42,3,150461.07,1,1,0,108139.23,0,0.256373784838453
15664610,459,Germany,Male,48,4,133994.52,1,1,1,19287.06,1,0.293134764722395
15751710,729,Spain,Male,31,8,164870.81,2,1,1,9567.39,0,0.0411834032048442
15692926,498,Germany,Male,25,8,121702.73,1,1,1,132210.49,0,0.0673686015683951
15813741,549,Spain,Male,25,6,193858.2,1,0,1,21600.11,0,0.0384451488082338
15698474,601,Germany,Female,54,1,131039.97,2,1,1,199661.5,0,0.501888887175898
15568595,544,France,Male,64,9,113829.45,1,1,1,124341.49,0,0.353220722953144
15603065,751,France,Female,30,6,0,2,1,0,15766.1,0,0.116523792881346
15592937,632,Germany,Female,41,3,81877.38,1,1,1,33642.21,0,0.255140495352226
15699637,694,Spain,Male,57,8,116326.07,1,1,1,117704.65,0,0.232570663919052
15667215,678,France,Male,31,2,0,2,1,1,58803.28,0,0.0310595014623856
15788659,695,France,Male,46,4,0,2,1,1,137537.22,0,0.08420495693228
15763218,661,France,Female,41,1,0,2,0,1,131300.68,0,0.108930126085896
15645772,661,France,Male,33,9,0,2,1,1,84174.81,0,0.0329999055597466
15725511,559,France,Female,31,3,127070.73,1,0,1,160941.78,0,0.0884110208480718
15575024,503,France,Male,29,3,0,2,1,1,143954.99,0,0.031687785530262
15640825,695,Spain,Male,46,3,122549.64,1,1,1,56297.85,0,0.128717113776259
15662397,640,France,Female,42,5,176099.13,1,1,1,8404.73,0,0.168909720050972
15576368,624,Germany,Female,48,3,122388.38,2,0,0,30020.09,0,0.63924819129007
15674991,667,France,Male,42,9,0,2,0,1,58137.42,0,0.0628642073860667
15721024,642,France,Male,26,0,0,1,0,0,47472.68,0,0.072760744244112
15745621,640,Spain,Female,32,6,118879.35,2,1,1,19131.71,0,0.0710984904269031
15642394,529,Spain,Male,35,5,0,2,1,1,187288.5,0,0.0476883213889247
15754605,563,France,Female,39,5,0,2,1,1,17603.81,0,0.0875046105766164
15607040,593,Spain,Female,38,4,88736.44,2,1,0,67020.03,0,0.266131256486687
15715142,739,Germany,Male,45,7,102703.62,1,0,1,147802.94,1,0.210728538746324
15810978,788,Spain,Female,70,1,0,2,1,1,41610.62,0,0.464059190624984
15668886,684,Spain,Female,38,3,0,2,1,0,44255.65,0,0.210874147641842
15780804,482,France,Male,55,5,97318.25,1,0,1,78416.14,0,0.226207121819794
15613880,591,Spain,Male,58,5,128468.69,1,0,1,137254.55,0,0.290111231409808
15775238,651,Germany,Female,41,4,133432.59,1,0,1,151303.48,0,0.287082690809179
15786905,749,Germany,Female,40,8,141782.57,2,0,0,86333.63,0,0.462567786847461
15747867,583,France,Male,24,9,135125.28,1,0,0,89801.9,0,0.0811825267541545
15600337,661,Spain,Male,42,2,178820.91,1,0,0,29358.57,1,0.289510006858047
15801277,715,France,Female,31,2,112212.14,2,1,1,181600.72,0,0.0680516922869983
15579334,769,Germany,Female,45,5,126674.81,1,1,0,124118.71,1,0.583478782775538
15802741,625,France,Female,51,7,136294.97,1,1,0,38867.46,1,0.496961824415832
15720649,641,France,Female,36,5,66392.64,1,1,0,31106.67,0,0.223102998723488
15589493,716,Germany,Male,27,1,122552.34,2,1,0,67611.36,0,0.176075767273068
15688251,767,France,Male,43,1,76408.85,2,1,0,77837.63,0,0.209049932618976
15665238,745,Germany,Male,36,8,145071.24,1,0,0,6078.46,0,0.296567819401641
15740900,589,France,Male,34,6,0,2,1,1,177896.92,0,0.0396017424010518
15681068,796,France,Female,45,2,109730.22,1,1,1,123882.73,0,0.174430153993568
15748625,664,France,Male,57,6,0,2,1,1,15304.08,0,0.161546024313142
15727299,445,Spain,Male,62,1,64119.38,1,1,1,76569.64,1,0.328099676224763
15620204,543,Germany,Female,57,1,106138.33,2,1,1,120657.32,1,0.545149726295544
15669516,746,Spain,Male,36,2,0,2,1,1,16436.56,0,0.0427768351442634
15736534,742,Germany,Male,33,0,181656.51,1,1,1,107667.91,0,0.124972709157244
15803457,750,France,Female,32,5,0,2,1,0,95611.47,0,0.13266996147246
15659098,669,France,Male,30,7,95128.86,1,0,0,19799.26,0,0.106103612137908
15603436,594,Spain,Female,49,2,126615.94,2,0,1,123214.74,0,0.252544137520959
15566292,574,Spain,Male,36,1,0,2,0,1,71709.12,0,0.0532604095566726
15808621,659,Germany,Male,36,2,76190.48,2,1,1,149066.14,0,0.110831509333361
15580148,750,Germany,Male,40,5,168286.81,3,1,0,20451.99,1,0.334946314500994
15776231,626,Germany,Male,35,4,88109.81,1,1,1,32825.5,0,0.111025572547608
15773809,620,France,Male,42,4,0,2,1,0,6232.31,0,0.166352048677327
15649423,580,France,Female,35,8,0,2,0,1,10357.03,0,0.0675483579045392
15734886,686,France,Female,34,3,123971.51,2,1,0,147794.63,0,0.216190712156509
15722548,540,France,Male,48,0,148116.48,1,0,0,116973.48,0,0.388345991783835
15650288,634,Germany,Male,35,6,116269.01,1,1,0,129964.94,0,0.29156169297742
15629448,632,Spain,Male,38,1,120599.21,1,1,0,92816.86,0,0.209328551153982
15716164,501,France,Female,41,3,144260.5,1,1,0,172114.67,0,0.381228722972598
15807609,650,Spain,Female,25,3,86605.5,3,1,0,16649.31,1,0.102873109164772
15578977,786,France,Male,34,9,0,2,1,0,144517.19,0,0.0939899867913389
15677369,554,Germany,Female,37,4,58629.97,1,0,0,182038.6,0,0.446103095032152
15804072,701,Spain,Female,42,5,0,2,0,0,24210.56,0,0.255075108274712
15696859,474,France,Male,45,10,0,2,0,0,172175.9,0,0.223398998726926
15653780,621,France,Female,43,5,0,1,1,1,47578.45,0,0.124560101581178
15721658,672,Spain,Female,56,2,209767.31,2,1,1,150694.42,1,0.383984917451316
15578761,459,Spain,Female,42,6,129634.25,2,1,1,177683.02,1,0.171779922043031
15736879,669,France,Male,23,1,0,2,0,0,66088.83,0,0.0524703338224189
15571973,776,France,Female,38,2,169824.46,1,1,0,169291.7,0,0.31735751527954
15626742,694,France,Male,36,3,97530.25,1,1,1,117140.41,0,0.0625846757675955
15672692,787,France,Female,42,10,145988.65,2,1,1,79510.37,0,0.127853675866241
15673570,580,France,Male,37,9,0,2,0,1,77108.66,0,0.0475200613602761
15767432,711,France,Female,25,7,0,3,1,1,9679.28,0,0.0265525402084724
15654238,673,France,Female,40,5,137494.28,1,1,0,81753.92,0,0.321027190541489
15612525,499,France,Female,57,1,0,1,0,0,131372.38,1,0.595373792059994
15812750,591,France,Male,24,6,147360,1,1,1,25310.82,0,0.0287192864198856
15790757,769,France,Female,25,10,0,2,0,0,187925.75,0,0.0842807145001663
15723873,657,Spain,Male,31,3,125167.02,1,0,0,98820.39,0,0.135762404984066
15744607,738,Germany,Male,43,9,121152.05,2,1,0,64166.7,1,0.361579985241786
15612966,545,Germany,Female,60,7,128981.07,1,0,1,176924.21,1,0.63135871269738
15784209,497,France,Male,47,6,0,1,1,1,90055.08,0,0.105785860972958
15794278,816,Spain,Male,67,6,151858.98,1,1,1,72814.31,0,0.384836562034904
15766741,525,France,Male,36,2,114628.4,1,0,1,168290.06,0,0.075905274858138
15661036,725,France,Male,46,6,0,2,1,0,161767.38,0,0.211200214162481
15705639,692,France,Female,28,8,95059.02,2,1,0,44420.18,0,0.127090000541566
15637414,618,France,Female,24,7,128736.39,1,0,1,37147.61,0,0.0484226592202835
15716835,546,France,Male,24,8,156325.38,1,1,1,125381.02,0,0.0315001453547585
15696231,635,France,Male,29,7,105405.97,1,1,1,149853.89,0,0.0383432144578933
15641675,611,France,Female,49,2,88915.37,3,0,0,161435.02,1,0.438336692770393
15670755,650,France,Male,60,8,0,2,1,1,102925.76,0,0.199674098982693
15640059,606,France,Male,40,5,0,2,1,1,70899.27,0,0.058807584065804
15787619,844,France,Male,18,2,160980.03,1,0,0,145936.28,0,0.0552163753669683
15587535,450,Spain,Female,46,5,177619.71,1,1,0,54227.06,0,0.495170599726938
15813034,727,Spain,Male,38,2,62276.99,1,1,1,59280.79,0,0.062868950731458
15698839,460,Germany,Male,46,4,127559.97,2,1,1,126952.5,0,0.249502338625507
15790314,649,France,Male,41,0,0,2,0,1,130567.02,0,0.0682684795890804
15634245,758,Germany,Female,47,9,95523.16,1,1,0,73294.48,0,0.575602974337906
15677305,490,France,Female,35,7,107749.03,1,1,1,3937.37,0,0.0979339646294722
15661526,815,Germany,Male,37,2,110777.26,2,1,0,2383.59,0,0.272996445946965
15685997,838,Spain,Female,39,5,166733.92,2,1,0,14279.44,0,0.276470855091359
15660101,803,France,Male,31,9,157120.86,2,1,0,141300.53,0,0.108618172462707
15637979,664,Germany,Female,36,2,127160.78,2,1,0,78140.75,0,0.41650587456973
15815364,736,Spain,Female,28,2,0,2,1,1,117431.1,0,0.0413262725740631
15647099,633,France,Female,37,9,156091.97,1,1,0,72008.61,0,0.277165444644334
15625944,664,France,Male,58,5,98668.18,1,1,1,60887.58,0,0.241794401274116
15583212,600,France,Female,43,5,134022.06,1,1,0,194764.83,0,0.39702163596479
15582741,693,France,Female,35,5,124151.09,1,1,0,88705.14,1,0.242517315172888
15637876,663,Germany,Female,36,6,77253.5,1,0,0,35817.97,1,0.400018846564509
15622750,742,Germany,Female,21,1,114292.48,1,1,0,31520.4,0,0.195430100110228
15672056,710,Germany,Male,43,2,140080.32,3,1,1,157908.19,1,0.182388959593299
15812351,710,Spain,Female,27,2,135277.96,1,1,0,142200.15,0,0.160573394686569
15810864,700,France,Female,82,2,0,2,0,1,182055.36,0,0.700562476836656
15677921,720,Germany,Male,60,9,115920.62,2,0,0,157552.08,1,0.684488519405028
15724296,684,Spain,Male,41,2,119782.72,2,0,0,120284.67,0,0.226036051196318
15685329,531,France,Female,63,1,114715.71,1,0,1,24506.95,1,0.489112488205536
15584091,742,Germany,Female,36,2,129748.54,2,0,0,47271.61,1,0.416427518860108
15640442,717,France,Male,31,4,129722.57,1,0,0,41176.6,0,0.126075383905758
15639314,589,France,Male,32,2,0,2,0,1,9468.64,0,0.0362906099184895
15685320,767,France,Male,36,3,139180.2,1,0,0,123880.19,0,0.177031858967997
15789158,636,Germany,Male,49,6,113599.74,2,1,0,158887.09,1,0.499552274043277
15752137,648,France,Male,33,7,134944,1,1,1,117036.38,0,0.0525121111893679
15712551,622,Germany,Female,58,7,116922.25,1,1,0,120415.61,1,0.783453265913344
15628936,692,Spain,Male,28,9,118945.09,1,0,0,16064.25,1,0.0979604027310868
15797227,754,France,Male,28,8,0,2,1,1,52615.62,0,0.0209928786653367
15769974,679,Spain,Female,35,8,119182.73,1,0,0,121210.09,0,0.241702891822344
15737051,639,France,Male,27,8,0,2,1,0,192247.35,0,0.0642038737330393
15585595,774,France,Female,28,1,71264.02,2,0,1,68759.57,0,0.0512415746465198
15654060,517,France,Male,41,2,0,2,0,1,75937.47,0,0.072534772308018
15745196,571,France,Female,35,8,0,2,0,0,84569.13,0,0.177617743127374
15571221,747,Germany,Male,58,7,116313.57,1,1,1,190696.35,1,0.41782281219838
15660155,792,Spain,Male,36,5,92140.15,1,0,1,67468.67,0,0.058955098032931
15605284,688,France,Male,26,1,0,2,1,1,104435.94,0,0.0228399596903916
15694366,714,Germany,Male,42,2,177640.09,1,0,1,47166.55,0,0.216153188305751
15600739,562,Spain,Female,35,0,0,2,1,0,119899.52,0,0.205235105259052
15653253,704,Spain,Male,48,8,167997.6,1,1,1,173498.45,0,0.157117836649968
15763431,698,France,Male,36,2,82275.35,2,1,1,93249.26,0,0.0530423770166677
15643696,611,France,Male,49,3,0,2,1,1,142917.54,0,0.113478363020973
15707473,850,Germany,Female,48,6,111962.99,1,1,0,111755.8,0,0.600341356441191
15769504,743,Germany,Female,34,1,131736.88,1,1,1,108543.21,0,0.182238728382678
15776807,654,France,Male,29,1,0,1,1,0,180345.44,0,0.0873266123070529
15686870,761,Germany,Male,36,8,108239.11,2,0,0,99444.02,0,0.262523410271125
15668747,702,France,Female,46,9,98444.19,1,0,1,109563.28,0,0.17960128328197
15766908,488,Germany,Male,32,3,114540.38,1,1,0,92568.07,0,0.266199361345169
15570134,683,France,Female,35,6,187530.66,2,1,1,37976.36,0,0.101588154038914
15567367,601,Germany,Female,42,9,133636.16,1,0,1,103315.74,0,0.299061730951337
15747542,605,France,Male,52,7,0,2,1,1,173952.5,0,0.12900096412969
15762238,671,Germany,Female,44,0,84745.03,2,0,1,34673.98,0,0.284304337049384
15681554,614,Germany,Female,31,7,120599.38,2,1,1,46163.44,0,0.133855148068099
15712825,511,Spain,Female,29,9,0,2,0,1,140676.98,0,0.0497527725778725
15640280,850,France,Male,39,4,127771.35,2,0,1,151738.54,0,0.0710131166185723
15756026,790,Spain,Female,46,9,0,1,0,0,14679.81,1,0.311112158179614
15613319,793,France,Female,33,0,0,1,0,0,175544.02,0,0.179796108630321
15798906,628,France,Male,69,5,0,2,1,1,181964.6,0,0.339291155852777
15708917,598,Germany,Male,53,10,167772.96,1,1,1,136886.86,0,0.360999044299035
15778463,657,France,Female,37,6,95845.6,1,1,0,122218.23,0,0.250652331303159
15699430,618,France,Female,35,10,0,2,1,0,180439.75,0,0.170366748925853
15649992,681,Spain,Male,65,7,134714.7,2,0,1,190419.81,0,0.366718256557418
15578980,516,Spain,Female,33,3,0,2,1,1,58685.59,0,0.0680980381305717
15775306,421,Germany,Male,28,8,122384.22,3,1,1,89017.38,1,0.0690276590605282
15641655,700,France,Female,26,2,0,2,0,0,50051.42,0,0.102803024007351
15619708,745,France,Male,25,5,157993.15,2,1,0,146041.45,0,0.0814093611045916
15734565,696,France,Male,29,8,0,2,1,0,191166.09,0,0.0709795810597444
15806438,580,Germany,Female,42,2,123331.36,1,0,0,103516.08,1,0.564652756188109
15591969,497,Spain,Male,27,9,75263.16,1,1,1,164825.04,0,0.0349883751885507
15747807,720,France,Female,43,6,137824.03,2,1,0,172557.77,0,0.340930272338381
15596939,659,Germany,Male,36,4,132578.92,2,1,0,84320.94,0,0.296042447148134
15716155,841,France,Female,36,5,156021.31,1,0,0,122662.98,0,0.258477027901075
15765311,642,Spain,Male,34,8,0,1,1,0,72085.1,0,0.108939293471781
15757811,732,Spain,Female,69,9,137453.43,1,0,1,110932.24,1,0.561819252535278
15603830,600,Spain,Male,36,4,0,2,1,0,143635.36,0,0.131443072041708
15660602,464,Germany,Male,33,8,164284.72,2,1,1,3710.34,0,0.112393014040343
15660535,680,France,Female,47,5,0,2,1,1,179843.33,0,0.149664988277469
15666633,758,Spain,Male,56,1,0,2,1,1,10643.38,0,0.161428075468295
15596914,630,Germany,Female,31,2,112373.49,2,1,1,131167.98,0,0.147288516830944
15639788,577,France,Female,39,10,0,2,1,0,10553.31,0,0.208896717577433
15695846,684,France,Female,34,6,0,2,1,1,130928.22,0,0.0609791881659432
15726234,708,Spain,Female,41,5,0,1,0,1,157003.99,0,0.11521823337083
15797964,732,Germany,Female,29,1,154333.82,1,1,1,138527.56,0,0.142947526605882
15625881,634,Germany,Male,37,3,111432.77,2,1,1,167032.49,0,0.134763906466258
15780628,633,France,Female,30,6,0,2,0,0,41642.29,0,0.126132665464346
15575883,559,France,Male,34,2,137390.11,2,1,0,9677,0,0.153717988167845
15585036,694,Spain,Female,37,3,0,2,1,1,147012.22,0,0.0829656313021497
15589488,686,Germany,Female,56,5,111642.08,1,1,1,80553.87,0,0.513345947351673
15585888,553,Spain,Female,48,3,0,1,0,1,30730.95,1,0.194888115502436
15727915,507,France,Male,36,4,83543.37,1,0,0,140134.43,0,0.178135227063201
15707567,732,Germany,Male,50,6,145338.76,1,0,0,91936.1,1,0.556344825675073
15737792,818,France,Female,31,1,186796.37,1,0,0,178252.63,0,0.225153717327236
15599433,660,Germany,Male,35,8,58641.43,1,0,1,198674.08,0,0.111852821250373
15672012,773,Spain,Female,41,5,0,1,1,0,28266.9,1,0.249714912529649
15806983,640,France,Male,44,3,137148.68,1,1,0,92381.01,0,0.275188828572316
15592222,505,France,Male,49,7,80001.23,1,0,0,135180.11,0,0.352873030785375
15608968,714,Germany,Male,21,6,86402.52,2,0,0,27330.59,0,0.105993590485704
15586959,468,France,Female,42,5,0,2,1,0,125305.34,0,0.290869765679749
15646558,611,Spain,Male,51,1,122874.74,1,1,1,149648.45,0,0.195273509676284
15725811,705,France,Male,25,0,97544.29,1,0,1,59887.15,0,0.0300628146374617
15572265,646,Germany,Male,46,1,170826.55,2,1,0,45041.32,0,0.501435172769775
15794048,667,Germany,Female,48,1,97133.92,2,0,0,113316.77,1,0.620642476898355
15677610,511,Germany,Female,41,8,153895.65,1,1,1,39087.42,0,0.288842837422488
15745012,653,France,Female,43,6,0,2,1,1,7330.59,0,0.106020788923543
15601589,675,France,Female,57,8,0,2,0,1,95463.29,0,0.262207131183273
15686436,523,Spain,Male,32,4,0,2,1,0,167848.02,0,0.10547667249832
15693864,567,Germany,Female,49,5,134956.02,1,1,0,93953.84,1,0.676906759129231
15760550,741,Spain,Male,39,7,143637.58,2,0,1,174227.66,0,0.0765273418177827
15686137,456,Spain,Male,32,9,147506.25,1,1,1,135399.21,0,0.0586796406791386
15809087,598,France,Male,64,1,0,2,1,0,195635.3,1,0.533327280820891
15807663,667,France,Male,43,8,190227.46,1,1,0,97508.04,1,0.269469980112175
15809100,548,France,Female,32,2,172448.77,1,1,0,188083.77,1,0.25036773444759
15794916,725,France,Male,41,7,113980.21,1,1,1,116704.25,0,0.0809994833793721
15614215,717,France,Male,53,6,0,2,0,1,97614.87,0,0.135631826774513
15805449,594,France,Male,38,4,0,2,0,0,186884.04,0,0.146756548639566
15686983,678,Germany,Female,25,10,76968.12,2,0,1,131501.72,0,0.0814025659626494
15808017,545,France,Male,38,1,88293.13,2,1,1,24302.95,0,0.0661057078348217
15756804,636,France,Female,48,1,170833.46,1,1,0,110510.28,1,0.499032831674141
15646810,603,Germany,Male,44,6,108122.39,2,1,0,108488.33,1,0.414626389135782
15710424,435,France,Male,36,4,0,1,1,1,197015.2,0,0.0578756269152435
15799422,535,France,Female,40,8,0,1,1,1,27689.77,0,0.0991440994688287
15692750,629,Germany,Female,45,7,129818.39,3,1,0,9217.55,1,0.529586481563008
15794549,722,France,Female,35,2,163943.89,2,1,1,15068.18,0,0.0933206718200073
15803764,561,France,Male,28,7,0,2,1,0,7797.01,0,0.0662571809219834
15674840,645,France,Female,38,5,101430.3,2,0,1,4400.32,0,0.10481521135241
15653762,501,France,Female,39,9,117301.66,1,0,0,182025.95,0,0.325211329177062
15581229,502,Germany,Female,32,1,173340.83,1,0,1,122763.95,0,0.218459376410673
15800228,652,Spain,Female,42,4,0,2,1,1,38152.01,0,0.1055988224998
15656333,574,France,Female,33,3,134348.57,1,1,0,63163.99,0,0.235418883311502
15697497,518,France,Female,45,9,105525.65,2,1,1,73418.29,0,0.164849602748326
15585362,749,France,Female,60,6,0,1,1,0,17978.68,1,0.565670822524302
15571928,679,France,Female,43,4,0,3,1,0,115136.51,1,0.260135910485959
15785519,565,France,Male,36,6,106192.1,1,1,0,149575.59,0,0.16849343609152
15743007,643,France,Female,45,4,45144.43,1,1,0,60917.24,1,0.348463795808493
15777211,515,France,Male,65,7,92113.61,1,1,1,142548.33,0,0.358026490301101
15721935,521,France,Male,25,7,0,2,1,1,157878.67,0,0.0214906956252661
15591711,739,Spain,Male,38,0,128366.44,1,1,0,12796.43,0,0.198972124602002
15625021,585,France,Male,42,2,0,2,1,1,18657.77,0,0.0699932813848195
15702968,733,Germany,Male,74,3,106545.53,1,1,1,134589.58,0,0.693744325309185
15600462,542,France,Female,43,8,145618.37,1,0,1,10350.74,0,0.179357014662311
15768104,788,Spain,Male,37,8,141541.25,1,0,0,66013.27,0,0.172724786587298
15780140,435,Germany,Male,32,2,57017.06,2,1,1,5907.11,0,0.0881579499920155
15585255,577,France,Male,42,9,0,1,1,0,74077.91,0,0.185518291324101
15772781,703,France,Female,51,3,0,3,1,1,77294.56,1,0.166566186180713
15669987,728,Germany,Female,35,8,125884.95,2,1,0,54359.02,1,0.360799697627258
15697000,728,Germany,Male,32,5,61825.5,1,1,1,156124.93,0,0.0854157286229426
15733119,718,France,Male,35,8,0,2,1,0,94820.85,0,0.10007109575782
15782390,621,France,Female,40,6,0,1,1,0,155155.25,0,0.25158969653639
15654700,523,France,Female,40,2,102967.41,1,1,0,128702.1,1,0.338668651919731
15632210,657,Germany,Male,25,2,171770.55,1,1,0,22745.5,0,0.187312223270154
15642041,727,Germany,Male,40,1,93051.64,2,1,0,71865.31,1,0.33304282402498
15709737,643,France,Male,36,7,161064.64,2,0,1,84294.82,0,0.0651966633032474
15792388,645,France,Female,48,7,90612.34,1,1,1,149139.13,0,0.200504730151828
15786014,568,France,Male,28,5,145105.64,2,1,0,185489.11,0,0.104732216942301
15794580,599,France,Male,58,4,0,1,0,0,176407.15,1,0.447661466926935
15675964,672,France,Female,45,9,0,1,1,1,92027.69,1,0.131610024710051
15814275,685,France,Male,33,6,174912.72,1,1,1,43932.54,0,0.0547812091805851
15724848,516,France,Female,46,1,104947.72,1,1,0,115789.25,1,0.442329818222858
15754713,685,Spain,Male,31,10,135213.71,1,1,1,125777.28,0,0.044297403102352
15693814,806,Spain,Male,25,7,0,2,1,0,18461.9,0,0.0493658222149921
15599660,604,France,Male,36,6,116229.85,2,1,1,79633.38,0,0.0596443355213726
15746490,648,Spain,Female,53,6,111201.41,1,1,1,121542.29,0,0.285452627172233
15566091,545,Spain,Female,32,4,0,1,1,0,94739.2,0,0.178488346403332
15655961,756,Germany,Male,27,1,131899,1,1,0,93302.29,0,0.190162549562108
15710404,569,France,Male,35,10,124525.52,1,1,1,193793.78,0,0.0616912981130082
15775625,596,France,Male,47,6,0,1,1,0,74835.65,0,0.244150975554644
15792328,475,France,Male,39,6,0,1,1,1,56999.9,1,0.0618141374565799
15719856,646,France,Female,45,3,47134.75,1,1,1,57236.44,0,0.157385596786821
15593773,784,Spain,Male,35,3,0,2,0,0,81483.64,0,0.114111765181521
15733114,552,Spain,Male,45,9,0,2,1,0,26752.56,0,0.202208661937031
15797748,729,France,Male,44,5,0,2,0,1,9200.54,0,0.0698073408793038
15743411,609,Spain,Male,61,1,0,1,1,0,22447.85,1,0.494406903774376
15753337,555,France,Male,51,5,0,3,1,0,189122.89,1,0.281492120738429
15601026,572,Germany,Female,19,1,138657.08,1,1,1,16161.82,0,0.0786739194634056
15658485,785,France,Female,34,9,70302.48,1,1,1,68600.36,0,0.0701837466285377
15636731,714,Germany,Female,36,1,101609.01,2,1,1,447.73,0,0.17732541897323
15628303,738,Spain,Male,35,3,0,1,1,1,15650.73,0,0.0439513045761268
15633461,639,Germany,Male,38,5,130170.82,1,1,1,149599.62,0,0.156829854298621
15677135,520,Germany,Male,61,8,133802.29,2,1,1,90304.01,0,0.472492384458178
15590876,764,France,Female,24,7,106234.02,1,0,0,115676.38,0,0.118290076158561
15790782,661,Spain,Male,39,6,132628.98,1,0,0,38812.67,0,0.206369468748641
15700476,564,Germany,Male,41,9,103522.75,2,1,1,34338.21,0,0.151505598583
15634141,708,Germany,Female,42,8,192390.52,2,1,0,823.36,0,0.527188556024222
15737795,512,Spain,Male,36,1,0,1,0,1,135482.26,1,0.060122267269297
15790299,592,Spain,Male,37,9,0,3,1,1,10656.89,0,0.0399008299258766
15675316,619,France,Female,38,3,0,2,0,1,116467.35,0,0.0904600332247089
15613630,775,France,Male,52,8,109922.61,1,1,1,96823.32,1,0.160984547206787
15662100,850,Germany,Female,44,5,128605.32,1,0,1,171096.2,0,0.307167305246774
15668032,577,France,Female,37,4,0,1,1,1,79881.39,0,0.0887488622768254
15599289,724,France,Female,37,10,68598.56,1,1,0,157862.82,0,0.229500288244912
15754084,710,Spain,Male,35,1,106518.52,1,1,1,127951.81,0,0.0613752197682343
15676521,696,France,Female,31,8,0,2,0,0,191074.11,0,0.137404562116958
15804586,376,France,Female,46,6,0,1,1,0,157333.69,1,0.378630163825635
15781465,675,Germany,Female,29,8,121326.42,1,1,0,133457.52,0,0.294310001209312
15729362,745,France,Male,36,8,67226.37,1,1,0,130789.6,0,0.136442776770953
15709295,697,Spain,Female,25,5,82931.85,2,1,1,128373.88,0,0.0417681963305588
15745324,599,Spain,Female,39,4,0,1,1,0,194273.2,1,0.258774586973015
15741336,715,France,Female,38,5,118590.41,1,1,1,5684.17,1,0.108363886469218
15783659,659,France,Male,67,4,145981.87,1,1,1,131043.2,0,0.412904885360622
15620981,684,France,Female,48,3,73309.38,1,0,0,21228.34,1,0.42888875966834
15630328,635,France,Female,48,8,130796.33,2,1,1,43250.3,0,0.198314024382484
15785899,789,Germany,Male,33,8,151607.56,1,1,0,4389.4,0,0.236464313364655
15606149,571,Germany,Female,66,9,111577.01,1,0,1,189271.9,0,0.708276526013818
15671139,694,Spain,Male,39,0,107042.74,1,1,1,102284.2,0,0.0832391396904758
15660429,665,Spain,Female,42,2,156371.61,2,0,1,156774.94,1,0.173379211619511
15571002,706,France,Female,44,4,129605.99,1,0,0,69865.49,0,0.395768036537778
15631681,807,Spain,Female,43,0,0,2,0,1,85523.24,0,0.120250240671427
15731522,771,Spain,Female,67,8,0,2,1,1,51219.8,0,0.392355877613999
15619529,531,Spain,Male,27,8,132576.25,1,0,0,7222.92,0,0.105694222218312
15628034,629,France,Female,37,6,129101.3,1,1,1,23971.33,0,0.111777570308509
15686164,850,Germany,Female,31,1,108822.4,1,1,1,132173.31,0,0.139719995450929
15582797,685,Spain,Male,35,4,137948.51,1,1,0,113639.64,0,0.173287767958944
15753831,642,Spain,Male,32,7,100433.8,1,1,1,39768.59,0,0.0449982000702614
15731815,529,Spain,Male,63,4,96134.11,3,1,0,108732.96,1,0.555659507037461
15580956,683,Germany,Female,43,4,115888.04,1,1,1,117349.19,1,0.300965267569306
15602084,663,France,Female,42,5,124626.07,1,1,1,78004.5,0,0.155188175088652
15589805,563,France,Female,34,6,139810.34,1,1,1,152417.79,0,0.104671391405094
15720893,637,Spain,Female,34,9,0,2,0,0,26057.08,0,0.160815956341547
15641009,544,France,Male,37,3,84496.71,1,0,0,79972.09,0,0.187125668062373
15605926,649,Germany,Male,70,9,116854.71,2,0,1,107125.79,0,0.615464521559244
15805955,638,France,Female,48,10,138333.03,1,1,1,47679.14,0,0.205250596598646
15801488,723,France,Male,25,3,0,2,1,1,134509.47,0,0.0194327484513694
15605918,635,Germany,Male,43,5,78992.75,2,0,0,153265.31,0,0.396183313876775
15779711,750,Spain,Female,38,7,97257.41,2,0,1,179883.04,0,0.102929904330361
15705620,730,France,Male,34,5,122453.37,2,1,0,138882.98,0,0.132573425430975
15685357,750,Spain,Female,36,8,112940.07,1,0,1,9855.81,0,0.0960653867490213
15570060,586,France,Female,43,8,132558.26,1,1,0,67046.83,1,0.373091732035735
15582616,520,France,Female,38,4,0,2,1,0,56388.63,0,0.225660691901251
15799515,652,France,Female,48,8,133297.24,1,1,0,77764.37,0,0.437211654319548
15642937,550,France,Female,46,7,0,2,1,0,130590.35,0,0.332015143906138
15624729,594,France,Male,27,0,197041.8,1,0,0,151912.49,0,0.136337215669733
15566156,749,Germany,Female,44,0,71497.79,2,0,0,151083.8,0,0.543277363799135
15792360,668,France,Male,32,7,0,2,1,1,777.37,0,0.0292545176980184
15807008,614,Germany,Female,35,6,128100.28,1,0,0,69454.24,1,0.415850227193546
15704770,773,France,Male,25,1,124532.78,2,0,1,11723.57,0,0.0270305283071735
15756475,551,Germany,Male,31,9,82293.82,2,1,1,91565.25,0,0.0769744640019004
15655339,566,France,Male,36,1,142120.91,1,1,0,79616.37,0,0.194322834899235
15613749,569,Spain,Male,34,0,151839.26,1,1,0,102299.81,1,0.186794684650239
15664521,659,Spain,Male,31,7,149620.88,2,1,1,104533.51,0,0.0449532682560835
15681206,722,France,Female,49,3,168197.66,1,1,0,140765.57,1,0.50178373975575
15745527,655,France,Male,37,5,93147,2,1,0,66214.13,0,0.15019210635472
15806926,615,France,Female,35,2,97440.02,2,1,1,139816.1,0,0.0894707265821477
15724563,752,Germany,Female,42,3,65046.08,2,0,1,140139.28,0,0.238411199386462
15782899,661,Spain,Female,28,7,95357.49,1,0,0,102297.15,0,0.154510637821535
15623521,838,Spain,Male,43,9,123105.88,2,1,0,145765.83,0,0.214472768910669
15810218,610,Spain,Male,29,9,0,3,0,1,83912.24,0,0.0241638580382558
15645621,811,Spain,Male,44,3,0,2,0,1,78439.73,0,0.0756084059344313
15608114,587,Spain,Male,62,7,121286.27,1,0,1,6776.92,0,0.328712982220057
15659557,811,Germany,Female,28,4,167738.82,2,1,1,9903.42,0,0.113399274878871
15787772,759,France,Female,38,1,104091.29,1,0,0,91561.91,0,0.276824594104875
15691111,648,Germany,Female,42,8,121980.56,2,1,0,4027.02,0,0.487555933093405
15592089,788,France,Female,43,10,0,2,1,1,116111.51,0,0.100372726454166
15633897,725,Germany,Male,39,1,50880.98,2,1,1,184023.54,0,0.130587853786758
15701301,646,France,Female,42,3,175159.9,2,0,0,67124.48,1,0.370611187504213
15723685,601,Germany,Female,26,7,105514.69,2,1,0,50070.59,0,0.232270860621042
15701602,521,Germany,Male,52,5,116497.31,3,0,0,53793.1,1,0.557994313769957
15739189,561,Spain,Female,33,6,0,2,1,0,45261.47,0,0.158777121185781
15573086,564,France,Male,42,7,99824.45,1,1,1,36721.4,0,0.0939259213306302
15569050,444,France,Male,45,6,0,1,1,0,130009.85,1,0.25102020678196
15750765,650,Spain,Male,71,0,0,1,1,1,175380.77,0,0.423176822934536
15799811,724,France,Male,40,10,0,1,1,0,127847.25,1,0.145656619010439
15698442,719,Spain,Male,35,3,122964.88,1,1,1,138231.7,0,0.0628219862608414
15655274,548,France,Female,29,4,0,2,0,1,48673.18,0,0.0493191435433149
15603594,635,Spain,Male,24,4,0,2,1,1,70668.77,0,0.0199350150012575
15585961,496,Spain,Female,43,3,0,2,0,1,199505.53,0,0.146341637372869
15686936,676,France,Female,37,5,89634.69,1,1,1,169583.18,1,0.105585659803388
15770424,541,Germany,Male,40,7,95710.11,2,1,0,49063.42,0,0.330830591143187
15587451,778,Germany,Male,41,7,139706.31,1,1,0,63337.19,0,0.373412351253103
15602010,850,Germany,Female,45,5,103909.86,1,1,0,60083.11,1,0.54641438121329
15600583,633,France,Male,31,1,0,1,1,0,48606.71,0,0.0993107043532006
15654673,625,France,Male,49,6,173434.9,1,1,0,165580.93,1,0.384163615548138
15717164,485,Spain,Male,32,6,102238.01,2,1,1,194010.12,0,0.0499009525067477
15765014,547,France,Female,48,1,179380.74,2,0,1,69263.1,0,0.254370291390109
15682639,642,France,Male,32,3,0,2,1,1,88698.83,0,0.0339228636121355
15729279,718,France,Female,25,4,108691.95,1,1,0,63030.97,0,0.123639318097565
15759805,582,France,Female,32,4,0,2,1,0,59668.81,0,0.147344777442964
15767864,628,France,Male,33,6,0,2,0,0,184230.23,0,0.102479452902724
15769948,737,Germany,Male,35,0,133377.8,1,0,1,64050.19,0,0.12913082188499
15686345,828,Spain,Male,34,9,0,2,1,1,81853.98,0,0.032517928278159
15688071,609,Spain,Male,53,10,0,1,1,1,154642.91,0,0.148658148741457
15681174,730,France,Male,39,1,116537.6,1,0,0,145679.6,0,0.212548201438238
15667521,631,France,Female,22,3,0,2,0,0,30781.77,0,0.0799123896102975
15750243,830,Spain,Male,40,4,0,2,0,1,81622.52,0,0.0547291752825521
15695475,645,France,Male,29,1,130131.08,2,0,1,196474.35,0,0.0430904681875415
15689176,663,France,Male,46,3,0,2,0,1,176276.1,0,0.0946093783391467
15652955,678,Spain,Male,30,0,0,1,1,0,35113.08,0,0.0930639415453435
15668958,521,France,Male,30,2,107316.09,1,1,0,64299.82,0,0.124871198491502
15631054,625,France,Female,24,1,0,2,1,1,180969.55,0,0.0355427736131915
15581479,523,France,Male,30,1,83181.29,1,1,1,138176.78,0,0.0468590122703071
15577478,714,France,Female,72,3,0,1,1,1,86733.61,0,0.541927762768347
15780870,580,Spain,Male,67,3,153946.14,1,1,1,7418.92,0,0.428859568750015
15692317,722,France,Male,30,5,0,2,1,0,166376.54,0,0.0780443551007024
15593969,630,Spain,Female,39,7,135483.17,1,1,0,140881.2,1,0.32064549548368
15570417,579,France,Male,35,1,0,2,1,0,4460.2,0,0.119959818463721
15779059,670,France,Female,38,4,119624.54,2,1,1,110472.12,0,0.107245977352972
15785980,588,Spain,Male,34,6,121132.26,2,1,0,86460.28,0,0.140069610561718
15644200,807,Spain,Female,42,1,0,1,1,0,16500.66,1,0.272019023392168
15793949,726,France,Female,48,4,0,1,1,0,114020.06,1,0.36139827135581
15645103,812,Germany,Male,25,5,54817.55,1,1,0,131660.31,0,0.132726648262781
15705860,631,Germany,Male,40,3,107949.45,1,1,0,52449.62,1,0.366269317927719
15623828,682,France,Male,30,4,0,1,0,1,161465.31,0,0.0342382806699338
15715003,625,Spain,Female,49,2,80816.45,1,1,1,20018.79,0,0.222702499334113
15623471,607,Germany,Male,38,3,98205.77,1,1,0,176318.27,0,0.349420561970366
15798348,600,Spain,Female,50,6,94684.27,1,1,1,50488.91,0,0.232311033058482
15743016,602,Spain,Female,22,7,141604.76,1,1,0,30379.6,0,0.114548770401504
15769499,545,Spain,Female,74,3,0,2,1,1,161326.73,0,0.585581443257931
15798521,675,Spain,Male,33,3,0,2,1,0,45348.08,0,0.096283088016653
15706534,581,France,Female,47,1,122949.14,1,0,0,180251.68,1,0.481708776285944
15706186,640,Germany,Male,33,8,81677.22,2,0,0,34925.56,0,0.218113686251507
15812197,850,France,Male,38,7,80293.98,1,0,0,126555.74,0,0.154799767065807
15650933,490,Spain,Female,48,8,155413.06,1,1,0,187921.3,0,0.510305493230311
15692991,710,Spain,Female,38,4,0,2,1,1,136390.88,0,0.0839236863948303
15631189,613,Germany,Male,38,9,67111.65,1,1,0,78566.64,1,0.298818907770859
15762198,812,France,Male,34,5,103818.43,1,1,1,166038.27,0,0.0493587087240577
15699598,723,France,Female,20,4,0,2,1,1,140385.33,0,0.0231405402343281
15692744,512,France,Male,36,4,152169.12,2,0,0,38629.3,1,0.183451975311159
15688963,731,France,Female,52,10,0,1,1,1,24998.75,1,0.187093129653768
15599131,650,Germany,Male,26,4,214346.96,2,1,0,128815.33,0,0.205651983306982
15680303,594,France,Male,57,6,0,1,1,0,19376.56,1,0.400502932133162
15628674,844,France,Male,40,7,113348.14,1,1,0,31904.31,1,0.181767804359359
15648075,686,Germany,Female,47,5,170935.94,1,1,0,173179.79,1,0.659256260828439
15586970,695,Germany,Male,52,8,103023.26,1,1,1,22485.64,0,0.295226424301989
15625698,624,Spain,Female,23,6,0,2,0,1,196668.51,0,0.0334667435275269
15790497,503,Spain,Male,37,6,0,2,0,0,136506.86,0,0.143098190942129
15682618,535,France,Female,31,7,111855.04,2,1,1,36278.89,0,0.0680245616038366
15762937,743,Germany,Female,32,6,140348.56,2,1,1,163254.39,0,0.144658772575617
15750929,702,Spain,Male,39,8,0,2,1,0,99654.13,0,0.134457793634213
15729832,658,France,Male,29,3,145512.84,1,1,0,20207.02,0,0.112643670806502
15633650,677,Germany,Female,41,8,146720.98,2,1,1,4195.84,0,0.242847179201684
15748856,664,France,Male,32,10,107209.73,1,1,1,112340.2,0,0.0431663389117992
15589195,766,Germany,Female,38,7,130933.74,1,0,1,2035.94,0,0.21711775804362
15699911,461,Spain,Female,35,8,0,1,1,0,132295.95,0,0.208581937865249
15663438,688,Spain,Male,36,0,89772.3,1,1,0,177383.68,1,0.175852996118555
15692583,678,France,Female,32,5,0,2,1,0,90284.47,0,0.141481725717387
15591257,796,France,Male,24,8,0,2,1,0,61349.37,0,0.0462074130925817
15646513,803,France,Male,42,5,0,1,1,0,196466.83,1,0.1790763013105
15708063,712,France,Male,36,2,100749.5,3,0,0,70758.37,1,0.139516058352841
15696098,498,France,Female,31,10,0,2,1,0,13892.57,0,0.133090743703795
15645517,850,Spain,Male,22,2,0,2,1,1,9684.52,0,0.0148850301568
15649744,628,France,Female,51,3,123981.31,2,1,1,40546.15,0,0.246327044943512
15604304,539,Germany,Female,34,4,91622.42,1,1,1,136603.42,0,0.188179725024142
15784092,732,France,Male,36,7,126195.81,1,1,1,133172.48,0,0.0598527791322388
15585198,715,France,Male,41,4,94267.9,1,0,1,152821.12,1,0.0904872118914398
15624347,651,France,Male,40,4,0,2,1,1,147715.83,0,0.0603446384109705
15621687,813,France,Male,34,0,0,2,1,0,43169.15,0,0.0997408159426325
15689081,692,France,Male,29,4,0,1,1,0,76755.99,1,0.079636184211858
15813168,756,Germany,Female,39,3,100717.85,3,1,1,73406.04,1,0.183771823122183
15604295,543,France,Male,36,6,0,2,1,0,176728.28,0,0.129939181804608
15724127,790,France,Female,26,4,141581.71,2,0,0,98309.27,0,0.131897137671536
15673055,494,Spain,Male,38,7,0,2,1,1,6203.66,0,0.0531171420011076
15768201,850,France,Female,39,2,148586.64,1,1,1,176791.27,0,0.127653219414414
15782219,703,Spain,Male,29,9,0,2,1,0,50679.48,0,0.0667331951346238
15746410,432,Spain,Male,38,7,0,2,1,0,150580.88,0,0.152771537212693
15780144,512,Germany,Female,32,2,123403.85,2,1,0,80120.19,0,0.360538713803177
15590476,589,France,Male,28,7,0,2,1,0,151645.96,0,0.0732047837108595
15624293,514,France,Female,46,3,106511.85,1,1,0,55072.32,0,0.435035258247157
15618182,678,France,Female,38,2,0,2,0,0,115068.99,0,0.22418738790507
15660316,420,Germany,Female,34,1,135549.9,1,0,0,149471.13,1,0.473460430611857
15678886,679,Germany,Male,38,7,110555.37,2,1,0,46522.68,0,0.293188617787573
15616330,595,France,Male,31,4,0,2,1,0,189995.86,0,0.0941109302039617
15592229,713,France,Female,52,0,185891.54,1,1,1,46369.57,1,0.316025135830197
15798424,833,Germany,Male,59,1,130854.59,1,1,1,30722.52,1,0.42085355572103
15714750,690,France,Female,42,3,92578.14,2,0,0,70810.6,0,0.314776690979072
15648800,731,Germany,Female,21,8,132312.06,1,1,0,106663.46,1,0.191101170819734
15626147,608,France,Female,62,8,144976.5,1,0,0,175836.03,1,0.724011621872762
15626608,479,Spain,Male,48,5,87070.23,1,0,1,85646.41,0,0.156471297880846
15723250,519,France,Male,42,8,0,2,1,1,101485.72,0,0.0675760036810116
15592583,731,France,Female,47,1,115414.19,3,0,0,191734.67,1,0.410962424484779
15759381,617,Spain,Male,61,7,91070.43,1,1,1,101839.77,0,0.283842990977233
15585241,756,Spain,Male,29,2,117412.19,2,1,0,4888.91,0,0.0977210071592372
15589358,848,Germany,Male,31,4,90018.45,2,1,0,193132.98,0,0.195775975428421
15672704,809,France,Female,24,4,0,2,1,0,193518.76,0,0.0831148735929643
15789955,698,Germany,Male,56,1,112414.81,2,0,0,93982.02,1,0.63572775962808
15596800,779,Germany,Male,33,1,158456.76,1,1,1,197000.92,1,0.122626431874885
15627305,606,Spain,Male,35,7,0,1,1,0,106837.06,1,0.126112670759575
15645316,612,Germany,Female,58,1,149641.53,1,1,1,115161.28,0,0.602114361172424
15593973,663,Spain,Female,33,8,122528.18,1,1,0,196260.3,0,0.225771140048932
15647301,549,Germany,Female,45,3,143734.01,2,1,1,96404.38,0,0.343532645685548
15750258,675,France,Female,32,2,155663.31,1,1,0,97658.66,0,0.222037261860598
15685309,669,France,Female,35,7,0,1,1,1,49108.23,1,0.0689286330687602
15628205,571,Germany,Female,34,1,101736.66,1,0,1,195651.66,0,0.207424334662395
15733974,500,Spain,Male,37,9,125822.21,1,1,0,111698,0,0.190549407783115
15762110,628,France,Male,37,0,0,2,1,1,171707.93,0,0.051721449672692
15706899,559,France,Male,34,4,0,2,1,1,66721.98,0,0.0398691651282781
15732660,769,France,Female,27,2,0,1,1,1,57876.05,0,0.0399341238570801
15656121,733,Germany,Male,31,6,157791.07,2,0,0,177994.81,0,0.236985309144834
15614220,750,France,Male,22,5,0,2,0,1,105125.65,0,0.016162744436792
15645269,583,France,Female,42,4,0,2,1,0,17439.66,0,0.265139237961505
15698510,468,Germany,Male,42,9,181627.14,2,1,0,172668.39,0,0.44089927614809
15569247,727,Spain,Female,57,1,109679.72,1,0,1,753.37,0,0.361323256199127
15566251,618,France,Female,37,5,96652.86,1,1,0,98686.4,1,0.267631640605714
15716134,617,France,Male,40,5,190008.32,2,1,1,107047.92,0,0.0925532282425632
15763625,793,Spain,Male,41,9,0,2,1,0,152153.74,0,0.145397012598153
15605965,630,France,Male,43,9,0,2,1,1,34338.04,0,0.0663878808465807
15694821,765,Germany,Male,43,4,148962.76,1,0,1,173878.87,1,0.214909025655736
15601688,546,France,Male,28,8,0,1,1,0,159254.29,0,0.0813742329819484
15575581,614,Germany,Female,30,3,131344.52,2,1,0,54776.64,0,0.322981610700134
15671209,593,Germany,Female,29,5,101713.84,3,1,0,134594.99,0,0.269634740610233
15616529,613,Spain,Male,34,3,0,1,1,1,41724.72,0,0.0450699691576605
15773906,655,France,Male,38,4,0,2,0,0,110527.71,0,0.138277304789233
15722993,700,France,Female,27,6,137963.07,1,0,0,8996.79,0,0.149959474245108
15752463,826,Spain,Female,29,4,129938.07,1,0,1,190200.53,0,0.0676875984703241
15589754,652,Germany,Male,45,2,151421.44,1,0,1,115333.43,0,0.261698841010217
15669899,755,Germany,Female,45,7,135643,1,0,0,143619.52,1,0.59128495535847
15766887,538,Spain,Male,39,2,122773.5,2,1,1,58467.08,0,0.080650670782354
15768006,729,France,Male,34,3,152303.8,1,1,0,12128.69,0,0.148830940938258
15741295,615,France,Male,49,3,0,2,1,1,49872.33,0,0.106295708641109
15811327,700,Spain,Male,54,1,79415.67,1,0,1,139735.54,0,0.201975143363398
15690007,434,Germany,Female,58,9,125801.03,2,1,0,60891.8,1,0.782152031357847
15690664,729,Spain,Male,37,10,0,2,1,0,100862.54,0,0.11494990041406
15719348,513,France,Male,35,8,0,1,1,0,76640.29,1,0.123058095211539
15781802,755,France,Male,41,6,104817.41,1,1,0,126013.58,1,0.20207211142355
15752731,615,France,Female,30,9,0,1,1,0,87347.82,0,0.131641114561988
15600997,747,Germany,Female,32,5,67495.04,2,0,1,77370.37,0,0.129107477862265
15750776,850,France,Female,36,0,164850.54,1,1,1,62722.44,0,0.107552189822006
15723907,712,Germany,Female,49,5,154776.42,2,0,0,196257.68,0,0.664018196488187
15633419,622,Germany,Female,28,1,143124.63,2,1,0,81723.8,0,0.303649303428078
15702430,548,France,Female,35,10,0,1,1,1,31299.71,0,0.0701860492980088
15710456,607,France,Female,27,2,0,2,1,0,63495.86,0,0.110171624957718
15650351,653,France,Female,38,8,102133.38,1,1,1,166520.96,0,0.113483285110152
15590820,699,Spain,Male,26,6,79932.41,1,0,0,150242.44,0,0.0870932589294528
15640454,693,Germany,Male,40,0,120711.73,1,0,0,27345.18,1,0.387630409120998
15697789,647,Germany,Female,43,3,122717.53,2,1,1,87000.39,0,0.28263315703264
15808182,478,Spain,Female,36,3,92363.3,2,1,0,44912.7,0,0.245791176657689
15588670,705,Spain,Female,40,5,203715.15,1,1,0,179978.68,1,0.378438796589784
15721292,719,Spain,Male,39,5,0,2,1,0,145759.7,0,0.142433138552613
15604217,726,France,Male,34,9,0,2,0,0,14121.61,0,0.0953380425665512
15651369,626,France,Male,21,1,0,2,1,0,66232.23,0,0.0459341339331705
15782454,552,France,Male,49,4,0,1,1,1,190296.76,1,0.125143667818564
15814032,807,Germany,Female,31,1,93460.47,2,0,0,172782.69,0,0.305058228856784
15570326,621,France,Male,34,6,0,2,1,1,99128.13,0,0.0390456284605607
15624428,651,Germany,Female,24,7,40224.7,1,1,1,178341.33,0,0.080765007379033
15755638,673,France,Female,43,5,168069.73,1,1,1,146992.24,1,0.179312305103264
15600992,652,France,Male,36,1,0,2,1,1,151314.98,0,0.0482887228397623
15755649,584,Germany,Male,47,7,130538.77,1,1,0,92915.84,0,0.498504810840976
15795228,756,France,Male,37,3,132623.6,1,1,1,58974,0,0.0656585056453157
15589257,670,France,Female,35,3,103465.02,2,1,1,174627.06,0,0.0925540380337203
15719302,765,France,Female,50,9,126547.8,1,1,1,79579.94,1,0.21930813294695
15639882,528,France,Male,30,2,128262.72,2,1,0,50771.16,0,0.119533948726011
15791279,701,France,Male,40,5,169742.64,1,1,1,153537.55,1,0.0921185713711036
15636935,797,France,Female,29,1,0,2,1,1,132975.39,0,0.0440808380924942
15686909,639,Germany,Male,27,3,150795.81,1,0,1,85208.93,0,0.0835324833260379
15589572,785,Spain,Female,61,4,129855.72,2,1,0,170214.82,1,0.666669439758352
15779947,363,Spain,Female,28,6,146098.43,3,1,0,100615.14,1,0.168000039374641
15573769,764,France,Female,24,7,0,2,1,0,186105.99,0,0.0834456590209708
15578866,676,France,Female,43,2,0,1,1,1,55119.53,0,0.128398708608351
15739131,718,Germany,Male,28,4,65643.3,1,1,0,28760.99,0,0.164322319526097
15813444,590,Spain,Female,34,6,0,2,1,0,171021.44,0,0.171868186922439
15678058,584,France,Male,38,9,104584.16,1,1,0,176678.72,0,0.186267500193284
15769169,645,France,Male,41,7,0,1,0,1,28667.56,0,0.0650306001235096
15804602,772,Germany,Male,30,6,99785.28,2,0,0,197238.03,0,0.189964436818917
15651052,399,Germany,Male,46,2,127655.22,1,1,0,139994.68,1,0.541746008688819
15724334,529,France,Male,22,5,0,1,1,0,151169.83,0,0.055361138188486
15569451,463,France,Male,35,2,101257.16,1,1,1,118113.64,0,0.0701700839447697
15650098,630,France,Female,40,7,0,2,1,1,34453.17,0,0.0900680151255195
15724307,780,France,Male,76,10,121313.88,1,0,1,64872.33,0,0.522502760940606
15599268,584,Spain,Male,32,5,0,2,1,0,10956.82,0,0.0955497075189872
15594864,752,Germany,Male,30,4,81523.38,1,1,1,36885.85,0,0.0761697950952464
15616451,697,France,Female,47,6,128252.66,1,1,1,168053.4,0,0.21080535530665
15715667,850,France,Female,32,7,0,2,0,0,155227,0,0.132554302774013
15658969,711,France,Male,51,7,0,3,1,0,38409.79,1,0.245756978474826
15738174,452,France,Female,32,5,0,2,0,1,75279.39,0,0.0628772622136688
15813590,610,Spain,Male,42,6,0,2,1,0,158302.59,1,0.176735695661267
15624229,694,France,Female,22,4,0,2,1,1,11525.72,0,0.0260659455171665
15674148,579,Spain,Male,33,6,0,1,1,0,94993.04,1,0.112518538646045
15625080,745,Spain,Female,54,8,0,1,1,0,173912.29,1,0.474735686203993
15682528,572,France,Male,33,5,0,1,0,1,41139.05,0,0.0415689334144535
15696900,505,Germany,Male,29,3,145541.56,2,1,1,58019.95,0,0.0880934475497708
15730038,706,France,Female,23,5,0,1,0,0,164128.41,1,0.0908526949640368
15812272,693,Germany,Male,44,5,124601.58,2,1,1,46998.13,1,0.183270471540903
15654654,725,Germany,Female,33,7,115182.84,2,1,1,177279.41,0,0.149393715120738
15697625,791,France,Male,37,2,163789.49,2,1,0,75832.53,0,0.171848297689284
15616280,536,France,Male,46,1,65733.41,1,1,0,61094.53,0,0.294294915152984
15654229,699,Spain,Male,47,1,0,2,0,1,30117.44,0,0.0993506017594953
15628298,500,Spain,Female,47,8,128486.11,1,1,0,179227.12,0,0.473211462450686
15733387,707,Spain,Female,53,6,109663.47,1,1,1,52110.45,0,0.27068025133086
15775572,531,Germany,Female,42,6,88324.31,2,1,0,75248.75,0,0.49600785727279
15613844,557,France,Female,28,7,146445.24,2,1,0,184317.74,0,0.168848575224184
15578515,659,France,Female,38,3,0,2,1,0,158553.1,0,0.221159723773003
15607598,575,Spain,Female,31,6,0,2,1,1,95686.42,0,0.0552712956533574
15742480,775,Germany,Male,36,2,109949.05,2,0,1,71682.54,0,0.114530890819827
15749482,772,Spain,Male,30,4,78653.05,1,1,0,1790.48,0,0.096379545645927
15607537,587,Germany,Male,46,9,107850.82,1,1,0,139431,1,0.472297248608044
15575410,667,Germany,Female,39,4,83765.35,2,1,0,118358.54,0,0.442457788473627
15684865,771,France,Female,66,7,143773.07,1,1,1,130827.88,0,0.500275334258124
15600700,523,Germany,Male,63,6,116227.27,1,1,1,119404.63,0,0.538568489248912
15774155,662,Germany,Male,33,0,103471.52,1,1,1,162703,0,0.110888151961532
15634267,717,France,Male,42,5,0,2,1,0,172665.21,0,0.171515398114527
15619626,746,France,Male,24,3,137492.35,2,0,1,170142.09,0,0.0282825127141149
15660422,569,France,Male,28,7,0,2,1,0,73977.23,0,0.0703574335468031
15617934,579,France,Male,36,9,129829.59,1,1,1,60906.12,0,0.0650040864311727
15760774,519,France,Female,21,1,146329.57,2,1,1,194867.27,0,0.0434882427723446
15813132,696,Germany,Male,30,4,114027.7,1,1,1,193716.56,0,0.086747828338286
15593331,693,Germany,Male,25,6,146580.69,1,0,1,14633.35,0,0.0662667294308738
15616709,587,Germany,Female,38,0,132122.42,2,0,0,31730.32,0,0.483361061540056
15658052,626,France,Female,44,10,81553.93,1,1,0,20063.63,1,0.335142660293723
15721189,666,France,Female,66,7,0,2,1,1,99792.82,0,0.393409321740353
15711288,512,France,Male,24,6,0,2,1,0,37654.31,0,0.0547280622898577
15770030,689,Spain,Female,28,3,0,2,1,1,192449.02,0,0.043921222796928
15803681,803,France,Female,26,4,0,2,1,1,181208.47,0,0.0333342614936175
15702789,548,Germany,Male,32,5,175214.71,1,1,1,155165.61,0,0.124037540597959
15814930,588,Germany,Female,40,10,125534.51,1,1,0,121504.18,1,0.486953809298002
15658306,693,France,Male,68,4,97705.99,1,1,1,61569.07,0,0.394207550556092
15699523,499,Germany,Female,55,4,126817.65,2,1,0,123269.71,0,0.755340265323618
15610383,628,France,Female,46,1,46870.43,4,1,0,31272.14,1,0.315646396316918
15615032,624,Spain,Male,46,3,0,2,1,1,62825.03,0,0.0928996717516564
15781989,733,France,Male,42,9,120094.93,1,1,0,184056.45,0,0.219983786273969
15647402,628,France,Female,38,3,0,2,1,1,48924.73,0,0.0843142424244927
15740494,633,France,Female,33,3,0,2,1,0,191111.02,0,0.163560780342417
15701265,559,Germany,Female,36,1,104356.94,2,0,1,54184.06,0,0.202732452119683
15743532,704,Germany,Male,27,5,147004.34,1,1,0,64381.33,1,0.186080635009879
15794870,744,Germany,Male,38,6,73023.17,2,1,0,78770.86,0,0.264873211485581
15747591,665,Spain,Female,40,1,173432.55,1,0,1,116766.79,0,0.169742044192555
15726557,638,France,Female,42,7,165679.92,1,0,0,32916.29,0,0.369298741865114
15732199,837,Spain,Male,31,9,104678.62,1,0,1,50972.6,0,0.0383528384784465
15662291,534,France,Female,55,8,116973.26,3,1,0,122066.5,1,0.536745963527318
15749050,548,France,Female,36,3,0,1,1,0,65996.9,0,0.211008677979182
15781586,837,Germany,Male,38,2,126732.85,1,1,1,79577.38,0,0.136129403372176
15617078,658,France,Female,44,6,148481.09,1,1,0,130529.13,0,0.400865469297015
15723339,554,France,Female,38,4,137654.05,2,1,1,172629.67,0,0.124588763316874
15671322,724,Germany,Male,30,7,115315.04,1,1,0,15216.53,0,0.199230380549034
15793854,723,France,Male,42,2,99095.73,1,1,1,17512.53,0,0.0861391317873247
15756539,585,Germany,Female,39,7,165610.41,2,0,0,131852.01,0,0.498822949235477
15612064,474,France,Male,33,5,0,2,1,0,181945.52,1,0.113328444829209
15625916,562,Spain,Male,32,6,161628.66,1,1,0,91482.5,0,0.155704513116519
15683195,719,France,Male,32,9,146605.27,1,1,1,77119.45,0,0.0467346958829353
15690182,635,Germany,Male,37,5,113488.68,1,1,0,95611.74,1,0.31832431850183
15721719,743,France,Male,42,7,77002.2,2,1,1,80428.42,0,0.0714235687589584
15641690,681,Spain,Male,67,7,0,2,0,1,163714.92,0,0.317342376406256
15634896,521,France,Female,39,6,0,2,0,1,27375.15,0,0.0952914601817415
15671590,741,Spain,Male,25,4,0,2,1,1,73873.65,0,0.019659236600365
15779182,790,Spain,Male,46,8,182364.53,1,0,0,139266.48,1,0.315774259323991
15778287,622,France,Male,35,8,0,2,1,1,131772.51,0,0.0390914731148521
15609510,669,France,Male,45,7,149364.58,1,0,1,173454.07,0,0.131739825903647
15742229,583,France,Male,59,7,127450.14,1,0,1,67552.71,0,0.278048013398675
15658532,520,Spain,Female,63,5,162278.32,1,1,1,34765.33,0,0.506574090338298
15590993,579,Spain,Male,37,5,152212.88,2,0,0,120219.14,0,0.201087880035814
15565701,698,Spain,Female,39,9,161993.89,1,0,0,90212.38,0,0.32521458396211
15597239,548,Spain,Male,39,7,131468.44,1,1,0,164975.82,0,0.227177352786331
15688880,672,Germany,Male,40,10,102980.44,1,1,0,1285.81,1,0.327147318084386
15813917,653,Germany,Male,31,9,143321.97,1,1,0,83679.46,0,0.225535327024129
15679611,734,Spain,Female,37,2,130404.92,1,0,0,34548.74,0,0.283481006177533
15636589,794,France,Female,41,7,0,2,1,1,74275.08,0,0.0889538422053993
15687752,641,France,Male,30,2,87505.47,2,0,1,7278.57,0,0.0375817061616324
15584363,824,France,Male,30,0,133634.02,1,1,1,162053.92,0,0.0450621240999021
15737748,534,Spain,Female,33,3,151233.62,1,0,0,199336.63,0,0.272605888083964
15803365,653,Spain,Male,55,2,70263.83,1,0,1,62347.71,0,0.206605933106874
15793247,498,France,Male,34,5,0,2,1,1,91711.66,0,0.0404109747258159
15572360,683,France,Male,30,10,57657.49,1,0,0,79240.9,0,0.09660920212292
15795166,618,Germany,Male,42,8,153572.31,2,1,1,76679.6,0,0.176133759359791
15724620,538,France,Male,37,1,134752.08,1,1,0,162511.55,0,0.209465462361325
15800856,643,Spain,Male,34,3,83132.09,1,1,1,21360.88,0,0.0515122265822814
15671097,428,France,Female,31,2,0,2,1,0,54487.43,0,0.158041399885924
15683930,593,Germany,Female,32,9,134096.53,2,1,0,53931.05,1,0.332166360158625
15749004,718,France,Female,31,0,118100.59,2,1,0,103165.15,0,0.179424697626246
15800434,811,Germany,Male,52,10,76915.4,1,0,0,146359.81,1,0.519268190064552
15709117,823,Spain,Female,46,3,81576.75,1,1,1,28370.95,1,0.166799083560315
15638806,645,Spain,Male,49,2,0,2,0,0,10023.15,0,0.275041490444405
15662294,710,France,Male,33,10,118327.17,2,1,1,192928.82,0,0.0445029482046486
15690079,591,Spain,Male,30,8,124857.69,2,0,0,50485.7,0,0.111408980913159
15759317,748,Germany,Female,27,2,90971.85,1,1,1,131662.47,0,0.106882695519718
15750497,850,France,Female,37,7,153147.75,1,1,1,152235.3,0,0.10501941146026
15596181,542,France,Male,38,8,65942.26,1,1,1,68093.23,1,0.0666808066690539
15576602,809,France,Male,38,3,0,2,1,1,80061.31,0,0.0474070030887193
15644833,675,France,Male,54,2,0,1,1,0,149583.67,1,0.368434340320928
15734634,607,Spain,Female,27,5,100912.19,1,0,0,7631.27,0,0.15148437241663
15808689,850,France,Female,31,4,0,2,1,1,33082.81,0,0.0427718402012626
15720702,789,France,Male,37,3,0,1,1,0,121883.87,1,0.130046267432792
15665077,598,France,Female,43,5,0,3,1,1,100722.72,1,0.107710622345809
15763612,756,Germany,Male,41,2,124439.49,2,0,1,47093.11,0,0.161328832724278
15596493,687,France,Female,47,7,0,2,1,1,177624.01,0,0.147018964539666
15704483,724,France,Male,40,6,0,2,0,0,106149.48,0,0.148537886972118
15598846,700,France,Female,44,2,58781.76,1,1,0,16874.92,0,0.342520004535541
15629244,635,Spain,Male,50,7,159453.64,2,0,0,54560.79,1,0.371372716203097
15765537,687,Germany,Male,26,2,142721.52,1,1,1,153605.75,0,0.0732133840717236
15729975,613,France,Female,46,8,167795.6,1,0,1,44390.38,0,0.21264981541492
15682773,781,France,Female,38,3,128345.69,2,1,0,63218.85,0,0.254216169587737
15688007,703,Spain,Male,20,3,165260.98,1,1,1,41626.78,0,0.0237622536731935
15574331,593,Germany,Female,62,3,118233.81,1,0,1,24765.53,1,0.651043137110488
15645572,743,France,Female,40,6,0,1,1,0,28280.8,1,0.232001059579223
15742854,640,Spain,Female,46,8,0,2,1,0,89043.19,0,0.312951059979464
15575417,849,Germany,Male,37,7,143452.74,2,1,1,17294.12,0,0.114867917581303
15796721,778,France,Male,38,3,145018.49,2,1,1,126702.41,0,0.0670127215819387
15734942,539,Germany,Female,38,8,82407.51,1,1,0,13123.41,0,0.430950054561907
15664772,489,Germany,Male,28,1,79460.98,2,1,1,167973.63,0,0.0773295002167401
15576683,568,Spain,Female,43,9,0,1,1,0,125870.79,1,0.307940601669433
15682563,618,Spain,Male,38,5,126473.99,1,1,0,91972.49,0,0.200587676494718
15650889,710,Germany,Female,30,10,133537.1,2,1,0,155593.74,0,0.292913766838988
15612108,625,France,Male,52,5,164978.01,1,1,1,67788.49,0,0.202328302632811
15761132,682,Spain,Male,46,7,128029.72,1,1,1,62615.35,0,0.121118369120612
15645511,727,Spain,Male,43,2,97403.18,1,1,1,107415.02,1,0.101707660770641
15609824,794,France,Female,41,7,176845.41,3,1,0,166526.26,1,0.302543787707828
15640268,652,Spain,Male,71,4,0,1,1,1,120107.1,0,0.407833892454335
15645778,670,Spain,Male,42,3,81589.04,1,1,0,188227.8,0,0.239385934635825
15691104,460,Germany,Female,40,6,119507.58,2,1,0,91560.63,1,0.499506493037356
15714567,568,Spain,Female,26,6,0,2,0,0,166495.2,0,0.112035224016467
15777826,643,France,Male,30,5,94443.77,1,1,1,165614.4,0,0.0404932354487692
15668445,521,France,Male,37,2,0,2,1,1,86372.24,0,0.0528342635249555
15576162,615,France,Male,32,7,92199.84,1,1,1,2755.53,0,0.0445677078889427
15778135,575,Spain,Male,43,3,0,1,1,0,83594.51,0,0.210785793789612
15613141,717,France,Female,41,3,135756.96,1,1,1,103706.41,0,0.150293836236223
15635435,648,France,Female,54,9,120633.42,1,0,0,5924.38,1,0.547628378784419
15596552,535,Germany,Male,48,5,134542.73,1,1,1,58203.67,1,0.287276053556925
15623644,626,Spain,Male,29,7,0,2,1,0,49361.84,0,0.0749082165946217
15683403,611,Spain,Male,52,7,0,1,0,1,73585.18,1,0.146337719297516
15615029,734,Spain,Male,39,6,0,1,1,1,95135.27,0,0.0577489215689188
15769005,709,France,Male,49,4,154344.49,2,1,1,38794.57,0,0.140100349597582
15746326,591,France,Male,43,3,0,2,0,1,198926.36,0,0.0807031966191324
15722364,664,France,Male,43,9,189026.53,2,1,1,56099.86,0,0.100742378246752
15704954,431,France,Male,37,0,120764.08,1,1,1,117023.08,0,0.0854808070358328
15694409,647,Germany,Female,22,3,97975.82,2,0,1,62083,0,0.0766175295384326
15754068,578,France,Male,32,4,0,2,1,1,141822.8,0,0.0350425227111613
15683841,555,Germany,Male,41,10,113270.2,2,1,1,185387.14,0,0.163890947243777
15789095,775,Spain,Male,30,4,0,2,0,1,57461.13,0,0.0276100010607373
15719958,850,Germany,Male,39,3,124548.99,2,1,1,120380.12,0,0.133449333824443
15689514,625,France,Male,43,8,201696.07,1,1,0,133020.9,1,0.290926607186373
15621353,645,Spain,Female,37,7,0,2,1,0,13589.93,0,0.192654216866509
15627232,608,Germany,Male,44,7,114203.47,1,1,1,77830.36,1,0.208788514616041
15745843,689,Spain,Female,31,4,0,2,1,1,136610.02,0,0.0522014130265005
15722902,652,Germany,Male,50,8,125437.64,1,1,1,17160.94,1,0.275624732894674
15791767,769,France,Female,26,7,0,2,1,0,176843.53,0,0.0897993105229418
15792722,611,France,Female,43,8,64897.75,1,1,0,114996.33,0,0.321072466401008
15723006,489,France,Male,38,8,0,2,0,1,196990.79,0,0.0571422453948639
15771942,528,Germany,Female,46,9,135555.66,1,1,0,133146.03,1,0.618556908448618
15774738,632,France,Male,44,3,107764.75,1,1,0,185667.72,0,0.271568508072182
15574004,429,France,Female,27,6,117307.44,2,1,1,24020.49,0,0.0581536678428676
15587233,457,France,Male,41,8,73700.12,3,1,1,185750.02,1,0.0767934610419406
15808228,768,Spain,Female,44,6,60603.4,1,1,1,178045.97,0,0.145055878922769
15682834,715,Spain,Female,35,4,40169.88,2,1,1,199857.47,0,0.0778043657764389
15571752,668,Germany,Female,32,10,92041.87,1,1,1,43595.9,0,0.13885445570491
15743067,625,Germany,Male,26,3,130483.95,1,1,0,122810.53,0,0.185620762246433
15714466,846,France,Female,41,5,0,3,1,0,3440.47,1,0.196291814819474
15617982,661,Spain,Female,42,3,0,2,1,0,35989.41,0,0.268138045604095
15696637,571,France,Female,23,10,151097.28,1,0,1,17163.75,0,0.0459112314702667
15690647,582,Spain,Female,46,8,67563.31,1,1,0,44506.09,1,0.383051664708871
15672756,716,France,Female,35,8,112808.18,1,0,1,17848.3,0,0.0894741792390065
15704586,758,France,Female,42,7,0,2,0,1,76209.56,0,0.0996571144863068
15674526,725,France,Male,66,4,86459.8,1,1,1,141476.56,0,0.356291993623842
15775295,630,France,Female,40,0,118633.08,1,0,1,60032.46,1,0.146515850360745
15684196,627,France,Female,55,2,159441.27,1,1,0,100686.11,1,0.617631645282894
15727281,653,France,Female,27,9,0,2,1,0,96429.29,0,0.0979522475371742
15787835,775,Germany,Female,38,4,125212.65,2,1,1,15795.88,1,0.190311512367636
15730540,794,Spain,Male,45,8,88656.37,2,1,0,116547.31,0,0.2243815888509
15646276,831,France,Female,32,2,146033.62,1,1,0,191260.74,0,0.212426734838354
15582180,561,France,Male,29,9,120268.13,1,1,1,173870.39,0,0.0421242425721588
15697095,705,Spain,Male,46,7,0,2,1,0,117273.35,0,0.21142729134125
15748797,636,Spain,Female,33,0,0,1,1,0,92277.47,1,0.182475025959984
15754796,487,Germany,Female,46,4,135070.58,2,1,1,44244.49,1,0.348436310149737
15628947,693,France,Female,38,3,0,2,0,0,78133.48,1,0.216159586933189
15775546,517,Spain,Female,29,5,0,2,1,0,103402.88,0,0.130760348130784
15670481,684,France,Female,27,9,122550.05,2,0,1,137835.82,0,0.0514965538177256
15619029,620,Spain,Female,43,2,0,2,1,0,20670.1,0,0.289925720207017
15613282,757,France,Male,29,8,130306.49,1,1,0,77469.38,0,0.100503310854566
15721487,739,France,Female,27,6,0,1,1,1,57572.38,0,0.0383809318686447
15797276,662,Spain,Female,41,4,90350.77,1,1,0,75884.65,1,0.313821951054988
15612494,359,France,Female,44,6,128747.69,1,1,0,146955.71,1,0.438959843443703
15629617,572,Spain,Male,23,2,126873.52,1,0,1,67040.12,0,0.0316212418763315
15600821,721,France,Male,69,2,108424.19,1,1,1,178418.35,0,0.439407602062236
15579062,707,France,Male,32,9,0,2,0,0,30807.02,0,0.0856290865292023
15814268,444,France,Female,40,5,84350.07,1,1,0,143835.76,0,0.321213248128234
15710164,523,France,Female,73,7,0,2,0,0,130883.9,1,0.787600516241333
15693904,685,Germany,Female,30,4,84958.6,2,0,1,194343.72,0,0.128005390296248
15588986,673,Germany,Female,29,4,99097.36,1,1,1,9796.69,0,0.124269212327976
15797733,503,Germany,Male,30,10,136622.55,2,0,0,47310.24,0,0.212632743331423
15620507,485,Germany,Female,30,5,156771.68,1,1,1,141148.21,0,0.173146738235996
15685150,799,Germany,Male,28,7,167658.33,2,1,1,111138.25,0,0.070256058881233
15667651,585,Spain,Female,33,8,0,2,1,0,114182.07,0,0.159341191595752
15774166,607,Germany,Female,24,2,109483.54,2,0,1,127560.77,0,0.0944883140150063
15649280,521,Germany,Female,40,9,134504.78,1,1,0,18082.06,0,0.506348700501713
15705657,535,France,Female,44,2,114427.86,1,1,1,136330.26,0,0.191321738031245
15753969,724,Spain,Male,45,5,83888.54,1,0,1,34121.81,0,0.10593514273917
15742378,520,Germany,Male,32,5,110029.77,1,1,0,56246.69,0,0.25154550993684
15794874,696,Spain,Male,41,9,127523.75,1,0,1,191417.42,0,0.0920471619038749
15589221,657,Germany,Male,30,1,139762.13,2,1,1,23317.88,0,0.0880722307988063
15596671,603,Spain,Female,42,8,91611.12,1,0,0,144675.3,1,0.354507637263775
15583668,726,France,Female,42,2,109471.79,1,0,1,175161.05,0,0.163744578429395
15710206,591,France,Female,39,4,150500.64,1,1,0,14928.8,0,0.317768249195613
15799966,792,Germany,Female,59,9,101609.77,1,0,0,161479.19,1,0.771300283884579
15794560,550,France,Male,57,5,0,1,1,1,133501.94,0,0.196510782406234
15626485,601,France,Female,26,8,78892.23,1,1,1,23703.52,0,0.0466273038351453
15703143,820,France,Female,29,3,82344.84,1,0,1,115985.38,0,0.0580793336391049
15809772,667,France,Male,48,2,0,1,1,0,43229.2,0,0.256377529891705
15687959,573,Spain,Female,44,4,0,1,1,1,94862.93,0,0.144285704646077
15585282,755,France,Male,62,1,127706.33,2,0,1,142377.69,0,0.314847100189934
15714993,552,France,Female,41,9,124349.34,1,1,0,135635.25,0,0.335329758183027
15596021,598,Spain,Male,44,8,0,2,1,0,148487.9,0,0.203459599089449
15646615,576,Germany,Male,28,1,119336.29,2,0,1,58976.85,0,0.0805623778393525
15742632,670,France,Female,31,9,0,1,0,1,76254.83,0,0.0529962921644566
15574068,504,Germany,Male,56,9,104217.3,1,0,0,55857.48,1,0.662830137874859
15806967,778,France,Female,65,7,0,1,1,1,77867.23,0,0.374666429951297
15796334,558,Germany,Male,39,10,144757.02,1,1,0,22878.16,1,0.348474445379592
15688713,627,Spain,Male,44,6,0,1,1,1,114469.55,0,0.0857043828391534
15796179,683,France,Male,43,8,0,1,1,0,96754.8,0,0.18157674160508
15598751,556,France,Female,43,6,0,3,0,0,125154.57,1,0.278507890013468
15703019,583,France,Female,38,10,0,2,0,1,113597.64,0,0.0828053392306961
15646302,705,France,Female,24,7,100169.51,1,1,0,121408.55,0,0.114781325952984
15680855,637,France,Male,33,2,145731.83,1,0,1,109219.43,0,0.0620129523249277
15697311,697,Spain,Male,56,5,110802.03,1,1,1,50230.31,1,0.219739552146443
15585367,555,Germany,Female,46,4,120392.99,1,1,0,177719.88,1,0.640211953088475
15726556,594,Germany,Female,26,6,135067.52,2,0,0,131211.86,0,0.266423862501315
15676242,632,Spain,Male,31,3,136556.44,1,1,0,82152.83,1,0.136395598374715
15684198,551,France,Female,38,10,0,2,1,1,216.27,0,0.0773268600423293
15774882,687,France,Female,35,3,99587.43,1,1,1,1713.1,1,0.0882036070017635
15714227,672,France,Female,53,7,0,1,1,1,136910.18,0,0.220755431021957
15608653,521,Spain,Female,34,7,70731.07,1,1,1,20243.97,1,0.0870598325800216
15784280,686,Germany,Male,35,2,109342.82,2,0,1,86043.27,0,0.112614583465876
15789546,639,Spain,Male,28,8,0,2,1,0,126561.07,0,0.068042117702699
15590320,850,France,Male,66,4,0,2,0,1,64350.8,0,0.27425996373575
15678385,465,France,Male,25,2,78247.31,2,1,1,10472.31,0,0.0277796377122284
15571778,817,France,Female,55,10,117561.49,1,1,0,95941.55,1,0.535408002390024
15657085,578,France,Male,23,10,88980.32,1,1,1,125222.36,0,0.0238146166383432
15640627,611,Spain,Male,34,4,0,2,1,0,170950.58,0,0.115327062616668
15566211,616,Germany,Female,41,1,103560.57,1,1,0,236.45,1,0.523662509824064
15669293,517,France,Male,37,5,113308.84,1,0,1,31517.16,0,0.0749133851314485
15595067,637,Spain,Female,40,6,0,2,1,1,181610.6,0,0.101517815319976
15753566,806,France,Female,32,3,63763.49,1,1,0,156593.09,0,0.17205440543873
15650391,633,France,Female,29,7,169988.35,1,1,0,4272,0,0.181608773530212
15681843,624,Germany,Female,35,0,180303.24,2,1,0,163587.9,0,0.454761170170941
15814846,691,France,Male,52,3,0,1,1,0,175843.68,1,0.32235111682069
15670374,819,Germany,Female,49,1,120656.86,4,0,0,166164.3,1,0.594161467504161
15762332,568,Germany,Female,31,1,61592.14,2,1,1,61796.64,0,0.129047602162811
15700223,806,France,Male,48,4,164701.68,1,1,1,21439.49,0,0.140199281758852
15729956,726,Spain,Female,26,1,80780.16,1,1,1,19225.85,0,0.0484173855893686
15594862,552,France,Male,36,8,0,2,0,0,132547.02,0,0.128663675545884
15598782,755,Germany,Female,30,6,154221.37,2,0,1,62688.55,0,0.135394967452297
15745080,634,France,Male,26,8,0,1,1,0,21760.96,0,0.0610950071026284
15703399,756,France,Female,26,5,101641.14,2,0,1,154460.68,0,0.0462834847466851
15732175,776,France,Male,37,2,0,1,0,1,8065,0,0.0490781142096232
15630725,649,France,Female,45,5,92786.66,1,1,0,173365.9,1,0.392592514532458
15640260,595,Germany,Male,32,8,131081.66,2,1,1,69428.79,0,0.0930767891903022
15716822,646,France,Male,30,5,98014.74,1,1,1,12757.14,0,0.0385669183300004
15583748,592,Spain,Male,38,8,0,2,1,0,180426.2,0,0.144498259866918
15605968,574,France,Male,26,8,97460.1,1,1,1,43093.67,0,0.0303362638868392
15790683,850,France,Male,36,1,104077.19,2,0,1,68594,0,0.0529734790366771
15607713,850,Spain,Female,29,1,0,2,1,1,197996.65,0,0.0457552149350587
15700212,475,France,Female,46,10,0,2,0,0,122953,1,0.338438317585804
15626710,642,France,Female,39,4,0,1,1,1,76821.24,0,0.0981901141777517
15716491,710,Spain,Female,51,4,93656.95,1,0,1,141400.51,1,0.258214984969558
15625824,596,Spain,Male,30,6,121345.88,4,1,0,41921.75,1,0.091750864869154
15617705,609,France,Female,39,8,141675.23,1,0,1,175664.25,0,0.142959410778728
15761976,797,Spain,Female,31,8,0,2,1,0,117916.63,0,0.122088671403485
15634891,504,Germany,Female,43,7,102365.49,1,1,0,194690.77,1,0.57244969531625
15744517,735,Spain,Male,50,9,0,1,0,0,166677.35,1,0.285154678143153
15686963,680,Spain,Female,30,3,0,1,1,0,160131.58,0,0.148549422500621
15808189,449,France,Male,52,6,0,2,0,1,123622,0,0.143739734517467
15580845,685,Germany,Male,57,7,101868.51,1,0,1,113483.96,0,0.402402425815421
15799156,569,Spain,Male,38,8,0,2,0,0,79618.79,0,0.139079945067395
15694296,631,France,Male,35,9,112392.45,2,1,0,24472.23,0,0.132069868801349
15677049,595,Germany,Female,25,7,106570.34,2,0,1,177025.79,0,0.0981873240491443
15583595,461,France,Female,28,8,0,1,1,1,103349.74,0,0.0503685548758766
15590146,630,France,Male,50,1,81947.76,1,0,1,63606.22,1,0.164444438857934
15801548,661,France,Female,31,7,144162.3,2,1,1,14490.79,0,0.0654839252740308
15660833,796,Germany,Male,39,5,86350.87,2,0,0,105080.53,0,0.301956144616223
15762277,710,France,Male,47,5,158623.14,1,0,0,83499.89,1,0.327530369951933
15791302,741,France,Male,32,8,0,2,1,0,143598.7,0,0.0815445992908021
15798975,606,Germany,Male,48,4,132403.56,1,0,0,36091.91,1,0.527905115558438
15599956,747,France,Male,27,10,0,2,0,0,13007.89,0,0.0579427120745985
15577274,549,Germany,Female,43,3,134985.66,1,1,0,6101.41,0,0.583065804615738
15701200,576,France,Male,36,6,0,2,1,1,48314,0,0.0436544034641443
15638149,528,France,Male,37,6,103772.45,1,1,0,197111.99,0,0.190996698905142
15786199,535,France,Male,33,2,133040.32,1,1,1,110299.78,0,0.0598255845234764
15701765,575,Spain,Female,37,0,0,2,0,0,30114.32,0,0.22416429543935
15586974,656,France,Male,39,10,0,2,1,1,98894.64,0,0.0506202555780249
15729040,440,France,Male,42,2,0,2,1,0,49826.68,0,0.193592635627896
15788676,539,Spain,Male,38,8,71460.67,2,1,1,10074.05,0,0.0591224601568644
15602497,850,Spain,Male,39,6,133214.13,1,0,1,20769.88,0,0.0754264159201476
15701333,646,France,Female,37,7,96558.66,1,0,0,163427.18,0,0.265801622653178
15812071,744,France,Male,54,6,93806.31,2,0,1,140068.77,0,0.170518233007036
15634375,710,Spain,Female,36,8,0,2,0,0,83206.19,0,0.184089293140314
15738267,544,France,Female,64,3,124043.8,1,1,1,111402.97,1,0.498901459648586
15786800,723,Germany,Male,52,5,131694.97,1,0,1,92873.5,1,0.323437595025404
15591130,507,Spain,Female,29,6,0,2,0,1,94780.9,0,0.052688149658259
15720662,787,France,Female,35,1,106266.8,1,1,1,16607.15,0,0.08856211289559
15751531,598,Spain,Male,41,8,0,2,1,1,161954.43,0,0.0633958034740307
15653595,796,France,Male,51,6,0,2,0,1,194733.28,0,0.117807834139594
15568360,569,Spain,Female,41,4,139840.36,1,1,1,163524.7,0,0.173208030315906
15781210,711,France,Male,34,8,0,2,0,0,48260.19,0,0.0949994985595095
15668058,661,Germany,Male,35,8,124098.54,1,1,0,86678.48,0,0.280313132938895
15597131,415,France,Male,32,5,145807.59,1,1,1,3064.65,0,0.059288470781159
15697283,578,Spain,Male,23,8,0,2,1,0,112124.98,0,0.0510335678563506
15640953,611,France,Female,26,2,107508.93,2,1,1,120801.65,0,0.0516088165017329
15715031,600,France,Female,28,6,0,2,0,1,52193.23,0,0.0426044741254078
15589660,661,Germany,Female,32,1,145980.23,1,0,1,56636.28,0,0.184391654971396
15769818,850,France,Female,37,3,212778.2,1,0,1,69372.88,0,0.127709273710541
15782736,573,Germany,Female,47,4,152522.47,1,0,1,164038.07,1,0.409296413243716
15614818,764,Spain,Female,33,9,168964.77,1,0,1,118982.51,0,0.0939457024616426
15794014,838,France,Female,34,8,0,2,1,0,27472.07,0,0.133614636042029
15732448,821,France,Female,28,8,0,1,1,1,36754.13,0,0.0373994992856156
15723411,607,Spain,Female,36,4,98266.3,1,1,1,46416.36,0,0.103501913473806
15797686,558,France,Male,38,8,113000.92,1,1,1,152872.39,0,0.0732697071465964
15605950,530,Germany,Male,23,1,137060.88,2,1,1,165227.23,0,0.0627092101286478
15812497,654,Germany,Male,37,5,112146.12,1,1,0,75927.35,0,0.30589880883131
15690678,530,France,Female,33,4,129307.32,1,1,1,172930.28,0,0.0989230695006205
15747677,656,Spain,Male,69,6,163975.09,1,1,1,36108.5,0,0.452463610596466
15618926,520,Spain,Male,43,7,0,2,1,1,36202.74,0,0.0754657295961738
15673908,602,Germany,Female,42,6,158414.85,1,1,1,131886.46,0,0.310239814567651
15727944,701,Germany,Female,48,1,92072.68,1,1,1,133992.36,0,0.369064165327663
15807294,653,Spain,Female,30,2,88243.29,2,1,1,96658.26,0,0.0618526677267368
15618581,668,Spain,Male,25,8,0,2,1,1,135112.09,0,0.0202104640272709
15584364,652,France,Male,48,4,59486.31,1,1,0,163944.18,1,0.307327005549504
15599552,639,Spain,Female,54,2,0,2,1,1,53843.71,0,0.238156477477093
15749177,730,Spain,Female,52,7,0,2,0,1,122398.84,0,0.196335537062365
15718779,780,France,Male,34,1,0,1,1,1,64804.04,0,0.0397937149304838
15568106,592,France,Female,38,8,119278.01,2,0,1,19370.73,0,0.111519682398312
15779481,628,France,Male,34,4,158741.43,2,1,1,126192.54,0,0.0573190816159648
15709994,658,France,Female,40,7,140596.95,1,0,1,135459.02,1,0.144126981719212
15772777,850,Spain,Female,29,10,0,2,1,1,94815.04,0,0.0364321121499747
15706815,515,Germany,Male,37,2,90432.92,1,1,1,188366.04,1,0.150708025450537
15618018,571,France,Female,35,1,104783.81,2,0,1,178512.52,0,0.105137862398253
15671032,760,Germany,Male,42,0,77992.97,2,1,1,97906.38,0,0.159073745878409
15634281,720,Germany,Female,43,10,110822.9,1,0,0,72861.94,0,0.527184828590226
15766374,632,Germany,Male,42,4,119624.6,2,1,1,195978.86,0,0.180661098550956
15600991,694,Germany,Male,31,6,109052.59,2,1,1,19448.93,1,0.0790619761781414
15777576,559,Spain,Female,40,5,139129.44,1,0,1,32635.54,0,0.151893113515616
15742613,773,Germany,Female,42,8,152324.66,2,1,0,171733.22,0,0.503647996373989
15649523,581,France,Male,38,1,0,2,1,0,46176.22,0,0.144733073386055
15651063,524,Germany,Female,37,9,127480.58,2,1,0,179634.69,0,0.441125066886066
15683124,713,France,Male,53,6,115029.4,1,0,0,191521.32,1,0.41519756392608
15618314,676,France,Male,40,8,114005.78,1,1,1,67998.45,0,0.0785583395983658
15670823,651,Germany,Female,42,1,116646.76,1,1,0,44731.8,1,0.543055305825692
15607133,717,Spain,Female,49,1,110864.38,2,1,1,124532.9,1,0.224706911664659
15615012,594,France,Male,23,5,156267.59,1,1,0,160968.44,0,0.0860396253331676
15725141,716,France,Female,44,3,109528.28,1,1,0,27341.63,1,0.360457137405158
15623560,668,France,Female,35,6,102482.76,1,1,1,53994.64,0,0.09125448800327
15693018,678,Germany,Male,23,10,115563.71,1,1,1,91633.53,0,0.0492149166362374
15636756,545,France,Male,23,2,0,2,1,0,189613.12,0,0.0580622013122864
15647474,613,France,Female,40,9,95624.36,2,1,1,60706.33,0,0.112191504201393
15576714,687,Spain,Female,21,8,0,2,1,1,154767.34,0,0.0256874608468514
15585047,715,France,Male,28,7,160376.61,1,0,0,196853.11,0,0.116061437985762
15743976,618,Germany,Male,41,8,37702.79,1,1,1,195775.48,0,0.148329720059223
15793881,721,France,Female,35,6,118273.83,1,0,1,3086.89,0,0.089807833305871
15576517,445,Germany,Female,34,7,131082.17,2,1,1,70618,0,0.187019477360487
15631072,690,France,Male,38,1,94456,2,0,1,55034.02,0,0.0677711385088972
15730394,709,France,Female,43,8,0,2,0,0,168035.62,1,0.269265500749629
15631460,671,Spain,Female,42,3,0,2,1,1,128449.33,0,0.11455939567527
15692002,538,France,Male,33,6,93791.38,1,1,1,199249.29,0,0.0543707341368396
15595282,735,France,Female,33,4,0,2,1,0,149474.69,0,0.154727976593543
15789548,592,France,Female,37,7,0,2,1,1,126726.33,0,0.0760321873426254
15758035,747,France,Male,61,7,155973.13,1,0,1,147554.26,0,0.308254269654753
15617518,675,Germany,Male,36,7,89409.95,1,1,1,149399.7,0,0.120617741999951
15651802,632,Spain,Female,39,5,97854.37,2,1,0,93536.38,0,0.277172730230508
15631813,621,France,Male,39,6,0,2,1,1,58883.91,0,0.0533896230712781
15729668,521,Spain,Male,29,3,60280.62,1,1,0,154271.41,0,0.109415270061974
15741728,591,Spain,Male,36,7,135216.8,1,1,1,122022.89,0,0.0694195437157402
15576676,706,Germany,Female,28,6,124923.35,2,1,1,50299.14,0,0.110092151374095
15711378,677,France,Male,38,4,0,2,1,0,187800.63,0,0.137517558817894
15765520,769,Germany,Male,27,7,188614.07,1,1,0,171344.09,0,0.198540015661342
15656726,771,France,Male,32,5,62321.62,1,1,1,40920.59,0,0.0384828291154287
15647842,601,Germany,Female,48,8,120782.7,1,1,0,63940.68,1,0.635623582818929
15719309,670,France,Female,42,1,115961.58,2,0,1,29483.87,0,0.145812620295452
15748718,517,France,Male,28,2,115062.61,1,1,0,179056.23,0,0.115600855024941
15594404,834,France,Female,49,8,160602.25,2,1,0,129273.94,0,0.437433696960248
15751158,571,France,Female,42,4,108825.34,3,1,0,55558.51,1,0.302425713199627
15593470,576,Germany,Female,36,8,166287.85,1,1,1,23305.85,0,0.220822884221418
15695129,718,France,Female,31,1,152663.77,1,0,1,17128.64,0,0.0830529253158858
15640865,636,Germany,Female,31,9,80844.69,2,1,1,74641.9,0,0.119829554113598
15714080,566,Germany,Female,40,2,97001.36,2,1,0,154486.01,0,0.489191916397606
15648721,711,France,Male,64,4,0,2,1,1,3185.67,0,0.246636793574185
15801466,574,France,Female,39,2,122524.61,2,1,0,88463.63,0,0.292380613094653
15750248,619,France,Female,35,8,132292.63,1,1,0,65682.93,0,0.236594728822298
15758726,588,France,Female,24,0,0,2,1,1,140586.08,0,0.0351176334287396
15781553,760,Germany,Female,49,9,91502.99,1,1,0,117232.9,1,0.603698280443518
15649121,665,France,Male,52,3,0,1,1,0,116137.01,1,0.329357724210527
15674811,739,Germany,Male,29,3,59385.98,2,1,1,105533.96,0,0.0635178834226432
15646037,641,France,Male,77,9,0,3,1,1,81514.06,0,0.43358173307294
15722578,685,Germany,Female,21,6,97956.5,1,1,1,164966.27,0,0.0732898193032017
15665695,594,France,Female,49,4,0,2,1,1,23631.55,0,0.16859363065909
15801062,557,Spain,Female,40,4,0,2,0,1,105433.53,0,0.105215454717726
15662955,697,France,Male,27,8,141223.68,2,1,0,90591.15,0,0.0849936867918758
15770309,656,France,Male,18,10,151762.74,1,0,1,127014.32,0,0.0189465134262649
15657386,712,Germany,Male,43,1,141749.74,2,0,1,90905.26,0,0.203769850813557
15777797,689,Spain,Male,38,5,75075.14,1,1,1,8651.92,1,0.0626118355876908
15783955,697,France,Female,25,4,165686.11,2,1,0,15467.98,0,0.126394980499866
15804516,589,France,Male,38,2,0,1,1,0,79915.28,0,0.151748938664425
15681758,525,Spain,Female,25,10,0,2,1,0,69361.95,0,0.0942833776693286
15630321,680,France,Male,44,3,0,2,1,0,86935.08,0,0.195704564969575
15588248,617,France,Female,28,0,0,2,1,1,7597.83,1,0.044724759720855
15591932,680,France,Male,32,5,92961.61,1,1,0,116957.6,0,0.124815873118455
15810347,662,Spain,Female,30,9,0,2,0,1,157884.83,0,0.0476607774571192
15595303,736,Germany,Male,46,5,130812.91,1,1,1,77981.54,1,0.233635473748527
15634950,657,Germany,Male,57,8,107174.58,1,1,1,126369.55,1,0.393532046391643
15685372,350,Spain,Male,54,1,152677.48,1,1,1,191973.49,1,0.281847982647701
15745827,617,France,Male,30,3,132005.77,1,1,0,142940.39,0,0.125191650401842
15755868,562,France,Male,35,7,0,1,0,0,48869.67,0,0.123702277703131
15735222,705,Spain,Female,23,5,0,2,1,1,73131.73,0,0.0283190997385529
15604804,516,France,Female,33,7,127305.5,1,1,1,120037.36,0,0.0948044784989931
15718944,573,France,Female,37,6,0,2,1,0,193995.37,0,0.207166055871589
15678626,538,Spain,Female,31,0,0,2,0,0,179453.66,0,0.171547696883316
15571550,699,France,Male,39,9,0,1,1,0,80963.92,0,0.14530579949144
15723053,504,Germany,Male,32,8,170291.22,2,0,1,15658.99,0,0.10764227522742
15661528,583,Spain,Male,47,5,102562.23,1,1,0,92708.1,0,0.318249813876931
15754177,712,Spain,Male,53,2,111061.01,2,0,0,26542.17,0,0.388622699508761
15683544,626,Spain,Male,62,3,0,1,1,1,65010.74,0,0.262660113369207
15708048,631,France,Female,34,4,124379.14,1,1,0,106892.91,0,0.235443303744668
15701109,663,France,Female,37,7,0,1,1,1,185210.63,0,0.0837897073714639
15600110,506,Germany,Female,41,3,57745.76,1,1,0,4035.46,0,0.502100070107253
15651533,570,Germany,Female,50,5,129293.74,1,1,0,177805.44,1,0.699985778434779
15777904,703,France,Female,45,7,0,2,1,1,68831.72,0,0.117664684446736
15655574,698,Germany,Female,40,8,150777.1,1,1,0,114732.62,0,0.502882969050109
15569423,731,Spain,Male,41,4,0,2,1,0,22299.27,0,0.159525383581921
15718106,625,France,Male,34,6,0,2,0,0,197283.2,0,0.111466749657137
15585067,634,Spain,Male,31,9,108632.48,1,1,1,179485.96,1,0.0464945097907526
15675501,616,France,Male,59,5,153861.1,1,1,1,17699.48,0,0.283541638572847
15633233,500,France,Male,56,1,100374.58,1,1,0,118490.8,1,0.49777557318313
15667134,446,France,Male,32,8,0,2,0,0,133292.94,0,0.104170783074976
15659105,669,France,Female,47,9,61196.54,1,1,0,58170.24,0,0.374064350530689
15575409,581,Germany,Male,31,6,116891.72,1,1,0,107137.3,0,0.243580197769985
15752342,704,Germany,Female,54,6,133656.91,3,1,0,145071.33,1,0.689842582700136
15654851,748,France,Male,44,2,92911.52,1,0,1,85495.24,0,0.105833233568065
15741429,680,Spain,Female,31,9,119825.75,2,1,1,101139.3,0,0.0645267484518069
15682356,655,France,Female,37,7,111852.84,2,1,0,10511.13,0,0.231842526064494
15806447,690,Germany,Male,32,0,106683.52,2,1,1,137916.49,0,0.0922544728106118
15800229,695,Germany,Male,40,7,139022.24,1,0,1,193383.13,0,0.173712717862852
15663441,700,Germany,Female,40,4,148571.07,1,1,0,189826.96,1,0.525684747456357
15791991,773,France,Male,52,4,0,1,0,1,144113.42,0,0.135529115844464
15775082,749,France,Male,42,1,129776.72,2,0,1,143538.51,0,0.0934812657980146
15579706,611,France,Female,46,5,0,1,1,0,77677.14,1,0.350809714196281
15718247,606,Spain,Female,46,8,0,2,1,1,183717.94,0,0.143457619006417
15755722,554,France,Male,24,10,0,1,0,0,92180.62,0,0.0584459584295296
15582259,567,France,Female,37,7,0,2,1,1,28690.9,0,0.0777034650727999
15716994,559,Spain,Male,24,3,114739.92,1,1,0,85891.02,1,0.0853133110691335
15586880,594,Germany,Male,41,2,122545.65,2,1,1,42050.24,0,0.175506904719172
15713854,513,France,Female,37,6,0,2,1,0,110142.34,0,0.207268775346928
15780835,652,Germany,Female,26,1,131908.35,1,1,1,179269.79,0,0.120192815120372
15675896,680,Germany,Female,42,7,105722.69,1,1,1,90558.24,1,0.263829249787265
15658459,784,Spain,Male,33,10,0,2,1,0,162022.47,0,0.088625037491992
15658057,812,Spain,Female,44,8,0,3,1,0,66926.83,1,0.243033423490768
15801767,784,Spain,Female,40,8,0,2,1,0,108891.3,0,0.210074418130144
15569178,570,France,Female,18,4,82767.42,1,1,0,71811.9,0,0.0838830463018152
15731478,712,France,Female,42,1,87842.98,1,0,0,92223.59,0,0.339461419230853
15811236,705,Spain,Male,39,6,133261.13,1,1,1,78065.9,0,0.077119162313057
15746749,681,Spain,Female,32,3,0,2,1,1,59679.9,0,0.0550686789592861
15662758,620,France,Male,41,0,97925.11,1,1,0,85000.32,0,0.2325252267611
15709387,711,France,Male,52,5,0,1,1,1,159808.95,0,0.136581711609529
15572093,613,France,Female,24,7,140453.91,1,1,0,129001.3,0,0.135595691369343
15713826,613,Germany,Female,20,0,117356.19,1,0,0,113557.7,1,0.211438923960262
15570205,682,Spain,Male,36,5,0,2,1,1,147758.51,0,0.0463695633234153
15589348,850,Spain,Male,37,4,137204.77,1,1,1,28865.59,0,0.0661516840841542
15804610,601,France,Female,41,1,0,2,0,1,160607.06,0,0.11320663233195
15700854,595,Spain,Male,35,8,0,1,1,0,100015.79,1,0.122700958779554
15758836,675,Spain,Male,36,3,54098.18,2,0,1,54478.52,0,0.0524607067707196
15772933,591,Spain,Male,31,8,0,1,1,1,141677.33,0,0.0345694256106312
15809006,602,France,Male,23,7,113758.48,2,0,0,84077.6,0,0.0656167740561762
15689612,554,Spain,Female,34,8,0,1,0,1,106981.03,0,0.0753230279670059
15744614,541,France,Male,37,9,118636.92,1,1,1,73551.44,0,0.0675690914027353
15704250,506,France,Male,34,7,0,2,0,0,115842.1,0,0.114208698441295
15700255,814,Germany,Male,44,8,95488.82,2,0,0,107013.59,0,0.37289543176891
15669410,683,France,Male,30,8,110829.52,2,0,0,24938.84,0,0.0982602671169465
15807595,485,Germany,Male,51,7,144244.59,2,1,0,51113.14,0,0.562597563461867
15664523,696,Germany,Female,31,8,122021.92,2,1,0,33828.64,0,0.297308253737228
15642833,608,France,Female,30,8,0,2,1,0,128875.86,0,0.128074363974799
15605279,792,France,Male,50,9,0,4,1,1,194700.81,1,0.0857253508374035
15713644,686,Spain,Male,22,5,0,2,1,0,158974.45,0,0.0473768436043751
15750466,790,Germany,Male,42,1,85839.62,1,1,0,198182.73,0,0.383225379508048
15739054,654,France,Female,29,4,96974.97,1,0,1,141404.07,0,0.0659798698448509
15612771,452,France,Male,35,4,148172.44,1,1,1,4175.68,0,0.0722894102488175
15788483,719,Spain,Male,38,0,0,1,1,0,126876.47,0,0.15272146187632
15732832,707,France,Female,40,5,0,2,1,0,41052.82,0,0.218394088571875
15772892,699,France,Female,49,2,0,1,0,0,105760.01,0,0.401462066029301
15713843,850,Spain,Male,30,2,0,2,0,1,27937.12,0,0.0272766424733429
15567993,828,Spain,Male,28,8,134766.85,1,1,0,79355.87,0,0.0951766706951862
15617603,850,Germany,Male,30,5,123210.56,2,1,1,102180.27,0,0.072912907096894
15744983,712,Spain,Male,47,1,139887.01,1,1,1,95719.73,0,0.144110883296826
15630419,634,France,Male,44,9,149961.11,1,1,0,57121.51,0,0.269420667897505
15738828,730,Germany,Male,45,6,152880.97,1,0,0,162478.11,0,0.477494907978522
15778025,685,Germany,Male,43,9,108589.47,2,0,1,194808.51,0,0.17631119214405
15799479,809,Spain,Male,33,9,0,1,1,1,124045.65,0,0.0335384376771622
15684269,707,Spain,Female,35,3,56674.48,1,1,0,17987.4,1,0.210886629361497
15762745,648,Spain,Male,32,8,0,1,1,0,133653.38,0,0.0979233753763973
15746970,760,Spain,Female,57,1,0,2,1,1,25101.17,0,0.25694084615861
15725024,805,Germany,Female,33,3,105663.56,2,0,1,33330.89,0,0.142299566278443
15592116,585,France,Female,39,7,0,2,1,0,2401.26,0,0.217498984468123
15624391,595,Spain,Female,30,5,100683.54,1,1,1,178361.04,0,0.0753787936751098
15567422,630,France,Male,42,6,0,2,1,0,162697.93,0,0.179424726849831
15612627,627,Germany,Male,29,5,139541.58,2,1,0,80607.33,0,0.204635307976072
15574879,631,Germany,Female,37,2,121801.72,2,0,1,23146.62,0,0.214749351425369
15745107,776,Germany,Male,38,5,112281.7,1,0,1,89893.6,0,0.137882686965082
15734491,676,Spain,Female,36,4,0,2,1,1,3173.31,0,0.0698805025540719
15675320,758,Spain,Female,40,5,93499.82,2,0,0,123218.81,0,0.283466844445895
15643824,637,France,Male,33,0,132255.99,2,0,1,74588.41,0,0.0558215413679935
15643438,850,France,Male,20,7,0,2,1,0,31288.77,0,0.0333605742501455
15721730,601,Spain,Female,44,4,0,2,1,0,58561.31,0,0.299224083183468
15680727,735,France,Male,49,5,121973.28,1,1,0,148804.36,0,0.336364737959872
15752508,614,Germany,Male,32,7,99462.8,2,1,1,51117.06,0,0.0835681010040118
15808846,672,Germany,Female,21,3,165878.76,2,1,1,164537.17,0,0.0812118336622274
15727251,642,France,Male,30,8,117494.27,1,0,0,61977.82,0,0.112264935545831
15663489,633,Germany,Female,29,0,138577.34,1,1,0,193362.99,0,0.351377132183295
15683677,769,Spain,Male,39,9,0,1,1,1,47722.79,0,0.0519278313238973
15596414,796,Spain,Male,41,8,107525.07,1,1,0,18510.41,0,0.198777463551903
15730639,715,France,Male,23,7,139224.92,2,1,0,65057.71,0,0.0630531681703108
15672132,695,France,Female,42,7,121453.63,1,0,0,46374.64,0,0.338786633878887
15742638,747,France,Female,25,4,0,2,0,1,42039.67,0,0.0320305713085649
15578603,584,Germany,Female,54,1,77354.37,1,0,0,138192.98,1,0.7506024365469
15726088,476,France,Male,40,6,0,1,1,1,22735.45,0,0.0661752923811204
15682533,850,France,Female,39,7,79259.99,1,0,1,186910.74,0,0.108010082302052
15772995,529,France,Male,30,2,116295.29,1,1,0,75285.47,0,0.124465634168448
15765694,584,Spain,Female,59,1,0,1,0,1,130260.11,1,0.352928414202646
15659486,586,Germany,Male,34,9,74309.81,1,1,0,15034.93,0,0.241375380875654
15568963,674,Germany,Male,34,2,152797.9,1,1,0,175709.4,1,0.313572722659867
15703820,552,France,Male,42,9,133701.07,2,1,0,101069.71,1,0.226114830377521
15569410,601,Germany,Female,33,7,114430.18,2,1,1,153012.13,0,0.161365090850982
15632256,541,France,Male,29,7,127504.57,1,0,0,86173.92,0,0.119813799745807
15724466,744,Germany,Female,41,2,84113.41,1,1,0,197548.63,0,0.499107100569279
15777639,595,Spain,Female,23,10,101126.66,2,0,0,37042.8,0,0.101222589102069
15802501,724,Germany,Male,33,5,103564.83,2,1,0,121085.72,0,0.221629683246375
15778410,533,Spain,Female,52,7,0,1,0,1,194113.99,1,0.24054087993791
15670702,618,France,Male,37,2,168178.21,2,0,1,101273.23,0,0.0789816002120818
15704763,523,Germany,Female,39,1,143903.11,1,1,1,118711.75,1,0.281481823248808
15645544,642,Germany,Female,30,5,129753.69,1,1,0,582.53,0,0.323358521476535
15757646,584,France,Male,35,9,0,2,1,0,192381.21,0,0.110831094393656
15701121,521,France,Male,38,5,110641.18,1,0,1,136507.69,1,0.0825696196576284
15796313,662,France,Female,36,4,166909.2,2,1,0,138871.12,1,0.259203445355907
15815660,758,France,Female,34,1,154139.45,1,1,1,60728.89,0,0.0942897923059295
15602844,717,France,Male,38,7,97459.06,1,0,0,189175.71,0,0.185686442859838
15636238,611,France,Male,40,1,0,2,1,1,102547.56,0,0.0632225346368463
15770101,766,Germany,Male,43,6,112088.04,2,1,1,36706.56,0,0.159957090245501
15645543,636,France,Female,34,3,0,2,1,1,44756.25,0,0.0639915792737791
15596397,814,France,Female,48,7,0,2,1,1,132870.15,0,0.142857350693408
15770525,760,Spain,Male,28,1,141038.57,2,0,0,16287.38,0,0.0981875754524241
15684267,607,Germany,Male,39,2,84468.67,2,1,1,121945.42,0,0.143296523122177
15689980,725,Spain,Female,36,4,118520.26,1,0,0,131173.9,1,0.266370029990708
15633260,600,France,Male,37,1,142663.46,1,0,1,88669.89,0,0.0839095230740787
15756471,656,Germany,Male,27,4,118627.16,2,1,1,160835.3,0,0.0668719576853308
15721303,640,Spain,Male,34,1,137523.02,1,0,0,24761.36,0,0.16907783734185
15802256,439,France,Male,28,7,110976.23,2,1,0,138526.96,0,0.0989780930920807
15725664,549,France,Female,38,8,107283.4,1,0,0,157442.75,0,0.294052366454979
15674851,622,France,Male,38,5,0,2,0,0,105295.77,0,0.141825078598067
15701946,715,France,Male,34,4,124314.45,1,0,0,97782.92,0,0.151930877559538
15748947,657,France,Female,41,5,95858.37,1,1,1,68255.88,0,0.132137530650964
15673342,703,France,Male,36,2,0,2,1,0,108790.95,0,0.119714106222007
15601008,802,France,Male,33,8,0,2,1,0,143706.18,0,0.0879111938024017
15771636,793,Spain,Female,36,0,0,1,0,0,148993.47,0,0.210996592170849
15642002,554,France,Female,35,6,117707.18,2,0,0,95277.15,1,0.240985657232291
15693381,533,Spain,Male,38,1,135289.33,2,0,1,152956.33,0,0.087609962448099
15607691,658,France,Male,36,8,174060.46,1,1,1,94925.62,0,0.0712817238794541
15589380,713,Germany,Male,40,3,114446.84,2,1,1,87308.18,0,0.152501915689463
15603846,711,Spain,Male,37,2,0,2,1,0,83978.86,1,0.13165428946943
15753549,669,France,Male,25,1,157848.53,1,0,0,37543.93,1,0.0953567752665149
15725355,439,France,Female,43,8,0,1,0,1,104889.3,0,0.139185744663279
15773017,763,Spain,Female,37,6,0,2,1,1,149705.25,0,0.0727750771508956
15625641,697,Germany,Female,74,3,108071.36,2,1,1,16445.79,0,0.774834982569053
15776467,702,Spain,Female,35,8,14262.8,2,1,0,54689.16,0,0.165814313046193
15746451,686,Spain,Male,41,7,102749.72,1,0,1,194913.86,0,0.0910448092419765
15777922,629,Spain,Male,36,1,161757.87,2,1,1,146371.72,0,0.0721570411005383
15606841,823,France,Male,38,1,0,2,1,0,156603.7,0,0.133199808375953
15757648,683,Germany,Female,35,5,95698.79,1,0,1,182566.76,0,0.188050883891359
15677173,555,France,Male,37,9,124969.13,1,1,0,60194.05,0,0.177918348946614
15764170,647,Germany,Male,44,4,93960.35,1,1,0,36579.53,1,0.414871319181353
15610446,714,France,Female,51,4,88308.87,3,0,0,5862.53,1,0.432415331850955
15612776,850,Spain,Female,39,10,0,2,1,1,143030.09,0,0.0770912359732506
15794122,713,France,Female,59,3,0,2,1,1,62700.08,0,0.279595859173779
15774931,452,France,Male,30,7,112935.87,1,1,1,99017.34,0,0.0450892628271384
15779247,683,Spain,Female,24,8,98567.1,1,1,0,187987.01,0,0.117544782105751
15707078,577,France,Female,26,1,180530.51,1,0,0,123454.62,0,0.186346883808917
15605263,552,France,Male,33,5,140931.57,1,0,1,10921.5,0,0.0601844575969257
15607381,769,Germany,Female,31,7,148913.72,2,1,0,53817.23,0,0.310599268233226
15683471,691,France,Male,38,7,0,2,0,0,81617.4,0,0.131020005435336
15605037,818,France,Female,49,2,0,1,0,1,192298.84,1,0.187227465987134
15576085,739,France,Male,41,5,0,2,0,0,143882.25,0,0.165850516453544
15770435,639,France,Female,50,6,115335.32,2,1,1,53130.41,0,0.215050865169488
15592994,651,France,Female,65,0,0,2,1,1,190454.04,0,0.424104202771796
15624068,779,France,Female,26,0,0,2,0,1,111906,0,0.0381258823496707
15595221,850,Germany,Female,33,7,134678.13,1,1,0,113177.95,0,0.352055376478996
15637131,829,France,Male,38,9,0,2,1,0,30529.88,0,0.111628535625241
15613471,579,Germany,Male,31,2,90547.48,2,1,1,18800.13,0,0.0857435854704772
15583499,510,France,Male,32,9,103324.78,1,1,1,46127.7,0,0.0483905954440423
15752816,531,France,Male,29,3,114590.58,1,0,0,75585.48,0,0.119807538533044
15804075,628,Germany,Female,36,3,91286.51,1,1,0,63085.94,0,0.40776718283294
15800517,633,Spain,Male,32,5,163340.12,2,1,1,74415.2,0,0.0498159132032429
15712319,714,Spain,Male,45,8,150900.29,2,0,1,139889.15,0,0.115364880017021
15797389,604,Spain,Male,23,9,124577.33,1,1,1,7267.25,0,0.0246022738166183
15621432,630,Spain,Male,35,1,0,2,0,0,186826.22,0,0.133433890029622
15779390,850,Spain,Female,31,4,91292.7,1,1,1,162149.07,0,0.0652954035260862
15711219,788,Germany,Female,57,8,93716.72,1,1,1,180150.49,1,0.494825978246748
15770498,798,France,Female,37,4,111723.08,1,1,1,83478.12,0,0.0990748002357752
15678727,770,Germany,Male,45,4,110765.68,1,1,0,26163.74,1,0.427639487270832
15573893,569,Germany,Male,25,9,173459.45,2,1,1,44381.06,0,0.0649112184708742
15740104,425,Spain,Female,22,7,169649.73,2,0,1,136365,1,0.0505755974048772
15792649,547,Spain,Female,31,9,0,2,0,0,99294.22,0,0.142620904152722
15605275,725,Germany,Male,45,8,116917.07,1,0,0,173464.43,1,0.456867572134027
15572467,506,France,Male,37,5,0,2,1,1,127543.81,0,0.0531928329462305
15738219,632,France,Female,36,7,0,2,1,1,52526.65,0,0.0678997426320188
15600710,620,France,Male,22,0,0,1,1,0,32589.45,0,0.0550687551677697
15804394,663,Germany,Male,32,8,130627.66,1,1,0,47161.25,1,0.231434477550191
15694188,700,Spain,Female,46,5,56580.95,2,0,1,45424.13,0,0.158726227331929
15583718,696,Germany,Male,38,6,142316.14,1,1,1,8018.49,0,0.146830512346255
15802478,767,Spain,Male,31,6,0,2,1,1,195668,0,0.0293785522943742
15619343,561,France,Male,56,7,152759,2,1,0,133167.11,1,0.475434380066656
15758813,350,Germany,Male,39,0,109733.2,2,0,0,123602.11,1,0.397467806544445
15761374,706,France,Male,54,9,117444.51,1,1,1,186238.85,0,0.189821487624308
15569209,464,Spain,Female,34,5,76001.57,1,1,1,158668.87,0,0.100772258001391
15788539,501,France,Female,34,3,107747.57,1,1,0,9249.36,0,0.23371101003895
15747222,745,Spain,Female,35,8,0,2,1,1,116581.1,0,0.0618266965528938
15769346,587,France,Female,36,1,134997.49,2,1,0,44688.08,0,0.254519357219532
15699634,667,France,Female,48,2,0,2,1,1,148608.39,0,0.163388323320857
15589076,737,France,Male,36,9,0,1,0,1,188670.9,1,0.047532900774164
15812338,485,Spain,Female,30,7,0,1,1,0,107067.37,0,0.149457973810146
15758845,590,Spain,Female,37,0,64345.21,1,0,1,61759.33,1,0.113424260177457
15685844,518,Germany,Female,35,8,141665.63,1,0,1,192776.64,0,0.221644614866524
15583090,581,Spain,Female,29,8,0,2,1,0,46735.19,0,0.123265109115721
15587581,785,Germany,Female,33,5,136624.6,2,1,1,169117.74,0,0.157460865568122
15633640,799,France,Female,52,4,161209.66,1,1,1,89081.41,0,0.279178585127849
15573741,698,Spain,Male,38,10,95010.92,1,1,1,105227.86,0,0.0666514867151535
15633574,730,France,Female,41,4,167545.32,1,1,0,128246.81,0,0.356346209841748
15711455,740,Germany,Female,36,4,109044.6,1,0,0,94554.74,1,0.417786900460551
15570601,785,France,Female,47,9,122031.55,1,1,1,33823.5,1,0.182992610203067
15690925,527,Spain,Female,29,2,27755.97,1,1,0,97468.44,1,0.15986539773821
15709338,544,France,Female,29,1,118560.55,1,1,1,164137.36,0,0.0759386253823434
15780746,705,France,Male,61,4,0,2,1,1,191313.7,0,0.218538298739219
15681956,684,France,Male,34,9,0,2,1,1,65257.57,0,0.0342578063012695
15778190,639,Spain,Female,28,8,97840.72,1,1,1,178222.77,0,0.0585456281774653
15786852,565,Germany,Female,38,2,158651.29,2,1,1,179445.28,0,0.248165200254934
15726494,481,France,Male,44,9,175303.06,1,1,0,65500.53,1,0.299402212530409
15641183,731,Spain,Male,25,8,96950.21,1,1,0,97877.92,0,0.0747952081785991
15805312,607,France,Male,45,7,123859.6,1,0,1,113051.57,0,0.120024289625235
15636572,760,France,Female,32,7,0,2,1,1,105969.05,0,0.0500714909823472
15632575,559,France,Female,70,9,0,1,1,1,122996.76,0,0.508238139835358
15740164,715,France,Female,33,3,85227.84,1,1,1,68087.15,0,0.0761172182225328
15574947,656,France,Male,36,8,97786.08,2,0,1,21478.36,0,0.0547269407095342
15597909,652,Germany,Male,33,7,128135.99,1,1,0,158437.73,0,0.268456231355149
15782574,624,Spain,Male,33,6,0,2,0,0,76551.7,0,0.100805703435768
15734999,634,Spain,Male,36,2,85996.19,1,1,0,15887.68,0,0.161399606470998
15706593,850,Spain,Female,50,10,0,2,1,1,33741.84,0,0.146754947551999
15766686,659,Germany,Female,39,1,104502.11,1,1,0,20652.69,0,0.470119755865282
15590268,529,Spain,Male,35,5,95772.97,1,1,1,112781.5,0,0.0651639586952044
15763055,572,Spain,Male,31,5,98108.79,1,0,1,119996.95,0,0.0486561310234768
15664754,640,Germany,Male,39,9,131607.28,4,0,1,6981.43,1,0.118593050036528
15643630,770,Spain,Male,55,9,63127.41,2,1,0,185211.28,1,0.371888983272695
15641043,648,Spain,Male,35,7,0,2,1,1,78436.36,0,0.0407778847479119
15768095,579,France,Male,31,9,0,1,0,1,139048,0,0.0346534441232574
15811314,589,Germany,Female,36,9,140355.56,2,1,0,136329.96,0,0.405674266648611
15669922,530,Spain,Female,36,2,0,2,1,1,14721.8,0,0.0804200427264805
15707114,831,France,Male,30,2,0,2,0,1,3430.38,0,0.0264253560459784
15670602,790,Germany,Male,24,7,107418.27,1,0,1,160450.21,0,0.0546074243162723
15713479,656,France,Male,35,6,0,2,1,0,1485.27,0,0.103101961478291
15663830,563,Spain,Male,32,6,0,2,1,1,19720.08,0,0.0342910416516401
15566958,667,Spain,Male,39,7,167557.12,1,1,1,41183.02,0,0.0881573003105475
15680918,613,Spain,Male,34,8,117300.02,1,1,0,139410.08,0,0.152011706705983
15663921,429,France,Male,60,7,0,2,1,1,163691.48,0,0.232580759285053
15716324,665,France,Female,23,9,143672.9,1,1,1,115147.33,0,0.0429641717610645
15796969,731,France,Male,33,4,0,2,1,1,74945.11,0,0.032658110384518
15574783,584,France,Female,37,1,0,2,1,1,180363.56,0,0.0899995548431153
15773487,634,Germany,Female,31,8,76798.92,1,0,0,196021.73,0,0.322829456126657
15802486,488,France,Male,34,3,0,2,1,1,125979.36,0,0.0425126792749124
15783398,535,Spain,Female,49,7,115309.75,1,1,0,111421.77,0,0.480652268861394
15649418,776,France,Female,29,7,178171.04,2,1,1,115818.51,0,0.0628737358109864
15604588,850,Spain,Female,38,3,0,2,0,1,179360.76,0,0.0848878354440856
15735428,673,Spain,Female,37,0,0,2,0,0,82351.06,0,0.21579312206739
15629078,850,Germany,Female,45,5,127258.79,1,1,1,192744.23,1,0.316329284935913
15806880,627,Spain,Female,30,6,0,1,1,1,113408.47,0,0.0527249600420712
15754999,570,France,Female,33,8,0,1,1,1,124641.42,0,0.0641383123279627
15781034,796,Spain,Male,67,5,0,2,0,1,54871.02,0,0.289045259076195
15622017,773,Spain,Female,33,10,0,1,1,1,98820.09,0,0.0578573702831424
15705885,752,Spain,Male,36,2,0,2,1,1,45570.84,0,0.0428007100659839
15677382,625,Spain,Female,69,1,107569.96,1,1,1,182336.45,0,0.593747428583336
15566843,535,Germany,Male,20,9,134874.4,1,1,1,118825.56,0,0.0487614632263216
15608387,786,France,Female,29,4,0,2,1,0,103372.79,0,0.114187062476899
15810786,620,France,Female,67,3,0,2,1,1,43486.73,0,0.421544923008563
15626983,605,Spain,Female,48,6,0,2,1,1,40062.99,0,0.160508777616056
15773605,670,Spain,Female,32,3,0,2,1,0,46175.7,0,0.145138618805503
15811261,617,Spain,Male,42,0,70105.87,1,1,1,120830.73,0,0.0949498607148678
15590606,595,France,Male,41,9,0,2,1,0,5967.09,0,0.154486140029392
15576644,687,Germany,Female,29,4,78939.15,1,1,0,122134.56,1,0.292836379954532
15750264,757,Germany,Male,30,6,105128.85,2,1,1,62972.13,0,0.0692491490798212
15741554,746,Spain,Male,31,2,113836.27,1,1,1,174815.54,0,0.0468412890613044
15769051,503,Spain,Male,25,7,0,1,0,1,192841.13,0,0.0260895118654261
15812198,543,Germany,Male,48,1,100900.5,1,0,0,33310.72,1,0.528485819290614
15699772,428,Germany,Female,40,3,129248.11,2,1,0,72876.43,1,0.520406478871106
15744105,768,France,Female,28,3,109118.05,2,0,1,50911.41,0,0.0522835368768808
15739858,618,France,Male,56,7,0,1,1,1,142400.27,1,0.176591464896334
15723720,591,France,Female,31,7,0,2,0,1,48778.46,0,0.0517569575880753
15638355,658,France,Female,35,5,126397.66,1,0,0,156361.58,1,0.260027219787933
15805637,625,France,Male,36,9,108546.16,3,1,0,133807.77,1,0.130828276867643
15629575,717,France,Male,36,2,148061.89,1,1,0,179128.69,1,0.187231686744513
15586243,667,France,Male,44,8,122277.87,1,1,1,91810.71,0,0.106835999506848
15757931,804,France,Male,24,3,0,2,1,0,173195.33,0,0.0501120743780993
15716023,693,France,Male,31,1,0,2,0,1,182270.88,0,0.0341734505628672
15647782,729,Germany,Male,36,8,152899.24,2,1,0,177130.33,0,0.290740465891207
15716609,484,Germany,Male,54,3,134388.11,1,0,0,49954.79,1,0.663504923606423
15623791,632,Spain,Female,40,3,109740.62,1,1,0,141896.74,0,0.333941396043672
15627262,536,Germany,Male,23,6,92366.72,2,1,0,120661.71,0,0.134961033240017
15652693,573,France,Female,26,4,129109.02,1,0,0,149814.68,1,0.164174952709738
15586993,655,Spain,Female,56,5,0,2,1,1,41782.7,0,0.253765478609191
15815560,666,Germany,Male,74,7,105102.5,1,1,1,46172.47,0,0.67304238132903
15584930,726,Germany,Male,30,5,111375.32,2,1,0,2704.09,0,0.189168789852692
15799031,523,France,Male,39,3,0,2,1,0,6726.53,0,0.147340344602805
15810457,728,Germany,Female,33,9,150412.14,2,1,0,170764.08,0,0.343155439728727
15697879,701,France,Male,30,3,156660.72,2,1,0,45742.42,0,0.1119368949565
15594902,518,France,Male,38,3,90957.81,1,0,1,162304.59,0,0.0843040898872245
15799710,739,France,Male,37,7,104960.46,1,0,1,80883.82,0,0.0614699212859365
15659651,531,Germany,Female,31,7,117052.82,1,1,0,118508.09,1,0.35351320630423
15645956,452,Spain,Male,44,3,88915.85,1,1,0,69697.74,0,0.288300820920779
15651713,684,France,Male,45,6,148071.39,1,1,0,183575.01,0,0.297482293524824
15737265,728,Germany,Male,39,6,152182.83,1,0,0,161203.6,0,0.371188281468181
15687310,783,Spain,Male,39,9,0,2,1,0,143752.77,0,0.130792021846959
15607347,734,France,Male,22,5,130056.23,1,0,0,121894.31,1,0.0711464159559197
15698321,648,Germany,Male,34,3,95039.73,2,1,1,147055.87,0,0.103510096467056
15657812,688,France,Male,52,1,0,2,1,1,172033.57,0,0.136298524833954
15569187,680,Spain,Male,35,9,0,2,0,0,143774.06,0,0.11511436728573
15681562,516,France,Female,43,2,112773.73,2,1,1,139366.58,0,0.168075654170315
15615456,680,France,Female,37,10,123806.28,1,1,0,81776.84,1,0.253928955568475
15589793,604,France,Male,53,8,144453.75,1,1,0,190998.96,1,0.438828298849477
15781884,624,Germany,Male,27,9,94667.29,2,0,1,4470.52,0,0.0576255124346473
15675190,623,France,Male,21,10,0,2,0,1,135851.3,0,0.0150969628737244
15600734,624,Spain,Male,51,5,174397.21,2,1,1,172372.63,0,0.192864226742975
15779176,565,Germany,Female,58,3,108888.24,3,0,1,135875.51,1,0.531049014828528
15605286,565,France,Male,55,4,118803.35,2,1,1,128124.7,1,0.215969010672433
15674922,710,France,Male,54,6,171137.62,1,1,1,167023.95,1,0.222499338861431
15737506,645,France,Male,42,6,0,1,0,0,149807.01,0,0.192436008456707
15780514,707,France,Male,33,8,136678.52,1,1,0,54290.62,0,0.129445289360278
15623647,655,Spain,Female,36,1,135515.76,1,1,0,86013.96,0,0.284170283657659
15668472,705,Spain,Female,24,5,177799.83,2,0,0,79886.06,0,0.13551577542426
15692416,358,Spain,Female,52,8,143542.36,3,1,0,141959.11,1,0.538197010940546
15771139,578,Germany,Male,34,8,147487.23,2,1,0,66680.77,0,0.261754227629733
15738318,800,France,Female,40,5,97764.41,1,1,0,98640.15,1,0.278467882052654
15772243,612,France,Female,33,9,0,1,0,0,142797.5,1,0.168131659162459
15638463,681,Germany,Female,48,8,139480.18,1,1,1,163581.67,0,0.384037069246968
15598088,559,Spain,Male,25,5,0,2,1,1,163221.22,0,0.0231701979006587
15693468,488,Spain,Female,39,9,140553.46,1,0,0,12440.44,0,0.327899092036441
15671930,717,France,Female,36,5,0,2,1,1,145551.6,0,0.0703416690392818
15762268,666,France,Female,41,10,141162.08,1,1,0,50908.48,0,0.313145940586806
15780954,582,Spain,Male,26,4,65848.36,2,1,0,30149.21,0,0.0736533574586918
15700174,733,Spain,Female,30,0,83319.28,1,0,0,57769.2,0,0.179225349059115
15635728,693,France,Male,41,4,0,2,0,0,156381.47,0,0.171040743809426
15679283,694,France,Female,33,4,129731.64,2,1,0,178123.86,0,0.207905958820831
15591386,622,France,Female,35,5,0,2,1,0,51112.8,0,0.176538228230699
15694192,598,Spain,Female,38,6,0,2,0,0,173783.38,0,0.229956456137189
15585901,717,Spain,Male,35,1,0,3,0,0,174770.14,1,0.116429742527933
15792329,494,Germany,Male,37,5,107106.33,2,1,0,172063.09,0,0.315323456307017
15635597,644,France,Male,33,8,0,2,1,1,155294.17,0,0.0351221315066368
15775880,554,France,Female,30,9,0,2,1,1,40320.3,0,0.0451475830522349
15630913,476,Spain,Female,69,1,105303.73,1,0,1,134260.34,0,0.624179940197706
15756680,667,France,Male,28,6,165798.1,1,1,0,147090.9,0,0.110768897920632
15587913,748,Spain,Female,40,4,0,2,1,0,132368.47,0,0.237063492609863
15737605,531,Spain,Female,45,1,126495.57,2,1,1,164741.5,0,0.201159407241824
15627876,719,Spain,Female,47,9,116393.59,1,1,0,63051.32,1,0.411625650401681
15772601,845,Germany,Female,41,2,81733.74,2,0,0,199761.29,0,0.463984423896065
15758606,738,France,Male,54,4,0,1,0,1,55725.04,1,0.152092213005386
15657107,563,Spain,Female,46,8,106171.68,1,1,0,163145.5,1,0.426530381601182
15622454,695,Spain,Male,28,0,96020.86,1,1,1,57992.49,0,0.0377814252883087
15775803,841,Spain,Male,41,1,0,2,0,1,193093.77,0,0.0636695093482899
15570859,626,Germany,Male,36,2,181671.16,2,1,1,57531.14,0,0.146193735360007
15748381,613,France,Female,29,6,185709.28,2,1,1,77242.19,0,0.0690119088858336
15787189,824,Germany,Male,60,8,134250.17,3,0,0,153046.16,1,0.654130959648572
15666055,705,France,Female,49,7,0,1,1,0,63405.2,1,0.3724806746411
15617648,584,France,Female,44,5,95671.75,2,1,1,106564.88,0,0.159217001654562
15755678,534,France,Male,62,2,0,2,0,0,42763.12,1,0.500050527099416
15624781,672,France,Female,34,1,142151.75,2,1,1,168753.34,0,0.0966262922529104
15779497,603,France,Male,43,5,127823.93,1,1,1,19483.35,0,0.101853826307478
15567399,633,Germany,Male,43,3,144164.29,1,1,1,158646.46,0,0.227265970844658
15613656,842,France,Male,58,1,63492.94,1,1,1,83172.19,0,0.218252259575194
15734311,661,France,Female,27,3,0,2,1,1,76889.79,0,0.0385564425083134
15657214,601,France,Male,74,2,0,2,0,1,51554.58,0,0.4459121776133
15799350,632,France,Male,41,0,106134.46,1,0,1,105570.39,0,0.0965359241602731
15729970,684,Germany,Male,29,8,127269.75,1,0,1,79495.01,0,0.0804774156566427
15725835,785,Germany,Female,32,3,124493.03,2,0,1,52583.79,1,0.142209482683059
15745543,687,France,Male,39,7,0,2,1,0,26848.25,0,0.12952951183293
15727384,705,Germany,Female,43,10,146547.78,1,0,1,10072.55,1,0.285431074199147
15666916,639,France,Male,43,6,99610.92,2,1,0,187296.78,0,0.230460715085344
15732917,729,Germany,Male,46,5,117837.43,1,1,0,104016.61,1,0.458761960030071
15612050,556,Spain,Female,48,8,168522.37,1,1,1,151310.16,0,0.258962009236376
15726267,570,France,Male,32,9,117337.54,2,0,1,62810.91,0,0.0444892558300579
15780124,841,France,Male,74,9,108131.53,1,0,1,60830.38,0,0.467222247730663
15742238,705,Germany,Male,35,4,136496.12,2,1,0,116672.02,0,0.272542547365894
15679024,553,France,Male,32,3,116324.53,1,1,0,77304.49,0,0.140442517999446
15715297,779,Germany,Female,40,2,75470.23,1,1,1,52894.01,0,0.219996228419301
15633612,696,France,Male,28,4,172646.82,1,1,1,116471.43,0,0.0426856997716242
15602929,728,Spain,Female,37,4,0,1,0,0,4539.38,0,0.215391579070337
15696703,691,Germany,Male,27,3,160358.68,2,1,0,142367.72,0,0.189849389963767
15756668,706,France,Male,30,3,98415.37,1,1,1,110520.48,0,0.0396977757476968
15565779,627,Germany,Female,30,6,57809.32,1,1,0,188258.49,0,0.305419010288856
15795519,716,Germany,Female,18,3,128743.8,1,0,0,197322.13,0,0.178102823639755
15761477,501,Germany,Male,24,4,130806.42,2,1,0,80241.14,0,0.156634926400638
15731890,601,France,Male,41,1,123971.16,1,0,1,172814.99,0,0.105796937904156
15633043,545,Spain,Female,39,6,0,1,0,0,38410.74,1,0.259442251247174
15752953,634,France,Male,45,9,0,2,0,0,17622.82,0,0.193678633260194
15603088,451,Spain,Female,23,9,0,2,0,1,48021.71,0,0.0335000298868417
15606613,655,France,Female,59,7,0,1,1,0,88958.49,1,0.566345588027799
15635939,458,France,Female,39,9,0,2,1,0,116343.09,0,0.23434326942285
15666043,520,France,Male,33,4,156297.58,2,1,1,166102.61,0,0.0596298010289021
15746190,624,Spain,Female,28,2,0,2,0,1,104353.26,0,0.0468891239111599
15591357,765,France,Male,51,3,123372.3,1,1,1,115429.32,0,0.169856771570865
15658716,667,Germany,Female,37,5,92171.35,3,1,0,178106.34,1,0.385868629300478
15679909,665,Spain,Male,41,8,0,2,1,0,132152.32,0,0.160086855928555
15634262,709,Germany,Male,34,4,148375.19,2,1,1,21521.38,0,0.107238953994406
15799825,583,France,Female,44,8,0,2,1,1,27431.62,0,0.114116189065624
15756875,782,Spain,Male,34,6,147422.44,1,0,1,42143.61,0,0.0563966215400215
15678146,668,Spain,Female,24,7,173962.32,1,0,0,106457.11,1,0.146928713451922
15710743,621,France,Male,47,0,0,1,1,1,133831.37,1,0.111006168321329
15595831,579,Germany,Female,64,6,145215.43,1,1,1,164083.72,0,0.693730463559318
15626684,547,France,Female,38,5,167539.97,1,0,1,159207.34,0,0.152309523659673
15709846,840,France,Female,39,1,94968.97,1,1,0,84487.62,0,0.270098658181082
15635459,667,Germany,Female,27,3,106116.5,2,1,0,3674.71,0,0.249652172255014
15642544,723,France,Male,34,5,0,2,0,1,12092.03,0,0.0365905806706766
15566494,487,France,Male,45,2,0,2,1,0,77475.73,0,0.234359510402913
15655238,668,France,Female,31,9,0,2,0,0,41291.73,0,0.129943105049634
15733429,520,Germany,Male,34,8,120018.86,2,1,1,343.38,0,0.102631375025823
15814536,549,France,Male,37,2,112541.54,2,0,0,47432.43,0,0.175809829132851
15771702,567,France,Female,35,5,166118.45,2,1,0,127827.18,0,0.254163505828642
15723008,720,France,Female,45,1,102882.4,2,1,1,35633.15,1,0.159624469072958
15797160,492,France,Female,49,8,0,1,1,1,182865.09,1,0.190349667516878
15792222,712,France,Female,37,1,106881.5,2,0,0,169386.81,0,0.257497455903317
15644765,689,Germany,Male,26,4,120727.97,1,0,1,149073.88,0,0.0721334433383994
15610686,850,France,Male,63,8,169832.57,1,0,0,184107.26,1,0.603717917832888
15730868,747,France,Male,41,5,0,2,1,1,22750.17,0,0.0551317709696752
15705991,469,Germany,Male,38,9,113599.42,1,0,0,11950.29,0,0.345014443575892
15577078,539,Spain,Male,38,6,0,1,1,1,152880.07,1,0.0631518077711799
15679550,743,France,Male,32,9,0,2,1,0,175252.78,0,0.0836184159644887
15787655,707,France,Male,47,3,0,2,1,0,174303.29,0,0.229324075097826
15668081,581,Spain,Female,50,4,0,2,1,1,80701.72,0,0.18968429128673
15747980,737,Spain,Male,38,6,146282.79,2,1,0,198516.2,0,0.183534261452403
15710295,445,Germany,Female,38,6,119413.62,2,1,0,175756.36,0,0.474557029389999
15724443,703,Germany,Female,29,3,122084.63,1,0,1,82824.08,0,0.135800778168235
15571305,588,Germany,Female,35,1,103060.63,1,1,0,179866.01,1,0.440668892729893
15569503,765,France,Male,44,6,0,2,1,1,159899.97,0,0.0729511713172095
15581840,626,France,Male,33,8,0,2,1,0,138504.28,0,0.0980007826009992
15772262,545,Germany,Male,37,9,110483.86,1,1,1,127394.67,0,0.135264194490244
15767794,744,France,Male,31,9,120718.28,1,1,1,58961.49,0,0.0390185715764841
15629338,658,Spain,Female,31,2,36566.96,1,1,0,103644.98,1,0.173831924625882
15790379,629,Germany,Male,28,8,108601,1,1,1,119647.7,0,0.0715506881380294
15750684,719,France,Female,42,4,0,1,1,0,28465.86,1,0.262868838613126
15697214,686,Spain,Female,36,5,0,2,1,1,152979.14,0,0.0738690715847544
15711015,743,France,Male,36,4,0,2,1,1,190911.02,0,0.0431305468685034
15573309,626,Spain,Female,48,2,0,2,1,1,95794.98,0,0.173183558675454
15805303,661,Germany,Male,44,1,141136.62,1,1,0,189742.78,1,0.470648734670196
15741385,710,Germany,Male,45,9,108231.37,1,1,1,188574.08,0,0.205628689725575
15780254,654,France,Male,40,6,0,1,0,0,183872.88,1,0.170738719334902
15744843,569,Spain,Female,34,6,144855.34,1,0,0,196555.32,0,0.268926311187469
15815626,640,France,Male,63,2,68432.45,2,1,1,112503.24,1,0.284790322744556
15784736,562,France,Male,45,6,136855.24,1,1,0,46864,0,0.287240571478725
15813412,721,France,Female,55,3,44020.89,1,1,0,65864.4,1,0.511600811802056
15809143,456,Germany,Male,32,9,133060.63,1,1,1,125167.92,0,0.108042814859355
15617617,811,Spain,Male,39,7,0,2,1,1,177519.39,0,0.0511027288306073
15779738,534,France,Male,24,1,0,1,1,1,169653.32,0,0.0238484053753629
15668669,423,France,Female,36,5,97665.61,1,1,0,118372.55,1,0.276044079426457
15687477,594,Germany,Male,28,5,185013.02,1,1,0,16481.12,0,0.224748308928582
15578908,725,Spain,Female,32,0,0,2,1,1,138525.19,0,0.0605718534075796
15687658,716,France,Female,52,7,65971.61,2,1,0,14608,1,0.433435934377651
15615020,595,Germany,Female,41,9,150463.11,2,0,1,81548.38,0,0.26882587752176
15608886,679,France,Female,33,1,0,2,0,0,69608.48,0,0.16668540541435
15602551,667,Spain,Male,39,9,0,2,1,0,68873.8,0,0.138148814625582
15672945,661,France,Female,37,5,136425.18,1,1,0,81102.81,0,0.275425279253455
15757408,655,Spain,Male,38,3,250898.09,3,0,1,81054,1,0.0906791594373537
15806132,555,France,Male,55,4,146798.81,1,1,1,74149.77,0,0.233849547545401
15813022,531,Spain,Male,70,1,0,2,0,0,99503.19,0,0.656462761894109
15673578,611,Germany,Female,40,7,128486.91,2,1,0,10109.47,0,0.467573024613333
15757916,600,France,Female,38,9,0,2,1,1,58855.85,0,0.0767901065924057
15689168,531,Spain,Male,37,1,143407.29,2,0,1,84402.46,0,0.0812588386500222
15769216,601,France,Female,43,2,0,1,1,0,49713.87,1,0.301050628882319
15593295,548,France,Male,57,6,76165.65,1,1,1,133537.53,0,0.236912660729282
15804814,759,France,Male,40,4,0,2,1,0,124615.59,0,0.141794899039902
15778934,678,Spain,Female,49,8,0,2,0,1,98090.69,0,0.164035151893175
15802351,755,Germany,Female,33,6,90560.3,2,1,1,42607.69,0,0.128727521381355
15630241,594,France,Male,61,3,62391.22,1,1,1,192434.11,0,0.293435307039366
15719561,768,France,Male,42,5,0,3,0,0,60686.4,0,0.149152286775413
15615096,492,France,Female,31,7,0,2,1,1,49463.44,0,0.0542242768827092
15659931,637,Germany,Female,55,1,123378.2,1,1,0,81431.99,1,0.762372886328752
15714586,646,Spain,Female,42,3,99836.47,1,0,1,22909.56,0,0.155533440993257
15634949,593,Germany,Male,74,5,161434.36,2,1,1,65532.17,0,0.712262723527475
15589224,596,Spain,Male,41,5,0,2,0,1,141053.85,0,0.0714039143658847
15795990,722,Germany,Female,48,10,138311.76,1,1,1,3472.63,1,0.342100584192794
15603216,642,France,Male,25,7,0,2,1,0,102083.78,0,0.0562877841112056
15631201,472,Spain,Female,28,4,0,2,1,0,1801.77,0,0.126490816867153
15686255,738,Germany,Male,35,6,101744.84,1,0,0,85185.44,0,0.272727676159422
15746594,732,Spain,Male,33,8,0,1,1,0,119882.7,0,0.0991955129805286
15718893,404,Germany,Female,54,4,125456.07,1,1,0,83715.66,1,0.766970180041129
15671609,701,France,Male,44,7,0,2,1,0,23425.78,0,0.177543661472966
15652540,683,France,Male,31,2,0,2,0,1,77326.78,0,0.03276347193266
15774857,460,France,Female,27,7,0,2,1,0,156150.08,1,0.114752127149234
15791836,690,France,Male,29,5,0,2,1,0,108577.97,0,0.0707769560948814
15651554,618,Germany,Female,54,4,118449.21,1,1,1,133573.29,1,0.499149358465416
15583576,671,France,Male,30,2,0,1,0,1,102057.86,0,0.0349432388736328
15732740,765,Spain,Female,32,9,178095.55,1,0,0,47247.56,0,0.213159912684933
15723320,651,Germany,Female,25,2,109175.14,2,1,0,114566.47,0,0.234967822092183
15603851,704,France,Male,32,7,127785.17,4,0,0,184464.7,1,0.105972846694844
15777923,544,France,Female,45,6,0,2,0,1,151401.33,0,0.140992875315481
15735719,790,France,Female,40,9,0,2,1,1,70607.1,0,0.0789724820541566
15703482,710,Germany,Male,34,9,134260.36,2,1,0,147074.67,0,0.246226911916445
15605835,743,France,Male,37,8,69143.91,2,0,1,105780.18,0,0.0533067545316781
15664881,702,France,Male,34,4,100054.77,1,1,0,109496.45,0,0.141252839524181
15757568,704,France,Female,45,6,0,1,1,1,137739.45,0,0.134780916488758
15792660,614,France,Male,38,2,116248.88,1,1,0,105140.92,0,0.195216234636061
15599722,609,Spain,Female,43,6,86053.52,2,1,1,113276.46,1,0.147836029478182
15726354,688,France,Female,32,6,123157.95,1,1,0,172531.23,0,0.202708712745912
15610355,713,France,Male,44,1,63438.91,1,1,0,64375.4,0,0.242160502365954
15704284,736,Germany,Male,57,9,95295.39,1,1,0,28434.44,1,0.617142638077287
15621893,727,France,Male,18,4,133550.67,1,1,1,46941.41,0,0.0181345537344195
15588219,850,France,Female,38,1,106871.81,2,1,0,29333.01,0,0.242637450229162
15688619,718,Spain,Male,45,3,105266.32,2,1,1,193724.51,0,0.109778398976823
15765518,643,France,Female,51,2,105229.53,1,1,0,34967.75,1,0.49552660209202
15616931,653,France,Male,41,8,102768.42,1,1,0,55663.85,0,0.208552628157779
15758372,674,France,Male,18,7,0,2,1,1,55753.12,1,0.011112341228077
15782591,690,France,Male,35,6,112689.95,1,1,0,176962.31,0,0.151717308415467
15612109,819,France,Male,38,9,122334.26,2,1,1,181507.44,0,0.0605691338701472
15613712,634,Spain,Male,34,1,0,2,1,0,61995.57,0,0.114000103367156
15639322,633,Spain,Male,33,4,137847.41,2,1,0,98349.13,0,0.142203019819292
15594349,850,France,Male,49,5,122486.47,1,0,1,59748.19,0,0.141216208133034
15574167,665,France,Male,33,2,101286.11,1,1,1,159840.51,0,0.0549392469920816
15811842,630,Spain,Male,26,7,0,2,1,1,6656.64,0,0.0202292011452033
15648794,836,Spain,Male,57,4,101247.06,1,1,0,37141.62,1,0.44664611417598
15771211,668,France,Male,38,10,86977.96,1,0,1,37094.75,0,0.0621027843490449
15588614,753,France,Male,57,7,0,1,1,0,159475.08,1,0.393350731395393
15630698,745,France,Female,55,9,110123.59,1,0,1,51548.14,1,0.293045976471634
15694200,693,France,Male,36,8,178111.82,1,0,0,58719.63,1,0.182588549312486
15721426,606,Germany,Male,65,10,126306.64,3,0,0,7861.68,1,0.738850859467289
15725997,660,France,Female,35,6,100768.77,1,1,0,19199.61,0,0.219972099593571
15762138,608,France,Male,42,5,0,2,1,0,178504.29,0,0.177545024759719
15750649,744,France,Female,44,3,0,2,1,1,189016.14,0,0.12076228808355
15685706,731,France,Female,40,7,118991.79,1,1,1,156048.64,0,0.128288260476576
15641835,683,France,Male,72,3,140997.26,1,0,1,52876.41,0,0.510884847645516
15586821,727,France,Male,28,5,0,2,0,1,19653.08,0,0.0243310027918752
15569678,561,Germany,Male,32,6,166824.59,1,1,0,139451.98,0,0.289343769426492
15793842,700,France,Female,34,2,76322.69,1,1,0,128136.29,0,0.209091574588636
15667554,605,France,Male,35,6,0,2,1,1,45206.57,0,0.0402514554304323
15794479,767,Spain,Male,77,8,149083.7,1,1,1,190146.83,0,0.576480105366254
15585041,511,France,Male,33,7,0,2,0,1,158313.87,0,0.0411647309969378
15780650,667,France,Male,40,9,0,1,1,1,96670.2,0,0.0572839927516768
15780846,787,France,Male,33,1,126588.81,2,0,1,62163.53,0,0.0473785902811134
15805260,705,Germany,Female,56,2,143249.67,1,1,0,88428.41,1,0.767565212373164
15621629,773,Germany,Male,43,8,81844.91,2,1,1,35908.46,0,0.149799988566791
15662151,554,France,Male,40,4,0,1,0,1,168780.04,0,0.0735361854925202
15747174,526,Germany,Male,58,9,190298.89,2,1,1,191263.76,0,0.457819295641985
15651585,661,Germany,Male,35,2,117212.18,1,1,1,83052.03,0,0.125876380142712
15649738,698,France,Female,46,0,0,2,1,1,125962.02,0,0.146143531201316
15633108,646,France,Male,26,4,139848.17,1,1,0,164696.27,0,0.0988935134409356
15769254,757,Germany,Female,34,9,101861.36,2,0,0,187011.96,0,0.340918022141144
15704746,699,Spain,Male,35,2,167455.66,2,1,1,55324.49,0,0.0630114183453637
15637644,667,France,Female,24,4,0,2,0,1,34335.55,0,0.0321681318812393
15609562,774,Spain,Female,43,1,116360.07,1,1,0,17004.14,0,0.360251524753997
15787459,745,Spain,Male,40,3,88466.82,1,0,0,116331.42,0,0.204268760395224
15762902,649,France,Female,42,7,0,2,0,1,22974.01,0,0.102516331974033
15738605,634,Germany,Female,46,5,123642.36,1,1,1,49725.16,1,0.340346978660014
15724889,665,Spain,Male,38,9,0,1,0,1,87412.74,0,0.0544789966984174
15730735,713,France,Male,38,9,72286.84,2,1,1,26136.89,0,0.0517069810785701
15689147,652,France,Female,40,1,0,2,1,0,126554.96,0,0.245755854597769
15730397,739,Spain,Male,40,1,109681.61,1,1,1,193321.3,0,0.0881158711923439
15762169,556,Germany,Male,37,9,145018.64,2,1,0,90928.02,1,0.307371729176611
15589320,699,Spain,Male,34,8,0,1,1,1,76510.46,0,0.0404355653037318
15799211,708,Spain,Female,32,8,187487.63,1,1,1,120115.5,0,0.0886191936931048
15798310,480,France,Male,35,2,165692.91,1,1,1,197984.58,0,0.0796368940487342
15609998,700,Germany,Female,59,5,137648.41,1,1,0,142977.05,1,0.807073076745566
15583548,525,Spain,Female,47,6,118560,1,1,0,82522.61,1,0.461785625330634
15761763,845,France,Male,33,8,164385.53,1,1,0,150664.97,0,0.13316684659466
15764409,613,France,Male,37,9,108286.5,1,1,1,114153.44,0,0.0638439307054414
15710161,850,France,Female,34,2,0,2,1,1,171706.66,0,0.0592554268532919
15735246,798,Spain,Female,58,9,0,2,0,0,119071.56,1,0.506810558360759
15791700,773,Germany,Male,47,2,118079.47,4,1,1,143007.49,1,0.190133325646027
15670753,614,Spain,Male,35,2,127283.78,1,1,1,31302.35,0,0.0659985919301096
15573876,473,Spain,Male,48,8,0,2,1,0,71139.8,0,0.264568917753375
15770174,762,France,Male,29,6,141389.06,1,1,0,54122.89,0,0.100983459069989
15641114,701,France,Male,37,8,130091.5,1,1,1,120031.29,0,0.0668977116998151
15682435,600,France,Male,35,4,143744.77,2,1,0,104076.51,0,0.160052704746513
15751788,850,Spain,Male,28,9,97408.03,1,1,1,175853.64,0,0.0305317860403181
15672598,613,Spain,Male,30,9,111927.45,1,1,1,175795.87,0,0.0432864770609032
15762803,509,France,Male,31,3,0,2,1,0,15360.91,0,0.0899412900463969
15812982,509,Spain,Male,38,2,0,1,0,0,168460.12,0,0.175645034153475
15597901,609,France,Male,34,1,0,1,1,1,181177.9,0,0.0482786456788073
15731507,456,France,Female,33,1,188285.68,1,0,0,58363.94,0,0.288668494587218
15809826,728,France,Female,46,2,109705.52,1,1,0,20276.87,1,0.390519346071377
15764237,663,Spain,Male,33,9,0,2,0,0,91514.62,0,0.095327338731661
15769917,673,Germany,Female,34,1,127122.79,3,0,1,76703.1,0,0.162574003016779
15641850,717,France,Male,40,0,98241.04,1,1,0,110887.14,0,0.212057259443709
15770974,741,Germany,Female,37,8,170840.08,2,0,0,109843.16,0,0.432706431030897
15803749,498,Germany,Female,41,4,87541.06,2,1,1,12577.21,1,0.240469438702423
15684999,850,France,Female,26,4,62610.96,2,0,1,179365.1,0,0.0407795462389695
15770225,493,France,Male,36,9,0,2,1,1,65816.53,0,0.0435546287941217
15627484,686,France,Female,47,5,113328.93,1,1,0,124170.9,0,0.42932164122435
15610337,666,Spain,Male,35,2,104832.49,1,1,0,175015.12,0,0.170458953732584
15752488,733,Spain,Female,31,9,102289.85,1,1,1,115441.66,0,0.0659826127935406
15610056,631,Germany,Female,34,6,125227.82,2,0,1,128247.03,0,0.178287509961331
15806049,714,Germany,Female,49,5,140510.89,1,1,0,141914.94,0,0.657024082569721
15736069,767,Germany,Female,35,6,132253.22,1,1,0,115566.57,1,0.392816814440248
15763662,711,Germany,Male,43,2,39043.29,2,1,1,175423.69,0,0.156965727138986
15615575,722,France,Male,34,8,0,2,1,1,133447.49,0,0.0356482736382374
15691723,631,Spain,Male,55,9,99685.06,1,1,0,114474.98,0,0.430199590134761
15774098,701,Germany,Male,38,3,125385.49,2,0,1,52044.66,0,0.136605432390374
15750808,790,Spain,Male,46,2,131365.37,2,1,1,180290.68,0,0.118527771105046
15744368,633,Spain,Male,58,6,98308.51,1,1,1,132034.13,0,0.249617668905178
15610594,644,France,Female,37,8,0,2,1,0,20968.88,0,0.1858939406062
15756125,757,Spain,Male,44,5,140856.16,2,1,0,158735.1,0,0.251753827390034
15623277,696,France,Female,30,8,0,2,1,1,196134.44,0,0.0467746144764031
15795954,746,France,Male,35,2,172274.01,1,1,0,22374.97,0,0.165725430045611
15671969,649,Spain,Male,36,8,0,2,1,0,161668.15,0,0.119821446616063
15791268,565,Spain,Male,38,0,122447.76,1,0,0,67339.34,0,0.218798034622415
15713655,720,France,Female,38,10,0,2,1,1,56229.72,1,0.0709365810520148
15633930,648,Spain,Female,56,6,157559.59,2,1,0,140991.23,1,0.607265985289638
15712849,632,Germany,Male,41,3,126550.7,1,0,0,177644.52,1,0.420017125592709
15639077,622,France,Female,30,2,158584.82,3,1,0,142342.55,1,0.181245460508347
15808784,835,France,Male,28,2,163569.61,2,1,1,154559.28,0,0.034772364991215
15648577,493,France,Female,31,3,0,1,1,1,176570.28,1,0.066525400730788
15670345,785,Germany,Female,33,6,127211.45,1,0,0,191961.83,0,0.376087043754064
15633112,681,Germany,Male,42,3,118199.97,2,1,0,9452.88,1,0.374682118886835
15714397,621,Germany,Female,30,2,101014.08,2,1,1,165257.31,0,0.133893672776085
15780038,756,Spain,Male,38,6,119208.85,1,1,0,169763.89,1,0.182789745813695
15756305,515,France,Female,66,6,0,2,1,1,160663.11,0,0.426517018796954
15578799,625,France,Female,58,10,53772.73,1,1,1,192072.1,1,0.32946631334229
15800326,717,Spain,Female,39,6,0,2,1,0,93275.61,0,0.209535610794573
15785485,595,Germany,Female,41,2,138878.81,1,0,1,112269.67,0,0.299944882907793
15783958,539,Spain,Female,37,1,130922.81,2,0,0,2186.83,0,0.284071061918054
15727546,762,France,Male,35,9,0,2,1,1,43075.7,0,0.0341921051687862
15739576,706,Spain,Male,20,8,0,2,1,1,12368.11,0,0.0125995802710237
15631333,677,Spain,Female,25,8,130866.19,1,1,0,42410.21,0,0.131703428600957
15604782,733,Germany,Female,33,7,187257.94,1,0,1,190430.81,0,0.199616924237588
15589643,684,Spain,Female,41,7,0,1,1,1,138394.37,0,0.111714031944428
15585533,679,France,Male,36,6,147733.64,1,0,1,172501.38,0,0.0738325137299677
15681506,478,Spain,Male,43,1,0,2,1,1,197916.43,0,0.08951985547302
15630551,696,France,Male,33,2,163139.27,1,1,1,7035.36,0,0.0577616359240188
15698349,686,Spain,Female,35,4,0,2,1,1,159676.55,0,0.0702747978179033
15776631,466,France,Female,36,5,119540.15,1,0,1,80603.99,0,0.11796155358201
15762216,686,France,Female,41,4,129553.76,2,1,0,187599.8,0,0.31687890175093
15623927,576,France,Male,55,9,0,2,1,1,94450.97,0,0.153103839473579
15681402,763,Germany,Female,61,1,66101.89,1,1,1,143981.27,0,0.578495728550165
15586264,572,France,Male,43,2,140431.98,1,1,0,26450.57,1,0.27984830527269
15594685,757,France,Female,49,2,0,2,0,0,164482.92,0,0.386043423597951
15812945,582,France,Female,29,0,0,1,1,1,84012.81,0,0.0528439354347556
15734628,623,France,Female,35,5,0,2,1,0,101192.08,0,0.174511616015497
15629323,617,Germany,Female,37,4,116471.43,2,1,0,175324.74,1,0.439345754244274
15666823,425,France,Male,39,4,0,2,1,0,197226.32,0,0.170913540634907
15777553,659,France,Female,56,9,123785.24,1,1,0,99504.03,1,0.574419428690874
15613097,605,France,Female,33,4,0,2,0,1,83700.66,0,0.0642914296790358
15622217,538,France,Female,38,8,88758.95,2,0,0,28226.15,1,0.258463108609943
15703588,665,Germany,Male,25,5,153611.83,2,1,0,35321.65,0,0.156746459670079
15570835,491,Germany,Female,57,4,112044.72,1,1,1,41229.73,1,0.564373627804178
15679299,726,Spain,Female,27,7,123826.07,1,0,1,78970.58,0,0.0572996304025937
15808044,580,France,Female,65,9,106804.26,3,1,0,107890.69,1,0.680458112215376
15579208,550,France,Female,48,6,0,2,1,1,191870.28,0,0.172686164256586
15684951,542,France,Female,59,2,68892.77,2,1,0,7905.06,1,0.608819644797544
15667620,732,France,Female,43,6,0,2,1,0,65731.53,0,0.257223974486179
15582960,473,France,Female,33,5,125827.43,1,0,1,145698.73,0,0.105675624140771
15590730,745,Spain,Male,34,9,0,2,1,0,50046.25,0,0.0951464421511048
15763747,732,France,Male,36,7,0,2,1,1,60830.24,0,0.0385262705684785
15778320,848,Germany,Female,40,5,148495.64,1,0,0,158853.98,0,0.497113585556379
15642787,572,France,Male,37,1,133043.66,1,0,0,111243.09,0,0.211982885259773
15624633,702,France,Male,45,9,74989.58,1,1,1,171014.69,0,0.101002730101611
15766765,664,Germany,Male,39,7,60263.23,1,1,0,170835.32,0,0.311949474173994
15783615,630,Germany,Male,50,3,129370.91,4,1,1,47775.34,1,0.237559887020314
15640161,618,Germany,Male,44,5,157955.83,2,0,0,139297.71,0,0.46371047133852
15619889,556,France,Male,26,4,0,1,1,0,195167.38,0,0.0759128957674422
15579166,619,France,Female,30,7,70729.17,1,1,1,160948.87,0,0.0650488836762972
15789097,644,France,Male,48,8,0,2,0,1,44965.54,1,0.0935910983110435
15674880,658,Spain,Male,50,2,0,2,1,0,52137.73,0,0.280934096593136
15778157,598,Spain,Male,27,8,90721.52,2,1,0,109296.18,0,0.0809644721816046
15779064,677,France,Male,27,2,0,2,1,1,20092.89,0,0.0223420292251891
15801265,689,Spain,Female,45,0,57784.22,1,1,0,197804,1,0.383928763890029
15589204,591,France,Male,33,9,131765.72,1,1,0,118782.06,0,0.144801939149239
15664543,699,France,Male,40,7,0,1,0,1,152876.13,1,0.0637689583854586
15582714,749,Germany,Male,47,9,110022.74,1,0,1,135655.29,1,0.237644677907419
15797595,709,France,Female,40,9,131569.63,1,1,1,103970.58,0,0.123994379832623
15614034,607,Germany,Male,61,2,164523.5,2,1,1,35786.76,0,0.499731526578748
15763171,650,Germany,Female,25,2,114330.95,1,1,1,25325.07,0,0.100263346801684
15647266,651,Spain,Female,45,10,135923.16,1,1,0,18732.84,0,0.389686341584559
15757577,676,France,Female,61,8,0,2,1,1,118522.73,0,0.305814024490439
15736656,723,France,Female,49,4,0,2,0,1,89972.25,0,0.164878011478587
15635078,714,Spain,Male,45,0,124693.48,1,0,1,187194.15,0,0.137838090091153
15680141,759,Spain,Female,35,7,147936.42,1,1,1,106785.7,0,0.09888912796716
15576945,582,France,Male,29,0,0,1,1,0,142516.35,0,0.0954721748291636
15602034,697,France,Female,34,2,126558.92,1,1,0,73334.43,0,0.23641045014343
15732020,610,Germany,Male,57,6,106938.11,2,0,1,186612.47,0,0.396120329422067
15611029,488,Germany,Female,33,4,140002.35,1,1,0,123613.81,0,0.424122432705759
15621210,599,Germany,Male,46,9,123444.72,1,1,1,31368.08,1,0.229791481729761
15569222,781,France,Male,32,6,147107.91,1,1,1,40066.95,0,0.0476351937757087
15664639,645,France,Male,19,9,128514.84,1,0,0,175969.19,0,0.0581394541956723
15724223,545,France,Female,55,5,0,1,0,0,10034.77,1,0.514458005990579
15644621,597,Germany,Female,40,9,106756.01,2,1,0,151167.94,0,0.466623946113744
15756056,561,Spain,Female,28,3,0,2,1,0,191387.76,0,0.128258539181329
15700353,662,France,Female,37,6,0,2,1,0,51229.17,0,0.187585324912619
15624388,649,Germany,Female,50,5,155393.32,1,1,1,87351.42,1,0.438052620935679
15627212,630,France,Female,36,2,110414.48,1,1,1,48984.95,0,0.107279334529075
15648005,672,Spain,Male,33,2,0,2,1,1,182738,0,0.0395226030335298
15681446,636,Germany,Female,37,9,157098.52,1,1,1,153535.27,0,0.226488809131012
15775888,593,Germany,Female,38,5,85626.6,1,1,1,125079.65,0,0.21594835789093
15749019,545,Germany,Male,45,6,93796.42,2,1,1,162321.26,0,0.206281302878569
15709928,567,Spain,Female,41,1,0,2,1,0,3414.72,0,0.264615075426271
15784676,583,France,Male,51,6,125268.03,2,1,0,165082.25,0,0.36334838722752
15748116,681,France,Female,29,2,148143.84,1,1,1,52021.39,0,0.0695956195822534
15612193,762,Spain,Male,29,10,115545.33,2,1,0,148256.43,0,0.0913420019022257
15762984,648,Spain,Male,35,7,0,2,0,0,122899.01,0,0.114332497624034
15613713,644,France,Male,30,5,44928.88,1,1,1,10771.46,0,0.0346160832740414
15664204,706,Spain,Male,29,2,0,2,1,1,18255.51,0,0.0269051785781472
15639415,850,France,Male,35,3,162442.35,1,1,0,183566.78,0,0.166859133581216
15806332,484,Spain,Female,39,5,0,2,1,1,175224.12,0,0.100303941818625
15614929,508,Germany,Male,28,0,96213.82,2,1,0,147913.56,0,0.205405104729057
15695492,439,France,Female,29,6,156569.43,1,1,0,180598.66,0,0.210517478123679
15635972,484,Spain,Male,36,8,0,2,1,0,186136.48,0,0.134369999018873
15616380,803,Spain,Female,37,1,0,2,0,0,7455.2,0,0.198127135495191
15581440,724,Germany,Female,48,6,110463.25,2,1,1,80552.11,1,0.338055984078993
15654390,640,France,Male,33,7,154575.76,1,1,0,25722.28,1,0.144443596080428
15660688,701,Spain,Female,35,9,0,2,0,0,170996.86,0,0.177126072541592
15806307,537,France,Male,37,3,0,2,1,1,20603.32,0,0.0482858660856974
15647975,651,Germany,Male,26,5,147037.32,1,0,0,141763.26,0,0.197072481804496
15595728,523,Germany,Male,41,0,119276.31,1,0,0,122284.38,1,0.445898242021074
15735388,717,France,Female,25,7,108664.85,2,1,0,190011.85,0,0.114343104542802
15788535,593,Spain,Male,44,5,0,1,1,0,128046.98,0,0.218802058719446
15765902,706,Germany,Male,38,5,163034.82,2,1,1,135662.17,0,0.143928836391661
15642345,714,Germany,Female,49,4,93059.34,1,1,0,7571.51,1,0.626934038652892
15641250,794,Spain,Male,38,9,179581.31,1,1,0,23596.24,0,0.190529237021115
15706163,518,Germany,Male,46,4,113625.93,1,0,0,92727.42,1,0.506848874379487
15746708,589,Germany,Male,55,7,119961.48,1,1,0,65156.83,1,0.630303262650182
15775203,824,France,Male,45,3,129209.48,1,0,0,60151.77,0,0.268777069103
15787907,719,Germany,Female,42,5,137227.04,3,1,0,149097.38,1,0.483692275443425
15646764,617,Germany,Female,58,3,119024.75,2,1,0,35199.24,1,0.774429466635336
15678284,651,France,Male,35,7,74623.5,3,1,0,129451.29,1,0.118203837261049
15726791,637,Spain,Female,45,2,157929.45,1,1,1,145134.49,1,0.216120982916415
15813144,554,France,Female,26,7,92606.86,2,1,0,192709.69,0,0.127064478266531
15669342,731,Germany,Male,35,2,127862.93,2,1,0,139083.7,0,0.276931733064459
15710366,569,Spain,Female,42,1,0,1,1,1,83629.6,1,0.131677158035613
15614934,625,Germany,Female,37,4,142711.81,1,1,0,35625.41,0,0.464346845243341
15588701,592,France,Female,38,4,0,2,1,0,35338.96,0,0.215386012471124
15665438,669,France,Male,43,1,163159.85,1,0,1,15602.8,0,0.12025563474745
15644896,663,Germany,Male,32,3,108586.86,1,1,1,182355.21,0,0.104688587616692
15670205,518,Germany,Female,41,5,110624.99,1,1,0,89327.67,0,0.532563018412903
15635776,686,Germany,Female,43,5,154846.24,2,1,1,151903.6,0,0.2979343111549
15791053,709,Germany,Male,45,4,122917.71,1,1,1,11.58,1,0.208061957698175
15644005,571,France,Female,33,9,0,2,0,1,77519.62,0,0.0602889228199959
15796343,707,France,Female,31,2,82787.93,2,0,0,91423.69,0,0.166544351856814
15751057,701,Germany,Male,32,5,102500.34,1,0,0,106287.77,0,0.23809981661937
15623430,672,France,Male,34,9,0,2,1,0,161800.77,0,0.100362459741377
15682600,620,Germany,Male,39,9,159492.79,1,1,0,80582.34,1,0.364844438025231
15769312,557,Spain,Male,48,10,0,2,1,1,185094.48,0,0.101381204104595
15708212,648,Spain,Female,54,7,118241.02,1,1,0,172586.89,1,0.566610849973252
15650258,479,France,Female,35,2,113090.4,1,1,0,195649.79,0,0.280244997694514
15604345,730,France,Female,22,9,65763.57,1,1,1,145792.01,0,0.0329217855616898
15578297,737,Germany,Female,43,1,125537.38,1,1,0,138510.01,1,0.569858446638337
15671789,616,France,Male,31,3,94263.91,2,1,0,168895.06,0,0.115140663902652
15726186,639,Spain,Male,29,4,133434.57,2,1,0,97983.44,0,0.106537770760747
15764618,815,Spain,Female,39,6,0,1,1,1,85167.88,0,0.0861277506210388
15730738,786,Spain,Male,31,9,0,2,1,1,18210.36,0,0.0259413538784085
15637650,549,France,Male,50,9,94748.76,2,0,1,13608.18,0,0.141361663718029
15606267,622,France,Female,38,4,98640.74,1,1,1,110457.99,0,0.119651481040219
15625904,624,France,Male,26,9,74681.9,2,0,0,31231.35,0,0.0714319244470431
15654463,841,France,Male,34,4,0,2,1,0,141582.66,0,0.0958955430090839
15774151,614,Spain,Female,41,7,179915.85,1,0,0,14666.35,1,0.368011982328603
15693259,676,France,Male,30,1,128207.23,1,1,1,55400.17,0,0.0445464733662683
15642468,697,France,Male,42,9,132739.26,2,0,0,174667.65,0,0.225826685210248
15758531,732,France,Female,40,10,0,2,1,0,154189.08,0,0.210213188043504
15728352,623,France,Male,27,4,120509.81,1,0,0,142170.44,0,0.103150284066426
15637240,541,France,Male,46,4,124547.13,2,1,0,94499.06,0,0.296950913634398
15595588,773,Spain,Female,39,4,0,2,0,1,182081.45,0,0.0939762068440437
15778395,762,Germany,Male,34,4,88815.56,2,1,0,68562.26,1,0.222575016947697
15711825,655,Spain,Female,35,1,82231.51,2,1,0,88798.02,0,0.221001100350359
15599251,602,Germany,Male,32,7,184715.86,2,1,0,113781.99,0,0.265740463298024
15570004,850,France,Male,31,3,0,2,1,0,121866.87,0,0.0802315376007145
15656912,649,Spain,Male,51,4,0,1,1,1,150390.57,0,0.140030152974848
15657342,850,Germany,Male,28,4,147972.19,1,1,0,60708.72,1,0.188344150080134
15716284,543,France,Male,43,9,0,2,1,1,78858.07,0,0.0695923779143451
15672374,672,France,Male,52,8,170008.84,1,0,0,56407.42,1,0.416277890181512
15732476,600,France,Female,27,3,0,2,0,1,125698.97,0,0.0428666216662684
15747724,671,Spain,Female,34,10,0,1,1,0,23235.38,0,0.16197029127623
15633877,706,Spain,Female,42,8,95386.82,1,1,1,75732.25,0,0.139143496539792
15672516,541,Germany,Male,51,7,90373.28,2,1,0,179861.79,0,0.54256174306333
15607827,711,Germany,Male,34,4,133467.77,2,1,1,42976.64,0,0.105038998799119
15751336,630,Spain,Male,30,3,0,2,0,1,10486.69,0,0.0304180503089721
15646539,531,France,Male,31,3,96288.26,1,1,0,56794.73,0,0.12743800221085
15756901,641,France,Female,26,4,91547.84,2,0,1,28157.34,0,0.0458765354834403
15809286,631,Germany,Male,37,8,138292.64,2,0,0,152422.91,1,0.309819031223558
15759021,685,France,Male,35,9,0,1,1,0,167033.83,0,0.112949796459142
15725039,702,Spain,Male,32,8,71667.74,1,1,1,126082.18,0,0.0415945298021859
15579130,708,Germany,Female,43,0,118994.84,1,1,0,181499.77,1,0.579334333068043
15754112,653,Spain,Male,55,7,0,2,1,1,41967.03,0,0.147507302759879
15735522,654,Germany,Male,37,2,145610.07,2,0,0,186300.59,0,0.339588784366604
15613326,596,France,Female,33,1,138162.81,1,1,0,85412.54,0,0.244445586636962
15739502,549,Germany,Female,31,9,135020.21,2,1,1,23343.18,0,0.136533504875019
15670914,754,France,Male,38,2,0,2,1,0,180698.32,0,0.136090606220846
15604073,815,Germany,Female,25,8,135161.67,1,1,1,136071.05,0,0.0953500087068226
15806027,556,France,Female,52,9,0,1,1,0,175149.2,1,0.445531294958838
15574886,706,France,Male,32,6,94486.47,1,1,1,146949.74,0,0.0459373217215422
15707120,850,France,Male,46,9,117640.39,1,1,0,88920.68,0,0.252415369934546
15800845,732,Spain,Female,33,8,111379.55,1,1,1,45098.62,0,0.0750971194227588
15603914,614,France,Male,40,6,0,1,1,1,20339.79,1,0.0625038461913115
15722765,580,Spain,Female,57,0,136820.99,1,0,1,108528.74,0,0.407980320051815
15783305,593,France,Female,46,7,98752.51,1,1,0,145560.38,0,0.402197427178881
15574842,653,Germany,Female,25,2,158266.42,3,1,1,199357.24,0,0.104391986647774
15607837,746,France,Female,29,4,105599.67,1,1,1,43106.17,0,0.0602205454657289
15714877,662,France,Female,29,10,0,2,1,0,137508.31,0,0.111692875917863
15782941,573,France,Male,31,2,0,2,1,1,91957.39,0,0.0327782424220184
15630167,684,Spain,Female,39,4,139723.9,1,1,1,120612.11,0,0.139135389563627
15759038,793,France,Female,41,3,141806.46,1,1,0,102921.17,0,0.325156331434866
15661821,798,Germany,Female,49,5,132571.67,1,1,1,31686.33,1,0.373334570490619
15728006,524,France,Male,40,2,180516.9,1,1,0,180002.42,0,0.271169803495376
15712176,816,France,Male,31,8,0,2,1,1,28407.4,0,0.0252120708683853
15689351,742,Germany,Female,41,4,92805.72,1,0,1,73743.95,1,0.25121250633267
15782247,540,France,Male,22,4,0,3,1,1,186233.26,1,0.0162297132563742
15769064,537,Germany,Male,39,3,135309.36,1,1,0,31728.86,1,0.374480609611432
15718153,759,Spain,Female,74,6,128917.84,1,1,1,48244.64,0,0.635088356218715
15613189,774,France,Female,52,2,56580.93,1,1,0,113266.28,1,0.479411442032248
15661734,608,Germany,Male,42,8,131390.75,2,1,0,71178.09,0,0.380719035769796
15592645,704,Spain,Male,37,4,0,2,0,0,25684.93,0,0.130850094890448
15768387,581,France,Male,41,8,0,2,0,0,29737.14,0,0.159223240997918
15792525,628,Germany,Female,61,1,97361.66,1,1,1,149922.38,1,0.613596674361622
15586976,566,France,Female,42,6,0,1,1,0,180702.12,1,0.300624995290842
15790659,701,Spain,Male,59,7,0,2,0,1,27597.59,0,0.187505854674613
15691446,735,Spain,Male,29,10,0,2,1,1,95025.27,0,0.0239974580204002
15772632,680,France,Female,34,1,0,2,1,0,167035.07,0,0.170985862533612
15706587,560,France,Male,57,0,0,2,0,1,116781.71,0,0.201741663272309
15572461,663,Germany,Female,29,4,102714.65,2,0,0,21170.81,0,0.287691025175318
15654409,665,France,Female,34,5,67816.72,1,1,1,29641.58,0,0.0784042255208651
15568025,758,France,Male,51,8,81710.46,1,1,1,116520.07,0,0.146166964368793
15715769,621,France,Male,26,2,75237.54,1,0,1,44220.4,0,0.0310405963111189
15667458,764,Germany,Male,28,10,124023.18,1,1,0,166188.28,0,0.180335523041105
15567980,537,Germany,Female,46,5,100727.5,1,0,1,140857.76,1,0.37222350007032
15679294,589,France,Female,46,10,107238.85,2,1,0,37024.28,0,0.366796584737444
15606507,555,France,Male,24,5,0,2,1,0,27513.47,0,0.0552465564986039
15578825,734,France,Female,29,0,139994.66,1,1,0,17744.72,0,0.180313963389552
15619935,783,Spain,Female,59,9,126224.87,1,1,1,4423.63,0,0.353591046241018
15636089,678,Germany,Female,51,1,145751.03,1,0,0,109718.44,1,0.7255234111895
15727490,661,France,Male,47,5,0,1,0,1,107243.31,1,0.103504589849613
15591766,607,Spain,Female,25,4,121166.89,1,0,1,115288.24,0,0.0581434279892331
15641629,537,Spain,Female,38,1,0,2,0,1,41233.97,0,0.0985089104295984
15813303,513,Spain,Male,88,10,0,2,1,1,52952.24,0,0.663857177949002
15756920,576,France,Male,63,9,70655.48,1,0,0,78955.8,1,0.55902198598525
15726403,660,Germany,Male,41,1,129901.21,1,1,0,26025.6,1,0.395727362117935
15592765,637,France,Male,40,8,125470.81,1,1,1,174536.17,0,0.0872607727173736
15704442,672,France,Female,53,9,169406.33,4,1,1,147311.47,1,0.241606752425881
15641136,629,France,Male,32,2,0,2,0,1,77965.44,0,0.0365048079521024
15725818,583,Germany,Male,40,4,107041.3,1,1,1,5635.63,0,0.162710116303411
15612071,763,Spain,Female,32,10,95153.77,1,0,1,81310.1,0,0.0713479527039288
15719809,516,Germany,Male,32,3,145166.09,2,0,0,111421.45,0,0.271667130465389
15716518,617,France,Female,27,4,0,2,0,0,190269.21,0,0.116901384592236
15742210,700,France,Male,38,9,65962.63,1,1,1,100950.48,0,0.058277966505893
15630617,727,Germany,Male,36,6,140418.81,1,1,1,113033.73,1,0.131001284253824
15720838,689,Spain,Female,31,3,139799.63,1,0,1,120663.57,0,0.0855265942308008
15595537,626,Germany,Male,49,9,171787.84,2,1,0,187192.23,0,0.543512890467268
15623196,686,France,Male,38,6,149238.97,1,1,1,97825.23,0,0.0775361379974162
15679249,351,Germany,Female,57,4,163146.46,1,1,0,169621.69,1,0.831458459989955
15693199,739,France,Female,37,8,0,2,1,0,191557.1,1,0.185557329537311
15661219,627,France,Male,32,10,0,2,1,0,103287.62,0,0.0860378163147382
15617136,451,Germany,Female,38,9,61482.47,1,1,1,167538.66,0,0.220959078311308
15760294,512,France,Female,41,8,145150.28,1,1,0,64869.32,1,0.346822557803793
15652808,774,France,Female,41,5,126670.37,1,1,0,102426.06,0,0.318279462407903
15657139,652,France,Female,40,8,84390.8,2,0,1,107876.2,0,0.114857065389621
15803790,638,Germany,Male,37,2,89728.86,2,1,1,37294.88,0,0.117853568279693
15764105,475,France,Female,57,1,0,2,1,0,89248.99,0,0.548600676810548
15672610,567,Spain,Male,40,4,118628.8,1,0,0,91973.63,0,0.238748810744811
15766896,750,France,Male,37,3,0,2,1,0,16870.2,0,0.11517560124121
15587735,850,France,Male,39,6,96863.13,1,1,1,121681.19,0,0.0672496830707796
15659501,753,France,Female,38,6,142263.45,1,0,1,33730.43,0,0.118589231774374
15745001,683,Spain,Female,36,7,0,2,1,0,104786.59,0,0.179589258177722
15651140,710,France,Female,32,3,0,1,1,0,94790.34,0,0.157363492345039
15571148,645,Spain,Female,21,1,0,2,0,0,28726.07,0,0.0806080783139351
15776824,714,France,Male,28,6,122724.37,1,1,1,67057.27,0,0.0339864741383216
15633141,696,Germany,Female,35,4,174902.26,1,1,0,69079.85,0,0.440414895340845
15764174,612,Spain,Female,26,4,0,2,1,1,179780.74,0,0.0393464280931616
15778155,520,Germany,Female,31,3,108914.17,1,1,1,183572.39,1,0.163997982589139
15715920,782,Spain,Male,23,10,98052.66,1,1,1,142587.32,0,0.021938713563054
15671917,666,France,Male,46,5,123873.19,1,1,1,177844.06,0,0.129443452265162
15666548,466,Germany,Female,56,2,111920.13,3,1,0,197634.11,1,0.761028482148168
15625623,567,France,Female,45,4,0,2,0,1,121053.19,0,0.146156706305208
15748123,613,France,Male,20,3,0,2,1,1,149613.77,0,0.0149182180034186
15648735,718,France,Male,37,8,0,2,1,1,142.81,0,0.0410786575471788
15634974,614,France,Female,37,8,75150.34,4,0,1,131766.67,1,0.0798531109128647
15713378,711,France,Male,38,10,0,2,0,0,53311.78,0,0.121859842170364
15753370,691,Germany,Female,38,5,114753.76,1,1,0,107665.02,0,0.448908244154701
15782659,527,France,Male,32,0,0,1,1,0,109523.88,0,0.11266233687516
15583364,476,France,Female,32,6,111871.93,1,0,0,112132.86,0,0.230769577095781
15625942,619,Spain,Female,45,0,0,2,0,0,113645.4,0,0.347816679412488
15720284,607,Germany,Female,37,4,135927.06,1,0,0,180890.4,0,0.484942484754121
15679642,695,Spain,Male,44,8,0,2,1,1,70974.13,0,0.0714530351008779
15628007,653,France,Male,33,1,0,2,0,0,53379.52,0,0.105902621451804
15661974,677,France,Male,46,2,57037.74,1,1,1,158531.01,0,0.114281478920948
15689341,655,France,Female,50,10,0,4,1,0,179267.94,1,0.327983132718159
15607993,625,France,Female,52,2,79468.96,1,1,1,84606.03,0,0.266778895266881
15693267,679,Germany,Female,34,7,121063.85,1,1,0,56984.58,0,0.374676497353276
15769522,734,France,Male,51,1,118537.47,1,1,1,116912.45,0,0.168994655567856
15755825,666,France,Male,39,10,0,2,1,0,102999.33,0,0.129551206721772
15598175,592,Germany,Female,26,4,105082.07,2,1,0,132801.57,0,0.255496903083932
15744327,564,France,Male,40,4,0,1,1,0,85455.62,1,0.171877643908127
15798666,814,France,Female,36,6,0,2,1,1,98657.01,0,0.0619108851613413
15577064,592,Germany,Male,36,2,104702.65,2,1,0,107948.72,0,0.300233764553334
15759436,758,France,Female,50,2,95813.76,3,1,1,67944.09,1,0.189615526275571
15690231,612,Spain,Female,62,0,167026.61,2,1,1,192892.05,0,0.487995769823829
15751561,498,Germany,Male,61,7,102453.26,1,1,0,187247.56,1,0.739310415612773
15739068,638,Germany,Male,25,4,148045.45,2,1,1,114722.42,0,0.0624073329722706
15758056,558,France,Male,35,1,0,2,0,0,111687.57,0,0.126702257655947
15742269,756,France,Female,24,1,0,2,1,0,184182.25,0,0.0878471652211972
15726490,782,Spain,Male,52,4,0,1,1,1,52759.82,1,0.130495701243911
15738411,505,France,Male,34,10,104498.79,1,0,1,126451.14,0,0.0573742058313513
15727919,671,Spain,Female,29,6,0,2,0,0,12048.67,0,0.119305219268524
15709396,801,France,Male,42,6,0,2,1,1,95804.33,0,0.0584419662291842
15654106,604,France,Male,26,8,149542.52,2,0,1,197911.52,0,0.0341997779266458
15621653,716,France,Female,29,10,87946.39,1,1,1,182531.74,0,0.0569926145960978
15598086,624,France,Female,45,3,68639.57,1,1,0,168002.31,1,0.390482665691204
15752300,607,Germany,Male,47,4,148826.32,1,1,1,79450.61,0,0.267691188919619
15658693,827,France,Female,60,2,0,2,0,1,60615.83,0,0.298709220076131
15631838,606,France,Male,61,5,108166.09,2,0,1,8643.21,0,0.280175613678307
15803804,717,Germany,Female,35,5,103214.71,1,1,0,172172.7,0,0.388677638720665
15578809,651,Germany,Male,40,1,134760.21,2,0,0,174434.06,1,0.396021805864971
15752026,691,France,Male,58,3,0,1,0,1,194930.3,1,0.212353786083503
15723706,573,France,Female,33,0,90124.64,1,1,0,137476.71,0,0.2266681953714
15752838,723,Spain,Male,38,6,0,2,1,1,94415.6,0,0.0476344823860979
15569571,584,Germany,Female,46,6,87361.02,2,1,0,120376.87,1,0.577641003333595
15769703,550,Germany,Female,45,8,111257.59,1,0,0,97623.42,1,0.59318768143587
15679770,611,France,Female,61,3,131583.59,4,0,1,66238.23,1,0.374708104877012
15791102,549,Germany,Male,41,9,95020.8,3,1,1,131710.59,1,0.140269975579384
15655192,850,Spain,Female,24,1,0,2,0,1,69052.87,0,0.0313525061462006
15709487,668,Germany,Male,34,5,80242.37,2,0,0,56780.97,0,0.237105204990912
15687130,686,France,Female,43,0,0,1,1,1,170072.9,0,0.134412837681423
15755178,660,France,Male,50,1,0,3,1,1,191849.15,1,0.110032483800832
15634772,682,Spain,Female,59,0,122661.39,1,0,1,84803.76,0,0.420560675703643
15617197,524,France,Male,50,4,0,2,1,1,31840.59,1,0.120473093267833
15631240,645,France,Female,36,8,0,2,1,1,12096.61,1,0.0668825279490998
15784301,850,France,Male,42,0,0,2,1,0,44165.84,0,0.156404183542016
15631310,537,France,Female,53,3,0,1,1,1,91406.62,0,0.248326858377641
15756560,599,Spain,Female,46,7,81742.84,2,1,0,83282.21,0,0.369490147155715
15732270,727,Spain,Male,71,8,0,1,1,1,198446.91,1,0.383877929256743
15739357,756,Spain,Male,30,2,145127.85,1,0,0,7554.68,0,0.122447702303551
15771540,755,France,Male,38,9,148912.44,1,1,0,80416.16,0,0.176093071433709
15567486,634,Spain,Female,41,4,0,2,1,1,164549.74,0,0.111575111305142
15714634,837,France,Male,26,4,89900.24,2,1,0,175477.03,0,0.0700656785886037
15727021,727,Germany,Female,30,8,119027.28,2,1,1,137903.54,0,0.118900330311257
15650670,567,Germany,Female,40,2,105222.86,2,1,0,93795.86,0,0.491234396399865
15711834,650,Spain,Female,30,6,0,1,0,0,67997.13,1,0.144344305670514
15729763,655,Spain,Male,34,1,116114.93,1,1,1,49492.15,0,0.0589712007564986
15646566,763,France,Female,58,9,187911.55,1,0,1,35825.18,0,0.381863406446653
15645463,843,France,Female,27,5,0,2,1,1,67494.23,0,0.0338684886879386
15672144,667,France,Female,38,6,144432.04,1,1,1,73963.17,1,0.122140581257937
15596088,705,France,Female,50,4,77065.9,2,0,1,145159.26,0,0.21904694135767
15614878,660,Germany,Female,29,6,180520.29,1,1,1,123850.58,0,0.152740902151753
15635240,553,France,Male,42,1,0,2,0,0,23822.04,0,0.193345318567316
15775905,612,Germany,Female,47,6,130024.87,1,1,1,45750.21,1,0.357708080857277
15700657,641,Germany,Female,40,2,110086.69,1,1,0,159773.14,0,0.512142052822977
15611905,513,Spain,Female,31,5,174853.46,1,1,0,84238.63,0,0.24026388615821
15652527,680,France,Male,44,7,108724.98,1,0,1,72330.46,0,0.105932209195433
15785865,711,France,Male,58,9,91285.13,2,1,1,26767.85,0,0.195051899014463
15645942,689,Spain,Male,40,2,0,2,1,1,164768.82,0,0.0629138037589102
15688691,665,Germany,Female,51,9,110610.41,2,0,1,1112.76,1,0.381490876466026
15592736,551,Germany,Male,54,5,102994.04,1,1,0,176680.16,1,0.638320809984407
15673529,645,Spain,Male,36,4,59893.85,2,1,0,43999.64,0,0.138553956093292
15724145,616,Germany,Male,29,8,149318.55,1,1,0,140746.13,0,0.219014216496131
15704629,582,France,Female,32,1,116409.55,1,0,1,152790.92,0,0.0936148824498254
15597896,365,Germany,Male,30,0,127760.07,1,1,0,81537.85,1,0.277758080498105
15731790,697,Germany,Female,38,6,132591.36,1,1,1,7387.8,1,0.214717066336496
15634719,704,France,Male,31,0,0,2,1,0,183038.33,0,0.0926912578865357
15703205,656,France,Female,46,5,113402.14,2,1,1,138849.06,0,0.178466885237601
15567333,712,France,Female,31,7,0,2,1,0,170333.38,0,0.134855612098662
15754537,748,France,Male,40,0,0,1,0,0,60416.76,0,0.167970441231908
15612030,724,France,Male,28,9,0,2,1,1,100240.2,0,0.0226073268303239
15573242,691,France,Male,50,6,136953.47,1,1,1,2704.98,0,0.158115000471177
15601892,563,France,Male,33,8,0,2,0,1,68815.05,0,0.0374473750012997
15663885,741,France,Male,32,5,0,1,1,1,64839.23,0,0.0338127153863555
15701096,778,France,Male,44,8,123863.64,1,1,0,144494.94,0,0.245582894073893
15710450,848,Spain,Male,22,7,120811.89,1,1,1,185510.34,0,0.0222299167780725
15790846,634,Germany,Male,38,2,148430.55,1,1,1,56055.72,0,0.158512100616958
15658956,505,Germany,Male,40,6,47869.69,2,1,1,155061.97,0,0.143673127935078
15755223,692,Germany,Male,53,7,150926.99,2,0,0,119817.19,0,0.591355729138546
15787318,537,Germany,Female,47,6,103163.35,1,1,0,16259.64,1,0.611171389803755
15737310,633,France,Male,29,10,130206.28,1,1,0,184654.87,0,0.106985894889992
15763665,833,France,Female,28,4,136674.51,2,0,0,5278.78,0,0.137533332784253
15668818,592,Spain,Female,40,2,200322.45,1,1,1,113244.73,0,0.180824375171419
15765812,587,Spain,Male,48,1,0,2,1,1,8908,0,0.105044803602398
15704844,550,Spain,Male,62,7,80927.56,1,0,1,64490.67,0,0.311539079665952
15744582,680,France,Female,24,10,0,3,1,0,154971.63,1,0.0724419613821868
15616700,622,Spain,Female,41,9,0,2,1,1,155786.39,0,0.10302846282549
15683521,594,Germany,Male,28,0,142574.71,2,1,0,129084.82,0,0.21159207786852
15583049,643,Germany,Female,34,7,160426.07,1,0,1,188533.11,0,0.210519620545711
15643752,540,France,Male,25,5,116160.23,1,1,0,13411.67,0,0.0857861432307388
15620398,635,Spain,Female,34,5,98683.47,2,1,0,15733.19,0,0.205632560102094
15715707,657,France,Male,32,3,118829.03,2,1,1,73127.61,0,0.0446671726406843
15814209,814,France,Male,31,1,118870.92,1,1,0,101704.19,0,0.114742976330324
15733768,600,France,Male,32,1,0,1,1,1,101986.16,0,0.0393598092579095
15755242,682,France,Female,46,2,0,1,1,1,114442.66,0,0.152053746925265
15729412,682,France,Male,38,4,107192.38,1,1,1,15669.17,0,0.0678635249962695
15746564,566,France,Male,42,3,108010.78,1,1,1,157486.1,0,0.10253816085423
15588446,550,Spain,Male,34,3,0,2,0,0,131281.28,0,0.125574310481482
15665221,630,France,Male,26,7,129837.72,2,0,1,197001.15,0,0.0323818664375027
15640846,546,Germany,Female,58,3,106458.31,4,1,0,128881.87,1,0.748797194028742
15700209,486,France,Male,63,9,97009.15,1,1,1,85101,0,0.323691592363488
15658360,762,Spain,Male,35,9,122929.42,2,0,0,149822.04,0,0.142913003355596
15602735,692,Germany,Male,45,6,152296.83,4,0,1,108040.86,1,0.192113406698911
15724834,498,France,Female,30,1,0,2,0,0,135795.53,0,0.153783756557315
15800062,850,Spain,Male,49,8,0,1,0,0,25867.67,1,0.24318858516982
15685300,603,France,Male,35,6,128993.76,2,1,0,130483.56,0,0.152050652232396
15760102,551,France,Female,36,5,0,1,1,0,183479.12,0,0.21436946505183
15787026,627,Germany,Male,27,0,185267.45,2,1,1,77027.34,0,0.0812278665519648
15653696,515,France,Female,28,9,0,2,0,0,94141.75,0,0.120083275266431
15788946,605,Spain,Female,29,3,116805.82,1,0,0,4092.75,0,0.179700267040799
15600724,567,Germany,Male,29,5,129750.68,1,1,0,109257.59,0,0.227049225665977
15574324,568,Germany,Female,29,2,129177.01,2,0,1,104617.99,0,0.144642643380998
15707144,571,Germany,Male,25,6,82506.72,2,1,0,167705.07,0,0.146820029819596
15775891,634,Germany,Male,48,2,107247.69,1,1,1,103712.05,1,0.264365618356801
15711789,768,Spain,Female,42,3,0,1,0,0,161242.99,1,0.290631033746835
15600879,554,Germany,Female,36,3,157780.93,2,1,0,6089.13,0,0.444101967252577
15681196,629,France,Male,35,1,172170.36,1,1,1,159777.37,0,0.0757688957900433
15716000,638,Spain,Male,48,2,0,2,1,1,7919.08,0,0.101581679806945
15766776,576,France,Male,41,1,0,1,1,1,188274.6,0,0.0764791904828621
15680278,661,Spain,Female,42,9,75361.44,1,1,0,27608.12,1,0.305527380156527
15688637,592,France,Female,27,4,0,2,1,1,183569.25,0,0.0421848591336665
15591179,702,Spain,Male,30,2,0,2,1,1,145537.32,0,0.0313153978339268
15677435,647,France,Female,29,0,98263.46,2,1,0,164717.95,0,0.164943237651943
15698619,593,France,Male,43,9,0,2,1,1,76357.43,0,0.0676821096253936
15581036,712,Germany,Female,40,3,109308.79,2,1,0,120158.72,1,0.473561787380389
15622117,625,Spain,Female,31,8,0,2,1,0,151843.54,0,0.14124435901697
15599301,538,Germany,Female,28,6,164365.44,1,0,1,5698.97,0,0.14744576000626
15581548,637,Spain,Female,22,5,98800,1,1,0,122865.55,0,0.112877814505553
15586870,632,France,Male,27,4,193125.85,1,1,1,152665.85,0,0.0449317955507335
15735263,736,France,Male,27,5,51522.75,1,0,1,192131.77,0,0.0296382350881597
15765322,755,France,Male,23,5,84284.48,2,1,1,62851.6,0,0.0193878850855357
15582944,425,Spain,Female,39,5,0,2,1,0,140941.47,0,0.261744598117993
15687162,461,France,Male,51,9,119889.84,1,0,0,56767.67,1,0.396091784541966
15644962,745,France,Male,21,4,137910.45,1,1,1,177235.23,0,0.0237337969908716
15612615,616,France,Female,37,6,0,2,1,0,86242.18,0,0.198596844352572
15813439,587,France,Male,33,5,100116.82,1,1,0,34215.58,0,0.130966467982505
15604544,850,Germany,Male,40,4,166082.15,2,0,1,44406.17,0,0.158995080419878
15761348,601,France,Female,38,0,0,2,1,0,165196.65,0,0.228456398930302
15785078,730,Spain,Male,26,3,0,1,1,0,34542.41,0,0.0638430060821893
15759874,532,France,Male,44,3,148595.55,1,1,0,74838.64,1,0.296812587553803
15643658,850,Germany,Male,53,2,94078.97,2,1,0,36980.54,0,0.534523111543381
15713267,779,Spain,Female,34,5,0,2,0,1,111676.63,0,0.0621099023100676
15737782,562,France,Male,29,9,0,1,1,1,25858.68,0,0.0278190560856504
15815490,670,Germany,Male,40,2,164948.98,3,0,0,177028,1,0.369692331715491
15679410,729,France,Female,62,4,140549.4,1,1,0,30990.16,1,0.691323993448035
15756241,767,France,Female,44,2,152509.25,1,1,1,136915.15,0,0.181109129438768
15688409,742,France,Female,28,2,191864.51,1,1,0,108457.99,1,0.186541279756124
15742272,669,France,Female,44,8,96418.09,1,0,0,131609.48,1,0.362418525070106
15717898,542,Spain,Male,32,2,131945.94,1,0,1,159737.56,0,0.0622580238427375
15769582,586,France,Male,29,3,0,2,1,1,142238.54,0,0.0285571391320048
15635660,612,Germany,Male,30,9,142910.15,1,1,0,105890.55,1,0.227484658040422
15576723,740,France,Female,37,7,0,2,1,1,194270.91,0,0.0753388925021562
15591577,584,France,Male,35,3,146311.58,1,1,1,105443.47,0,0.0708200479962403
15582325,524,France,Male,52,2,87894.26,1,1,0,173899.42,1,0.419614315280928
15693947,614,France,Female,19,5,97445.49,2,1,0,122823.34,0,0.0806146670170826
15760446,598,France,Female,64,9,0,1,0,1,13181.37,1,0.384478109085251
15611105,799,Spain,Male,35,7,0,2,0,1,140780.8,0,0.040124663291752
15630920,724,France,Male,34,2,154485.74,2,0,0,78560.64,0,0.153673422594323
15574910,601,France,Male,50,2,115625.07,1,1,0,185855.21,0,0.391643822983167
15756472,804,France,Male,25,7,108396.67,1,1,0,128276.95,0,0.0711979115577923
15682890,745,Germany,Male,38,5,65095.41,2,1,1,140197.42,0,0.114799338810882
15641994,667,Germany,Male,43,1,103018.45,1,1,0,32462.39,1,0.41874394826631
15733297,518,France,Female,38,10,84764.79,1,1,1,162253.9,0,0.112317546513859
15767793,819,France,Female,38,10,0,2,1,0,30498.7,0,0.169454529906379
15725698,520,Spain,Female,35,4,115680.81,1,1,1,90280.7,0,0.108401538895457
15813532,625,France,Female,39,5,0,2,1,0,32615.21,0,0.211078446808673
15576760,673,Germany,Male,36,5,73088.06,2,0,0,196142.26,0,0.280329443888145
15732102,656,Germany,Female,27,3,150905.03,2,1,0,16998.72,0,0.270072521718743
15739046,850,Spain,Female,23,9,143054.85,1,0,1,62980.96,0,0.0399688995451176
15631927,574,Spain,Female,28,7,0,2,0,0,185660.3,0,0.12856848723524
15672115,679,France,Male,60,6,0,2,1,1,77331.77,0,0.199663579619429
15618765,530,Germany,Female,42,0,99948.45,1,0,1,97338.62,0,0.317487285007042
15679148,508,France,Male,44,3,115451.05,2,0,0,67234.33,0,0.274519560470305
15728474,558,Germany,Male,32,4,108235.91,1,1,1,143783.28,0,0.105850950222743
15636999,414,France,Male,38,8,0,1,0,1,77661.12,1,0.0637190273498049
15754261,648,Spain,Male,42,2,98795.61,2,1,0,89123.99,0,0.221321902628029
15629150,721,France,Female,37,1,0,2,1,0,70810.8,0,0.198324858262115
15736274,751,France,Male,31,8,0,2,0,0,17550.49,0,0.0757200231511582
15627697,662,France,Male,34,2,0,2,0,1,21497.27,0,0.0401738939416767
15721585,628,Germany,Male,29,3,113146.98,2,0,1,124749.08,0,0.0807091654547217
15639946,597,Germany,Female,39,8,162532.14,3,1,0,36051.46,1,0.450266240798233
15792176,698,Spain,Female,40,0,92053.44,1,1,1,143681.83,0,0.135661548294867
15699450,723,France,Male,48,7,0,2,1,1,150694.58,0,0.0929636940961721
15729954,586,France,Female,28,5,0,3,1,0,170487.4,1,0.108630633034913
15600103,633,Germany,Female,29,8,104944.1,1,1,1,97684.46,0,0.126207216226557
15786200,564,France,Male,31,4,0,2,1,0,53520.03,0,0.08669739295112
15797010,649,France,Female,31,2,0,2,1,0,15200.61,0,0.133280281719585
15670172,622,France,Female,30,4,107879.04,1,0,1,196894.62,0,0.0771012257854165
15627352,459,Germany,Male,46,7,110356.42,1,1,0,4969.13,1,0.485635830186876
15622494,718,France,Male,27,2,0,2,0,0,26229.24,0,0.0665663118110549
15585835,655,Spain,Female,34,4,109783.69,2,1,0,134034.32,0,0.222166954352329
15595071,696,France,Male,22,9,149777,1,1,1,198032.93,0,0.0256523908917595
15628203,637,France,Female,38,3,104339.56,1,0,0,119882.86,0,0.298448973137617
15667190,630,Spain,Female,21,1,85818.18,1,1,1,133102.3,0,0.0394331527857317
15780212,592,France,Male,37,4,212692.97,1,0,0,176395.02,0,0.236968809461428
15766869,634,Germany,Male,37,1,89696.84,2,1,1,193179.88,0,0.129095559543147
15775741,608,France,Female,28,9,0,2,1,1,125062.02,0,0.0394722159599509
15628170,565,Germany,Female,32,9,68067.24,1,1,0,143287.58,0,0.333110066248554
15701318,763,Spain,Male,67,9,148564.66,1,0,1,87236.4,0,0.398099486048535
15710928,665,France,Female,55,8,136354.16,1,1,1,93769.89,0,0.31247496516419
15682547,649,France,Male,38,1,122214,1,0,1,88965.46,0,0.0818931560213638
15631170,695,France,Male,45,3,0,2,1,1,30793.61,0,0.0791714678429187
15648702,775,Germany,Male,70,6,119684.88,2,1,1,74532.02,0,0.591259373832322
15783444,788,France,Female,39,3,135139.33,1,0,1,113086.08,0,0.127726780233096
15809178,569,Germany,Female,42,9,146100.75,1,1,0,32574.01,1,0.533544498253713
15806688,726,Spain,Female,56,8,123110.9,3,0,1,130113.78,1,0.284830091558345
15576824,564,Germany,Female,44,3,111760.4,3,1,1,104722.47,1,0.290464465541346
15675422,544,France,Female,32,9,110728.39,1,1,1,14559.62,0,0.0763445842076232
15681550,614,France,Female,41,8,121558.46,1,1,1,598.8,0,0.135977926151383
15812628,453,Germany,Female,38,8,120623.21,1,1,0,129697.99,0,0.479011553864132
15597951,471,France,Female,58,4,114713.57,1,1,1,36315.03,0,0.393598403152061
15807045,829,Germany,Female,37,3,103457.76,1,0,0,1114.12,0,0.404301136329737
15581748,754,Germany,Male,57,2,101134.87,2,1,1,70954.41,0,0.370262513098229
15770420,749,Germany,Male,46,10,78136.36,2,1,1,73470.98,0,0.172977312275406
15608230,667,France,Male,23,1,0,2,1,0,91573.19,0,0.0525620848142278
15730339,670,Spain,Male,30,3,133446.34,1,0,0,3154.95,0,0.123611748489316
15712584,670,France,Female,33,7,0,2,1,1,88187.81,0,0.0552604815015404
15592816,623,Germany,Female,48,1,108076.33,1,1,0,118855.26,1,0.659608949862767
15641480,571,France,Male,32,5,131354.25,1,1,0,125256.53,0,0.143935970593691
15708505,641,Germany,Female,37,7,62974.64,2,0,1,39016.43,0,0.172869830459624
15791131,551,Germany,Female,30,2,143340.44,1,1,0,145796.49,0,0.363140718400821
15618225,741,Germany,Male,36,8,116993.43,2,1,0,168816.22,0,0.270813103014107
15644724,472,France,Male,31,4,58662.92,2,0,1,73322,0,0.0422022647770905
15662098,650,Spain,Male,41,3,128808.65,3,0,0,113677.53,1,0.2160918727315
15723894,625,France,Male,45,7,137555.44,1,0,0,124607.7,0,0.296169582200264
15787699,650,Germany,Male,34,4,142393.11,1,1,1,11276.48,0,0.115097253718141
15687738,535,France,Female,38,8,0,2,1,0,136620.64,0,0.214885327974519
15576126,649,France,Female,41,2,125785.23,1,1,1,70523.92,0,0.153997931852355
15658889,689,France,Male,22,4,136444.25,1,1,0,51980.25,1,0.0691683850345691
15667046,694,Spain,Male,38,7,121527.4,1,1,0,113481.02,0,0.18788836688584
15669957,655,Germany,Male,52,9,144696.75,1,1,1,49025.79,0,0.318905133246942
15655794,620,France,Male,36,8,0,2,1,1,145937.99,0,0.0435690333741121
15599829,577,France,Female,35,10,0,2,1,1,25161.61,0,0.0641369372272125
15753332,401,Germany,Male,48,8,128140.17,1,1,0,175753.55,1,0.551601200044899
15671124,599,France,Male,25,6,120383.41,1,1,1,24903.09,0,0.0296671106101845
15767474,481,France,Female,57,9,0,3,1,1,169719.35,1,0.254305736458171
15720671,704,France,Male,42,8,129735.3,2,1,1,179565.57,0,0.0856481685045608
15626787,698,Spain,Female,31,8,185078.26,1,0,0,115337.74,1,0.224644225867812
15774491,480,France,Female,28,6,0,2,0,0,48131.92,0,0.121923472344089
15579647,682,France,Male,42,0,0,1,1,1,160828.98,0,0.0803790527979262
15625522,700,Spain,Male,31,7,0,2,0,1,145151.96,0,0.0322515146061433
15765806,492,France,Male,29,1,144591.96,1,1,1,196293.76,0,0.0510096358802748
15566708,444,France,Female,45,4,0,2,1,0,161653.5,1,0.350228413551193
15668347,624,France,Male,36,6,0,2,0,0,84635.64,0,0.122247113608737
15575214,709,France,Male,37,7,0,1,1,0,159486.76,0,0.135305675747372
15591123,557,Germany,Male,68,2,100194.44,1,1,1,38596.34,0,0.617920909838389
15573280,646,Germany,Male,50,6,145295.31,2,1,1,27814.74,0,0.281952690543329
15589018,719,Germany,Male,28,3,106070.29,2,1,1,183893.31,0,0.0713031410043836
15654495,706,Germany,Female,47,6,120621.89,1,1,1,140803.7,0,0.355565371200434
15597265,660,France,Male,38,7,0,2,0,1,146585.53,0,0.0525154558031687
15733876,667,France,Male,36,9,0,2,1,1,40062.29,0,0.0388627720424136
15677217,705,France,Male,30,1,0,1,1,1,181300.32,0,0.0336696055883363
15747265,598,Germany,Female,27,10,171283.91,1,1,1,84136.12,0,0.123487281973838
15713379,669,France,Male,26,4,0,2,1,1,197594.34,0,0.022428754295642
15730433,580,Germany,Female,38,1,128218.47,1,1,0,125953.83,1,0.495813162905647
15693347,676,France,Female,32,5,0,2,1,1,75465.41,0,0.0529172311187166
15715465,714,Germany,Male,28,7,77776.39,1,1,0,177737.07,0,0.173449326063979
15680736,597,Germany,Female,72,6,124978.19,2,1,1,7144.46,0,0.756656198899163
15610765,559,France,Male,29,1,0,2,0,0,155639.76,0,0.0905115486662006
15650034,564,France,Female,28,1,0,1,1,1,162428.05,0,0.0530499803049957
15782468,850,Spain,Male,51,3,109799.55,2,1,1,12457.76,1,0.136424437109715
15685109,689,France,Male,39,7,0,2,0,0,14917.09,0,0.135789488520682
15776233,758,Germany,Female,61,8,125397.21,1,1,0,182184.09,1,0.807364543865358
15761141,604,Spain,Female,71,10,0,2,1,1,129984.2,0,0.490784472839538
15781702,733,Germany,Male,38,9,111347.37,2,0,1,194872.97,0,0.126660896586286
15790235,778,Spain,Male,40,8,104291.41,2,1,1,117507.11,0,0.0664270735514099
15641416,732,Germany,Female,61,9,94867.18,2,1,1,157527.6,1,0.549982715732837
15775234,646,France,Male,24,8,0,2,0,0,92612.88,0,0.0514227389180631
15659475,597,France,Female,33,6,135703.59,2,0,0,74850.84,0,0.216100182007951
15642202,821,Germany,Female,37,5,106453.53,2,0,1,127413,0,0.185633633888724
15771417,640,France,Male,43,7,132412.38,1,0,0,69584.3,1,0.254689493469754
15585100,511,Germany,Female,40,9,124401.6,1,1,0,198814.24,1,0.52748252093319
15700487,805,France,Male,46,6,118022.06,3,1,0,162643.15,1,0.236535005050972
15726589,540,Germany,Male,39,1,82531.11,1,1,0,114092.52,0,0.361072009252207
15747503,705,Spain,Male,44,0,184552.12,1,1,0,68860.3,1,0.310092215772629
15595883,540,Germany,Male,39,4,127278.31,1,1,1,16150.34,0,0.169412281102139
15663826,532,Spain,Female,66,3,0,1,1,1,115227.02,0,0.469858549143212
15742820,535,France,Female,45,2,0,2,0,1,170621.55,0,0.152069703272454
15624793,627,Germany,Male,23,5,184244.86,1,1,0,103099.22,0,0.172598464821017
15597930,646,France,Male,52,8,59669.43,1,0,0,172495.81,1,0.369327954442502
15665110,515,France,Female,25,7,79543.59,1,0,1,38772.82,0,0.0486747868571823
15770719,697,France,Female,39,6,151553.19,1,1,1,44946.29,0,0.12555687915747
15731327,652,Germany,Male,27,2,166527.88,2,0,1,146007.7,0,0.0809136285729733
15576044,579,Germany,Male,28,6,150329.15,1,1,0,145558.42,0,0.223818316864313
15775662,760,France,Male,43,8,121911.59,1,1,0,193312.33,0,0.2343193739702
15646817,769,France,Male,51,9,156773.78,2,1,0,40257.79,0,0.337534636069582
15596060,498,Spain,Male,29,8,127864.26,1,1,1,46677.9,0,0.0440925517478657
15723299,774,France,Male,53,4,113709.28,1,1,1,153887.93,1,0.181734993112792
15636982,705,Germany,Female,43,7,79974.55,1,1,1,103108.33,0,0.264733583927577
15751175,648,France,Female,44,2,0,2,1,1,58652.23,0,0.122534082115881
15618936,688,France,Female,51,5,0,1,1,0,91624.11,1,0.423916642976512
15787529,592,Spain,Male,38,0,0,1,1,0,65986.48,1,0.160017950655168
15780128,705,France,Male,33,3,144427.96,2,1,0,113845.19,0,0.132808491819844
15615991,654,France,Male,42,7,99263.09,1,1,1,67607.9,0,0.0891270666601135
15757001,624,France,Female,32,2,79368.87,2,1,1,145471.94,0,0.0707024879249886
15595388,594,France,Female,30,10,0,2,1,1,124071.71,0,0.0471455270721811
15699550,695,Spain,Female,34,9,0,2,1,1,67502.12,0,0.0580683278900083
15581620,597,France,Male,28,2,0,3,1,1,78707.97,0,0.02475595489603
15600934,758,France,Female,52,7,125095.94,1,1,0,171189.83,1,0.514928115280378
15738672,737,Germany,Female,40,2,162485.8,2,1,0,149381.32,0,0.501536551640302
15721307,694,Germany,Male,37,1,95668.82,2,1,0,100335.55,0,0.290952562840993
15619280,683,France,Male,25,4,0,2,1,0,152698.24,0,0.0585095260492509
15768244,538,Spain,Female,30,8,0,2,1,1,41192.95,0,0.0479984749048894
15806837,669,France,Male,37,4,0,1,1,0,132540.33,0,0.135394892676447
15643496,730,France,Female,34,5,74197.38,2,1,0,96875.52,0,0.1852806114871
15813916,622,France,Female,31,1,89688.94,1,1,1,152305.47,0,0.0748450544415687
15626385,714,Spain,Female,33,10,103121.33,2,1,1,49672.01,0,0.0687608170862743
15603582,569,Spain,Female,34,3,0,1,1,0,133997.53,0,0.202304022147358
15764351,668,Germany,Female,59,5,120170.07,1,0,1,50454.8,0,0.572263580672423
15667938,628,France,Male,32,9,149136.31,2,1,1,16402.11,0,0.0441568614524743
15576360,600,France,Male,40,1,141136.79,1,1,1,67803.83,0,0.0982291030739947
15628813,693,France,Female,43,4,152341.55,1,1,0,9241.78,0,0.373402199965904
15584190,704,France,Male,36,7,120026.98,2,0,1,100601.73,0,0.0589328765090536
15716449,527,Spain,Male,33,9,132168.28,1,0,0,98734.15,0,0.155164650852469
15759913,553,Germany,Male,43,6,85200.82,2,1,1,160574.09,0,0.178787814515095
15701555,575,Spain,Male,53,1,84903.33,2,0,1,26015.8,0,0.185940041477539
15758482,626,France,Female,32,0,0,2,0,0,187172.54,0,0.166178003831699
15758171,582,France,Male,20,4,0,1,1,1,55763.66,0,0.0157908400820107
15680346,683,Spain,Male,40,8,0,1,1,0,75848.22,0,0.158629931056044
15649124,850,France,Male,30,9,121535.18,1,0,0,40313.47,0,0.0995924183764632
15812917,653,Spain,Male,35,6,116662.96,2,1,1,23864.21,0,0.0516582752583343
15768455,679,France,Male,60,8,0,2,1,1,51380.9,0,0.188722085736326
15703059,549,Germany,Female,49,6,124829.16,1,0,1,93551.36,0,0.419802479327854
15646196,850,Spain,Female,36,2,155180.56,2,0,0,169415.54,0,0.261314282941669
15585451,558,Germany,Female,32,1,108262.87,1,1,1,6935.31,0,0.169929297819921
15714057,528,Spain,Male,40,4,0,2,1,0,25399.7,0,0.163046146337508
15748473,801,France,Male,38,5,0,2,1,0,66256.27,0,0.118844733151487
15785782,513,Spain,Male,48,2,0,1,1,1,114709.13,1,0.12327912606115
15693233,666,Germany,Male,38,6,99812.88,2,1,1,158357.97,0,0.129138811779789
15757521,606,France,Male,35,2,132164.26,1,0,1,164815.59,0,0.0704922400713591
15812513,599,Germany,Male,45,10,103583.05,1,1,0,132127.69,1,0.431364847254093
15674950,544,Germany,Male,39,4,142406.43,2,1,0,146637.45,0,0.369155389433705
15678572,529,Spain,Male,38,7,99842.5,2,1,0,90256.06,1,0.178510722006935
15713608,850,France,Female,41,5,0,2,1,1,34827.43,0,0.0854006658807624
15579262,497,France,Male,41,9,0,1,0,0,22074.48,0,0.185907981430122
15610426,764,France,Female,39,5,81042.42,1,0,1,109805.17,0,0.115507388489519
15776454,603,France,Female,48,5,0,1,1,0,100478.6,1,0.376286271612339
15771483,609,France,Male,40,6,0,2,1,1,97416.34,0,0.0566493926515505
15648489,487,France,Male,53,4,199689.49,1,1,1,24207.86,1,0.244064186190471
15646609,748,France,Male,33,1,142645.43,1,0,0,69132.66,0,0.152214043570325
15693203,710,Spain,Female,75,5,0,2,1,1,9376.89,0,0.555472292750092
15813067,432,Germany,Female,45,3,110219.14,1,1,0,43046.7,1,0.610541833161228
15769829,534,Spain,Male,51,3,0,2,0,1,20856.31,0,0.13347889490863
15662434,607,France,Male,25,3,0,2,0,0,187048.72,0,0.0653363304241376
15773503,551,Spain,Male,32,4,0,2,1,0,53420.53,0,0.0966638231579264
15705890,674,France,Male,45,7,142072.02,1,1,0,37013.29,0,0.274920442815081
15711398,525,France,Female,25,6,0,2,1,0,89566.64,0,0.0969606993958245
15752375,645,Germany,Male,33,8,149564.61,1,0,0,149913.84,0,0.277575477865835
15659175,755,France,Female,43,9,0,2,1,0,18066.69,0,0.24145353458608
15597033,708,Germany,Male,37,8,153366.13,1,1,1,26912.34,0,0.137324493186424
15590228,715,France,Male,21,6,76467.16,1,1,1,173511.72,0,0.0202741406782921
15631848,727,France,Female,26,9,121508.28,1,1,1,146785.44,0,0.0498608848677621
15654211,559,Spain,Female,27,1,0,1,0,1,1050.33,0,0.049735145183179
15707968,545,Spain,Male,36,8,73211.12,2,1,0,89587.34,1,0.14471240708483
15594084,524,France,Male,22,9,0,2,1,0,74405.34,0,0.0473377096014701
15651093,707,France,Female,55,1,0,2,0,1,54409.48,0,0.24562028322251
15798824,671,Spain,Male,38,0,92674.94,2,1,0,3647.57,0,0.167780170686378
15671591,439,Spain,Male,52,3,96196.24,4,1,0,198874.52,1,0.367735891868084
15707189,667,Germany,Female,36,1,114391.62,1,1,1,53412.54,0,0.204049026215701
15733581,831,Germany,Male,32,9,80262.66,1,1,0,194867.78,0,0.202558509118859
15641640,545,Spain,Female,33,7,173331.52,1,1,0,150452.88,0,0.261375925103634
15585284,604,Spain,Female,35,7,147285.52,1,1,1,57807.05,0,0.108426625936051
15617866,657,Spain,Male,67,5,119785.47,2,1,1,107534.32,0,0.384720235245284
15667751,487,Spain,Female,36,1,140137.15,1,1,0,194073.33,0,0.318876688900661
15669411,750,Germany,Female,52,6,107467.56,1,1,0,126233.18,1,0.683434249786731
15789425,694,Germany,Female,37,8,98218.04,2,1,0,182354.46,1,0.390347395581049
15570943,711,Germany,Female,35,2,133607.75,1,1,1,120586.32,0,0.204193210356137
15685829,551,France,Male,37,3,0,2,1,1,50578.4,0,0.0500088428868167
15721917,559,France,Female,38,8,95139.41,1,1,1,86575.46,0,0.112145625190376
15776047,620,France,Female,29,3,0,2,0,1,153392.28,0,0.0487189174097614
15716024,660,Spain,Male,42,5,0,2,1,0,115509.59,0,0.174935133541025
15675328,449,France,Female,37,6,0,2,1,0,82176.48,0,0.213782440004606
15604314,703,Germany,Female,26,1,97331.19,1,1,0,63717.49,0,0.259289976877674
15658339,795,Germany,Male,37,2,139265.63,2,1,1,198745.94,0,0.133465794555059
15630402,594,France,Female,31,9,0,1,0,1,5719.11,0,0.0553476586605676
15689616,586,Spain,Male,34,5,168094.01,1,0,0,20058.61,0,0.177437876082065
15774224,613,Germany,Female,30,5,131563.88,2,1,0,170638.98,0,0.31715727306898
15701291,601,France,Male,44,3,0,2,1,0,30607.11,0,0.196754151928919
15719606,657,France,Male,50,9,0,2,0,0,37171.46,0,0.257357145242985
15644119,531,France,Male,31,3,0,1,1,1,42589.33,0,0.0370083420252656
15646859,621,Germany,Male,47,7,107363.29,1,1,1,66799.28,0,0.240262292483535
15606836,782,France,Female,33,2,94493.03,1,0,1,101866.39,0,0.0829075231495559
15664150,528,Germany,Female,29,9,170214.23,2,1,0,49284,0,0.315330628508302
15624510,696,France,Male,52,6,139781.06,1,1,0,27445.4,1,0.389675586813765
15810944,586,France,Female,35,7,0,2,1,0,70760.69,0,0.168515875923542
15668575,626,Spain,Female,26,8,148610.41,3,0,1,104502.02,1,0.0499869698292403
15603246,498,France,Male,73,2,170241.7,2,1,1,165407.96,0,0.562244569315244
15804002,691,France,Female,33,1,128306.83,1,1,1,113580.79,0,0.0886951348312889
15728773,568,France,Female,47,7,0,2,1,1,45978.39,0,0.14460888008695
15598044,715,France,Female,35,3,0,1,1,1,152012.36,0,0.076069546773666
15694829,680,Germany,Male,32,7,175454,1,0,1,77349.92,0,0.112635919768219
15600575,802,Spain,Male,41,6,0,2,1,0,47322.05,0,0.149676259149922
15727311,539,France,Female,22,0,100885.93,2,1,1,38772.65,0,0.0390952673390659
15570769,494,France,Male,69,9,93320.8,1,1,1,24489.44,0,0.422880579720537
15606274,594,Germany,Male,38,6,63176.44,2,1,1,14466.08,0,0.118787291274186
15746139,596,France,Male,33,2,139451.67,1,0,0,63142.12,0,0.158484715484117
15704987,649,France,Female,52,8,49113.75,1,1,0,41858.43,0,0.456702594940491
15628972,699,Germany,Male,32,1,123906.22,3,1,1,127443.82,1,0.0892485762860517
15697686,787,France,Female,40,6,0,2,1,1,84151.98,0,0.0839554172464038
15733883,604,France,Male,28,7,0,2,0,0,58595.64,0,0.0700684106819544
15617482,489,Germany,Female,52,1,131441.51,1,1,0,37240.11,1,0.742134790861948
15704583,651,France,Male,56,2,0,1,1,0,114522.68,1,0.398859849192292
15621083,698,France,Male,57,6,136325.48,2,1,1,72549.27,1,0.222779956345449
15649487,578,Germany,Female,38,4,113150.44,2,1,0,176712.59,1,0.460464500894549
15736760,538,Spain,Female,42,9,0,1,0,0,152855.96,0,0.300312728394391
15714658,696,France,Female,33,4,0,2,1,1,73371.65,0,0.0564730913177705
15599081,507,Germany,Female,46,8,102785.16,1,1,1,70323.68,0,0.346742232639156
15705113,685,Spain,Male,34,6,83264.28,1,0,0,9663.28,0,0.136104104545096
15631159,705,Germany,Male,41,4,72252.64,2,1,1,142514.66,0,0.148267455246306
15792818,499,Germany,Female,29,6,148051.52,1,1,0,118623.94,0,0.339587391623888
15633531,717,France,Female,76,9,138489.66,1,1,1,68400.14,0,0.66853416796429
15744529,510,France,Male,63,8,0,2,1,1,115291.86,0,0.251566099003855
15669656,632,France,Male,32,6,111589.33,1,1,1,170382.99,0,0.0496094262936366
15581198,668,Germany,Female,39,0,122104.79,1,1,0,112946.67,1,0.507544133375531
15729054,744,Germany,Male,32,4,96106.83,1,1,1,79812.77,0,0.0894100695794442
15573452,663,Germany,Male,42,7,115930.87,1,1,0,19862.78,0,0.389783783554475
15776733,638,Germany,Female,37,7,124513.66,2,1,0,158610.89,0,0.417865041722051
15724858,688,France,Female,54,9,0,1,1,0,191212.63,1,0.467017289809333
15713144,588,Spain,Male,46,8,0,1,1,0,61931.21,0,0.234296961153215
15690188,631,France,Male,33,7,0,1,1,1,58043.02,1,0.0373717538668799
15689425,687,Spain,Male,35,8,100988.39,2,1,0,22247.27,0,0.130249512813273
15671766,599,France,Male,44,10,118577.24,1,1,1,31448.52,0,0.102321118077847
15782806,718,Spain,Male,28,6,0,2,1,0,146875.86,0,0.0674752469057581
15764419,730,France,Male,27,5,0,2,1,1,116081.93,0,0.0216338490580902
15591915,533,France,Female,39,2,0,1,0,1,73669.94,1,0.113088414622466
15772798,711,Spain,Female,28,5,0,2,1,1,93959.96,0,0.0400925061713047
15792008,555,Spain,Female,26,9,0,2,0,1,158918.03,0,0.0388250641407153
15715541,850,France,Female,42,9,113311.11,1,1,1,198193.75,0,0.131886241975874
15639277,678,France,Female,41,9,0,1,0,0,13160.03,0,0.251789373626442
15798850,576,France,Male,32,7,0,2,1,0,4660.91,0,0.0858812422586617
15776348,835,Germany,Male,20,4,124365.42,1,0,0,180197.74,1,0.116879876034497
15727696,592,France,Male,42,1,147249.29,2,1,1,63023.02,0,0.100330015242936
15793813,774,France,Male,36,7,103688.19,1,0,1,118971.74,0,0.0570479432859361
15694395,620,France,Female,29,1,138740.24,2,0,0,154700.61,0,0.18586374806472
15764195,519,Spain,Male,39,4,111900.14,1,1,1,97577.17,0,0.0862303724121366
15744919,734,Spain,Female,37,0,152760.24,1,1,1,48990.5,0,0.122625921675735
15671655,763,Germany,Male,31,7,143966.3,2,1,1,140262.96,1,0.0843039723906184
15654901,733,France,Male,51,10,141556.96,1,1,0,130189.53,0,0.362721317102235
15649136,650,France,Female,43,6,0,2,1,1,16301.91,0,0.109047865654356
15775562,538,France,Female,33,5,0,2,1,0,126962.41,0,0.162322603607954
15807481,577,France,Female,46,1,0,1,1,1,158750.53,0,0.164538665555857
15642885,792,France,Male,30,8,0,2,1,0,199644.2,0,0.0734560844640989
15789109,686,France,Female,41,10,0,1,1,1,144272.71,1,0.0990873745490979
15814004,589,France,Male,29,2,0,2,0,1,98320.27,0,0.0293070095156233
15673619,530,France,Male,25,9,162560.32,1,1,0,64129.03,0,0.0923901859054788
15595135,778,Germany,Female,29,7,123229.46,1,1,0,181221.09,0,0.299430793080294
15583681,616,Spain,Male,31,7,76665.71,2,1,1,163809.08,0,0.0403340584918506
15605000,550,France,Male,38,9,140278.99,3,1,1,171457.06,1,0.0679035786717655
15718071,655,France,Female,51,3,0,2,0,1,15801.02,0,0.190507776223469
15679760,721,France,Male,46,1,115764.32,2,0,0,102950.79,0,0.285313720987722
15654574,499,Germany,Male,36,5,131142.53,2,1,0,174918.46,0,0.320691929250164
15577178,511,France,Male,45,5,68375.27,1,1,0,193160.25,1,0.286296607496749
15595324,579,Germany,Female,39,5,117833.3,3,0,0,5831,1,0.446600775857587
15756932,696,Spain,Female,36,7,0,2,1,1,82298.59,0,0.0680268300387663
15726358,681,France,Male,34,7,0,2,0,0,130686.59,0,0.103062237217001
15595228,815,France,Male,45,7,0,1,0,1,52885.23,1,0.080870554557709
15782530,681,Spain,Male,30,2,111093.01,1,1,0,68985.99,0,0.115453885274014
15592877,641,Spain,Male,42,9,132657.55,1,1,0,35367.19,0,0.238892548071143
15651983,591,France,Female,56,9,128882.49,1,1,1,196241.94,1,0.345922736297657
15746737,565,Germany,Male,59,9,69129.59,1,1,1,170705.53,0,0.413454798905752
15774179,487,France,Male,37,6,0,2,1,1,126477.41,0,0.050400141337935
15667265,729,France,Male,39,4,121404.64,1,1,1,159618.17,0,0.0790727857666418
15655123,505,Spain,Female,45,9,131355.3,3,1,0,195395.33,1,0.385504417229279
15595917,580,France,Female,35,1,102097.33,1,0,1,168285.85,0,0.113815943828009
15668385,642,France,Male,40,1,154863.15,1,1,1,138052.51,0,0.0998378003014137
15709476,850,Spain,Female,41,3,99945.93,2,1,0,71179.31,0,0.279529372563791
15711218,616,Germany,Male,39,2,121704.32,2,1,0,55556.3,0,0.340748688895821
15798659,526,Spain,Female,43,3,0,2,1,0,31705.19,0,0.290908210499914
15663939,523,Germany,Male,35,8,138782.76,1,1,1,186118.93,0,0.137220546423058
15694946,663,France,Male,35,9,0,2,1,1,195580.28,0,0.0394509135094336
15631912,840,France,Male,30,8,136291.71,1,1,0,54113.38,0,0.102045021077354
15768816,570,Germany,Male,42,0,107856.57,2,1,0,127528.84,0,0.402333092966633
15682268,676,Germany,Female,26,1,108348.66,1,0,0,60231.74,1,0.273048597227151
15684801,689,France,Male,47,1,93871.95,3,1,0,156878.42,1,0.268177868463687
15636428,703,Spain,Female,45,1,0,1,1,0,182784.11,1,0.351096594857423
15809823,491,Germany,Male,19,2,125860.2,1,0,0,129690.5,0,0.134332099238577
15699284,584,France,Male,49,8,172713.44,1,1,0,113860.81,0,0.373941846584048
15786993,810,France,Female,51,5,0,2,0,1,184524.74,0,0.179718530096027
15709441,745,Spain,Female,59,8,0,1,1,1,36124.98,0,0.288615071034364
15710257,625,France,Female,39,3,130786.92,1,0,1,121316.07,0,0.141749320678343
15582492,535,France,Female,29,2,112367.34,1,1,0,185630.76,0,0.196890435265239
15575694,729,Spain,Female,45,7,91091.06,2,1,0,71133.12,0,0.348072972007607
15756820,655,France,Female,26,7,106198.5,1,0,1,32020.42,0,0.0497125286746515
15766289,751,France,Male,47,5,142669.93,2,1,0,162760.96,0,0.289424359802936
15593014,525,France,Male,33,1,112833.35,1,0,1,175178.56,0,0.0655460461899701
15584545,532,France,Female,40,5,0,2,0,1,177099.71,0,0.110722219376987
15675949,696,Spain,Female,43,4,0,2,1,1,66406.37,0,0.114382580959892
15672091,786,Germany,Female,32,2,104336.43,2,0,0,59559.81,0,0.322640787460412
15801658,580,France,Male,55,6,104305.74,1,0,1,175750.21,0,0.222521498380033
15706185,596,Germany,Male,47,5,140187.1,2,1,1,174311.3,0,0.253334203177844
15789863,683,France,Male,39,4,0,2,1,0,171716.81,0,0.142367317429497
15720943,747,France,Female,45,1,114959.12,1,1,0,189362.39,1,0.40244751841803
15697997,602,France,Male,33,5,164704.38,1,0,1,180716.1,1,0.0653125531429215
15665416,779,France,Male,62,10,119096.55,1,0,1,116977.89,0,0.290606482956918
15660200,551,France,Male,31,1,0,2,1,1,185105.44,0,0.0363847643556367
15619653,666,France,Male,47,2,0,1,1,0,35046.97,1,0.251438774261401
15773447,526,Spain,Male,30,8,0,1,1,0,36251,0,0.0882857010439996
15739160,849,France,Female,41,9,115465.28,1,1,0,103174.5,0,0.283427785989284
15689237,471,France,Female,27,4,0,2,1,0,122642.09,0,0.119609140497608
15679297,628,Spain,Male,43,3,184926.61,1,1,0,122937.57,0,0.304913093918622
15591433,674,Germany,Male,43,8,85957.88,2,1,0,8757.39,0,0.356847818162606
15642725,797,France,Male,32,10,114084.6,1,0,1,125782.29,0,0.0435620299273087
15701962,590,Spain,Female,29,2,166930.76,2,1,0,122487.73,0,0.193543558229854
15811613,588,France,Female,27,8,0,1,1,0,20066.38,0,0.107282587194518
15741049,577,France,Male,29,7,0,2,1,1,55473.15,0,0.0260956362514533
15724423,571,France,Female,38,6,107193.82,2,0,0,38962.94,0,0.2655964901988
15574305,680,France,Male,36,3,116275.12,1,1,1,63795.8,0,0.0653706152693661
15678168,648,Spain,Female,27,7,0,2,1,1,163060.43,0,0.0399240432326336
15697020,618,France,Male,39,2,91068.56,1,1,0,26578.69,0,0.193779819172088
15610801,648,Germany,Male,41,5,123049.21,1,0,1,5066.76,0,0.181370367243446
15745232,759,France,Female,39,6,0,2,1,1,140497.67,0,0.0809879614507536
15722758,585,France,Male,40,7,0,2,0,0,146156.98,0,0.160446232682004
15792102,774,France,Female,42,3,137781.65,1,0,0,199316.19,0,0.360858555022619
15675185,697,Germany,Female,48,2,108128.96,2,1,1,103944.37,0,0.352209838913463
15801247,605,Spain,Male,39,10,105317.73,2,1,0,138021.36,0,0.17550768276496
15725660,676,France,Male,20,1,80569.73,1,0,0,68621.98,0,0.0573752181344026
15638963,678,France,Female,22,4,174852.89,1,1,1,28149.06,0,0.0454490907936236
15800061,495,Spain,Female,45,3,89158.94,3,1,0,135169.76,1,0.367770690831763
15578006,787,France,Female,85,10,0,2,1,1,116537.96,0,0.703869032653789
15668504,770,France,Male,36,2,89800.14,1,1,1,105922.69,0,0.0585260462409057
15687491,817,Germany,Male,45,9,101207.75,1,0,0,88211.12,1,0.412276746816833
15610403,659,France,Male,43,1,106086.42,2,1,0,26900.63,0,0.234171786637856
15741094,693,France,Male,21,1,0,2,1,1,3494.02,0,0.0146617714715333
15807909,744,France,Male,47,9,0,2,1,0,113163.17,0,0.202964979049034
15666141,829,Spain,Female,26,8,101440.36,2,1,1,19324.5,0,0.0395774722094315
15617134,716,France,Male,38,4,0,2,1,0,189678.7,0,0.137480859165398
15783029,671,France,Male,34,7,106603.74,2,1,1,26387.71,0,0.0446469962818751
15622833,835,Germany,Female,29,10,130420.2,2,0,0,106276.55,0,0.265733810582684
15746422,636,France,Female,38,1,0,1,1,0,45015.38,0,0.229789282601639
15750839,649,Spain,Male,29,2,45022.23,1,1,1,173495.77,0,0.0363363383242167
15749130,621,Germany,Male,27,1,74298.43,1,1,1,52581.96,0,0.0672120620581308
15779862,658,Germany,Female,31,3,133003.03,1,0,1,146339.27,1,0.163801216964795
15767871,784,Spain,Male,48,7,0,2,1,1,182609.97,0,0.0922899863885347
15679651,783,Spain,Female,37,1,136689.66,1,1,0,197890.65,0,0.290332531211017
15576219,615,France,Male,32,4,0,2,1,1,6225.63,0,0.0335939947609997
15699247,791,France,Female,44,5,0,2,1,1,123977.86,1,0.11238296957831
15619087,762,France,Male,53,1,102520.37,1,1,1,170195.4,0,0.191122705405096
15605327,607,France,Male,35,2,0,2,1,1,114190.3,0,0.0448316866843697
15610140,601,France,Female,34,5,0,2,1,0,27022.57,0,0.165850374863378
15791174,540,Spain,Male,67,1,88382.01,1,0,1,59457,0,0.417732978102855
15602373,812,France,Male,44,4,115049.15,2,1,0,165038.41,0,0.236954124704841
15762605,685,France,Male,58,1,104796.54,1,1,1,154181.41,0,0.255913968793629
15598840,680,France,Male,33,1,123082.08,1,1,0,134960.98,0,0.151271889547291
15744279,680,Spain,Female,58,8,0,2,1,1,65708.5,0,0.263548170384557
15670619,631,France,Female,33,8,0,2,0,0,117374.22,0,0.156767796259202
15599533,569,France,Female,43,7,0,2,1,1,77703.19,0,0.117147220618275
15757837,584,Germany,Male,33,3,88311.48,2,1,1,177651.38,0,0.0990887955298498
15697574,582,France,Female,40,9,0,3,1,1,60954.45,0,0.0821305710211686
15578738,609,France,Male,32,7,71872.19,1,1,1,151924.9,0,0.0455239289664312
15762228,506,Spain,Male,35,6,110046.93,2,1,0,26318.73,0,0.149381787191308
15614827,503,France,Male,42,8,104430.08,1,1,1,147557.71,0,0.100918334418191
15789815,503,France,Female,28,5,0,2,1,0,125918.17,0,0.120724378264215
15579781,806,Germany,Male,31,10,138653.51,1,1,0,190803.37,0,0.222625989117612
15587013,653,France,Female,31,7,102575.04,1,1,1,11043.54,0,0.0687330167461327
15570932,666,France,Male,43,7,137780.74,2,1,1,119100.05,1,0.0977265415126832
15794661,674,Spain,Male,32,2,0,2,1,0,140579.17,0,0.095518573458068
15581654,798,France,Male,32,7,0,2,0,1,37731.95,0,0.0301870332431335
15644296,740,France,Female,30,8,105209.54,1,1,0,1852.58,0,0.155770988701395
15614420,531,Germany,Female,32,0,109570.21,2,1,1,172049.84,0,0.171156451702606
15609653,614,Germany,Female,44,6,118715.86,1,1,0,133591.11,1,0.581101338235375
15594577,556,France,Male,35,10,0,2,1,1,192751.18,0,0.042607812970893
15584114,678,Germany,Female,43,2,153393.18,2,1,1,193828.27,0,0.315683134231743
15673367,587,Germany,Male,33,6,132603.36,1,1,0,55775.72,0,0.268737665964445
15685576,527,Spain,Female,36,6,0,2,1,1,102280.29,0,0.078685269235147
15774727,757,Germany,Female,34,1,129398.01,2,0,0,44965.44,0,0.370748107298997
15694288,468,Spain,Male,28,3,0,2,1,0,170661.02,0,0.0849647249233695
15603319,693,France,Male,29,2,151352.74,1,0,0,197145.89,0,0.131107021837997
15759066,483,France,Female,44,5,136836.49,1,1,0,192359.9,1,0.423801278699152
15814816,466,France,Male,40,4,91592.06,1,1,0,141210.18,1,0.221382589361913
15724402,770,France,Female,30,8,0,2,1,0,100557.03,0,0.112925708522156
15571059,734,France,Female,54,3,0,1,1,0,130805.54,1,0.486109728528017
15674206,716,France,Female,22,8,0,2,1,1,92606.98,0,0.0247655667883136
15715160,439,France,Male,36,2,165536.28,2,1,1,123956.83,0,0.0784923629373887
15730448,538,Germany,Male,25,5,62482.95,1,1,1,102758.43,0,0.0580658850720641
15662067,743,France,Male,40,8,68155.59,1,1,0,94876.65,0,0.175052278261683
15779581,734,Spain,Female,43,3,55853.33,2,0,1,94811.85,1,0.132744253488026
15662901,656,France,Male,37,2,0,2,0,1,67840.81,0,0.0503002553531953
15689751,666,France,Female,31,2,79589.43,1,0,0,4050.57,0,0.181750761379073
15667742,627,Spain,Male,41,5,100880.76,1,0,1,134665.25,0,0.0959486655666953
15738448,480,Germany,Female,25,3,174330.35,2,0,0,181647.13,0,0.302179728964827
15680243,792,France,Male,19,7,143390.51,1,1,0,33282.84,0,0.0506527369951939
15745083,613,Germany,Male,59,8,91415.76,1,0,0,27965,1,0.67816444711118
15708228,476,Germany,Male,30,3,134366.42,1,1,0,68343.53,0,0.25056055290916
15628523,539,France,Female,24,3,0,2,1,1,198161.07,0,0.036736506229303
15708196,696,Spain,Male,60,8,88786.81,1,1,1,196858.4,0,0.266334110025895
15735549,810,Germany,Male,35,3,96814.46,2,1,1,120511.03,0,0.0986760962658282
15809347,763,Germany,Male,32,9,160680.41,1,1,0,30886.35,0,0.229167813289808
15660866,640,France,Female,29,3,0,2,1,0,2743.69,0,0.119413487778595
15766609,655,France,Female,47,10,0,2,1,0,167778.62,0,0.318903112490195
15654230,526,Germany,Male,31,5,145537.21,1,1,0,132404.64,0,0.266277610518814
15794566,678,France,Female,28,4,0,2,1,1,144423.17,1,0.0409340837364088
15800890,554,France,Female,45,6,0,2,1,1,181204.5,0,0.135760109159784
15697424,597,Spain,Female,30,2,119370.11,1,1,1,182726.22,1,0.0810577437882726
15724536,560,Spain,Female,28,1,0,2,1,1,120880.72,0,0.0480972507869794
15735878,850,Germany,Female,47,10,134381.52,1,0,0,26812.89,1,0.580798288272229
15707596,546,Germany,Female,74,8,114888.74,2,1,1,66732.63,1,0.781962598884839
15657163,623,Germany,Male,42,1,149332.48,2,1,0,100834.22,0,0.420286809978055
15622478,698,France,Female,40,7,105061.74,3,1,0,107815.31,1,0.2564294834942
15779529,620,France,Male,32,7,0,2,1,1,34665.79,0,0.0307618299207207
15636023,619,France,Female,40,10,0,1,1,1,147093.84,1,0.100299926347812
15582066,561,France,Male,21,4,0,1,1,1,36942.35,0,0.017835712059068
15666675,753,France,Female,39,7,155062.8,1,1,1,16460.77,0,0.122237955998069
15732987,721,Spain,Male,43,3,88798.34,1,0,0,45610.63,0,0.241440084761107
15789432,451,France,Male,33,6,0,2,1,0,184954.11,0,0.108803576702444
15663161,680,Germany,Female,51,5,143139.87,1,0,0,47795.43,1,0.703204464540343
15694879,590,Spain,Female,23,7,0,2,1,0,196789.9,0,0.0874846903831682
15593715,634,Germany,Male,27,3,107027.52,1,1,0,173425.68,0,0.196250862129393
15575002,676,France,Male,29,4,140720.93,1,1,0,36221.18,0,0.113429655990815
15622171,642,France,Male,30,8,80964.57,2,1,0,174738.2,0,0.0972195912242066
15795224,760,France,Male,39,6,178585.46,1,1,0,67131.3,1,0.204203930275291
15685346,736,Spain,Female,26,4,135889.13,1,1,1,165692.03,0,0.0570423524202479
15691808,656,France,Male,43,7,134919.85,1,1,0,194691.95,0,0.260792230318228
15721007,776,Germany,Male,33,8,115130.34,1,0,0,129525.5,1,0.243050703512699
15794253,832,Spain,Female,34,6,138190.13,2,0,1,146511.2,0,0.08264564058713
15694453,631,Germany,Male,37,9,131519.49,2,1,1,51752.18,0,0.121885993418454
15813113,795,Spain,Female,56,5,0,1,1,0,35418.69,1,0.485611109030237
15614187,648,Germany,Female,39,3,126935.98,2,0,1,57995.74,0,0.238968371399585
15619407,615,France,Male,39,4,133707.09,1,1,1,108152.75,0,0.0863454565922439
15646227,682,France,Female,27,1,97893.2,1,1,0,166144.98,0,0.154794111447523
15660541,694,France,Male,34,5,127900.03,1,1,0,101737.8,0,0.148680465651884
15753874,694,France,Male,37,10,143835.47,1,0,1,33326.71,0,0.0658285180130734
15617877,607,France,Male,44,0,0,2,1,1,81140.09,0,0.0838016043537079
15772073,664,France,Male,48,10,0,1,1,0,140173.17,1,0.243411768967622
15701537,756,France,Male,60,2,0,1,1,1,166513.49,1,0.224641140934978
15736228,645,France,Female,40,3,129596.77,1,1,1,103232.6,0,0.141143416241306
15780572,653,Spain,Male,30,4,0,2,1,0,120736.04,0,0.0818516342485677
15769596,710,Germany,Female,24,2,110407.44,2,0,0,15832.43,1,0.213548382212636
15586996,697,France,Female,76,7,0,2,0,1,188772.45,0,0.598122878446192
15722061,619,Germany,Female,41,8,142015.76,2,1,0,114323.66,0,0.498724987136342
15638003,648,Spain,Male,55,1,81370.07,1,0,1,181534.04,0,0.232247314140461
15775590,482,Germany,Female,48,2,69329.47,1,0,0,102640.52,1,0.651881816617281
15730688,548,France,Female,28,8,116755.5,2,1,1,158585.17,1,0.057287747123817
15753102,752,Spain,Male,44,6,83870.33,1,1,0,178722.24,0,0.242302645045154
15810075,648,France,Female,39,6,130694.89,2,1,1,153955.38,1,0.116936166751762
15723373,643,Spain,Female,34,8,117451.47,1,1,0,65374.86,0,0.221462938227962
15795298,573,Germany,Female,35,9,206868.78,2,0,1,102986.15,0,0.212343739885126
15584320,686,France,Female,39,3,111695.62,1,0,0,136643.84,0,0.315267562695105
15724161,644,France,Female,40,9,137285.26,4,1,0,77063.63,1,0.246231331161338
15750056,702,France,Female,29,6,149218.39,1,1,1,9633.01,0,0.0636123175299926
15609637,652,France,Male,51,7,0,2,0,1,43496.36,0,0.119701078882443
15794493,641,Spain,Male,32,7,0,2,1,1,24267.28,0,0.0311261188004334
15569641,692,Germany,Female,41,8,130701.29,1,1,0,59354.24,1,0.507787290248134
15815236,574,Spain,Male,34,5,0,2,0,0,28269.86,0,0.109265684984738
15811177,643,France,Female,31,3,167949.48,1,1,0,143162.34,0,0.217063726216157
15680587,834,France,Male,23,4,131254.81,1,1,0,20199.3,0,0.0654859391311871
15672821,591,France,Male,28,5,0,2,1,1,48606.92,0,0.0252103477349384
15767681,470,Spain,Male,34,9,0,2,0,1,89013.67,0,0.0420221064955225
15600379,608,Spain,Male,34,7,86656.13,1,0,1,59890.29,0,0.0558563109273991
15801336,649,Germany,Female,37,8,114737.26,1,1,1,106655.88,1,0.199956431441629
15721592,665,France,Female,38,5,0,2,1,0,156439.56,0,0.208569594101042
15581282,651,France,Female,39,6,0,1,1,0,24176.44,0,0.232620642452763
15746203,555,Germany,Male,62,4,119817.33,1,0,1,43507.1,1,0.518145280977189
15583137,637,France,Female,48,7,130806.99,2,1,1,132005.85,1,0.209707638474266
15680752,675,France,Female,49,0,0,1,1,1,80496.71,1,0.188372211895248
15688172,677,Spain,Male,40,5,0,2,1,0,88947.56,0,0.152725007221712
15791373,850,Germany,Female,35,2,80931.75,1,0,0,12639.67,1,0.358809084868104
15589449,815,France,Female,56,3,0,3,1,1,94248.16,1,0.220152821517225
15692819,665,Germany,Male,32,1,132178.67,1,0,0,11865.76,0,0.263564374718304
15727467,485,France,Female,27,3,0,2,1,0,141449.86,0,0.120217969162452
15734312,577,Spain,Male,43,6,0,2,1,1,149457.81,0,0.0756525713799836
15764604,586,France,Female,35,7,164769.02,3,1,0,119814.25,1,0.226520396608635
15613014,722,Germany,Male,29,1,107233.85,2,1,0,24924.92,0,0.187109084118145
15759684,528,France,Female,27,7,176227.07,2,0,1,139481.53,0,0.0654455899579192
15609669,542,France,Female,39,4,109949.39,2,1,1,41268.65,0,0.121777379895864
15685536,552,France,Female,34,5,0,2,1,1,1351.41,0,0.0635357482120178
15750447,678,France,Female,60,10,117738.81,1,1,0,147489.76,1,0.640288968888597
15663249,575,Spain,Female,37,9,133292.45,1,1,0,111175.09,0,0.282921079374607
15638646,669,France,Female,43,1,160474.59,1,1,1,95963.14,0,0.187203490871318
15734161,636,France,Male,43,6,0,2,1,0,43128.95,0,0.174602366628371
15631070,667,Germany,Male,55,9,154393.43,1,1,1,137674.96,1,0.38463995760552
15761950,652,Germany,Female,45,9,110827.49,1,1,1,153383.54,1,0.310010370384554
15649668,637,Germany,Female,36,10,145750.45,2,1,1,96660.76,0,0.187244020417764
15713912,516,Spain,Female,45,8,109044.3,1,0,1,115818.16,0,0.198186549798163
15586757,801,France,Female,32,4,75170.54,1,1,1,37898.5,0,0.0664130711444468
15596522,692,France,Female,42,2,0,2,1,0,145222.93,0,0.271860344136608
15625395,585,France,Female,28,6,105795.9,1,1,1,41219.09,0,0.0600792180690816
15760570,590,France,Male,32,5,0,2,1,0,59249.83,0,0.0906482444821028
15566689,554,Spain,Male,66,8,0,2,1,1,116747.62,0,0.306002385622126
15725794,659,France,Female,49,1,0,1,1,0,116249.72,1,0.40494482796669
15673539,690,France,Female,26,3,118097.87,1,1,0,61257.83,0,0.140337480956792
15705298,697,Germany,Male,29,0,172693.54,1,0,0,141798.98,0,0.252626179113607
15675791,610,France,Male,36,4,129440.3,2,1,0,102638.35,0,0.164055717503576
15747043,599,Spain,Male,36,4,0,2,0,0,13210.56,0,0.125335063633071
15736397,544,France,Male,23,1,96471.2,1,1,0,35550.97,0,0.0747687649678653
15678201,548,France,Female,46,1,0,1,1,1,104469.06,1,0.16827716015889
15720745,635,Spain,Male,24,4,140197.18,1,1,1,142935.83,0,0.0316515199125639
15637593,722,France,Male,20,6,0,2,1,0,195486.28,0,0.0397742789773094
15598070,564,France,Female,33,4,135946.26,1,1,0,63170,0,0.237252767766382
15787550,719,France,Male,69,3,0,2,1,1,58320.06,0,0.320372039377511
15603942,547,Germany,Male,50,3,81290.02,3,0,1,177747.03,1,0.272876965681256
15733973,850,France,Female,42,8,0,1,1,0,19632.64,1,0.234630455901542
15596761,515,Germany,Male,60,9,113715.36,1,1,0,18424.24,1,0.71395904225217
15652400,667,Spain,Male,56,2,168883.08,1,0,1,18897.78,0,0.268132590270976
15717893,607,Germany,Male,36,8,143421.74,1,1,0,97879.02,0,0.311945143718002
15622585,525,France,Male,26,7,153644.39,1,1,1,63197.88,0,0.0368708545361989
15733964,606,Spain,Female,53,1,109330.06,1,1,1,75860.01,0,0.302945761179441
15753861,686,Germany,Female,27,1,115095.88,2,0,0,78622.46,0,0.267652924490308
15747097,611,France,Male,35,10,0,1,1,1,23598.23,1,0.040322126736503
15594762,827,Spain,Male,46,1,183276.32,1,1,1,13460.27,0,0.139769218431312
15667417,572,France,Male,33,9,68193.72,1,1,0,19998.31,0,0.119306739021355
15684861,726,France,Female,32,8,0,2,0,0,185075.63,0,0.143148264758383
15742204,579,Germany,Male,31,6,139729.54,1,0,1,135815.38,0,0.10606701676635
15623502,598,Spain,Female,56,4,98365.33,1,1,1,44251.33,0,0.337821721305486
15774872,663,France,Male,36,10,0,2,1,0,136349.55,0,0.108136257996361
15611191,505,Germany,Female,37,10,122453.97,2,1,1,52693.99,0,0.201032260798817
15674331,576,Germany,Male,30,7,132174.41,2,0,0,93767.03,0,0.219865232891342
15619465,555,Spain,Female,24,2,0,2,0,1,197866.55,0,0.0399948100633679
15575247,524,France,Male,30,1,0,2,1,0,126812.85,0,0.0943470268379073
15695679,776,Spain,Male,39,2,104349.45,1,0,0,79503.05,0,0.199541788724937
15713463,645,Germany,Female,41,2,138881.04,1,1,0,129936.53,1,0.544019187999553
15785170,850,Germany,Female,32,0,116968.91,1,0,0,175094.62,0,0.356308864608819
15796351,603,Germany,Male,35,1,105346.03,2,1,1,130379.5,0,0.116004483375334
15639576,691,France,Male,26,9,136623.19,1,1,0,153228,0,0.0882343572471131
15693264,583,France,Female,29,10,0,2,1,1,111285.85,0,0.0429615884174287
15589715,584,France,Female,66,5,0,1,1,0,49553.38,1,0.698604751116813
15769902,679,France,Female,33,6,0,2,1,1,98015.85,0,0.0552462671819361
15587177,646,France,Male,36,6,124445.52,1,1,0,88481.32,0,0.170820530212521
15814553,559,France,Female,34,5,68999.66,2,1,1,66879.27,0,0.0747594601966552
15601550,595,Spain,Male,36,6,85768.42,1,1,1,24802.77,0,0.0616470605645495
15664907,527,France,Male,47,1,0,1,1,0,21312.16,1,0.268767580841765
15612465,684,Spain,Male,34,9,100628,2,1,1,190263.78,0,0.0492540103832528
15810800,673,Spain,Female,32,0,0,1,1,1,72873.33,0,0.0630732126809387
15665760,802,Spain,Male,38,7,0,2,0,1,57764.65,0,0.0468291666321659
15588080,675,France,Male,54,6,0,1,1,0,110273.84,1,0.352706412847807
15776844,762,Spain,Female,19,6,0,2,1,0,55500.17,0,0.0560251246930865
15717560,580,France,Male,50,0,125647.36,1,1,0,57541.08,1,0.385145532821161
15629739,621,Germany,Female,31,8,100375.39,1,1,1,90384.26,0,0.141264518698825
15729908,411,France,Female,36,10,0,1,0,0,120694.35,0,0.220550176992696
15716781,815,France,Male,24,7,171922.72,1,0,1,178028.96,0,0.0299820258759832
15646936,631,Germany,Female,32,2,146810.99,2,1,1,180990.29,0,0.170462089215975
15768151,514,Germany,Female,45,3,109032.23,1,0,1,155407.21,1,0.360833764013551
15579212,638,France,Male,57,6,0,1,1,0,33676.48,1,0.40150833300451
15721835,791,Spain,Male,25,7,0,1,1,0,89666.28,0,0.056283881765228
15800515,516,France,Male,35,5,128653.59,1,1,0,127558.26,0,0.171370925936188
15591279,734,France,Male,37,3,80387.81,1,0,1,77272.62,0,0.0647672212219927
15587419,611,France,Male,58,8,0,2,0,1,107665.68,1,0.191864818696381
15750335,850,Germany,Male,43,0,108508.82,3,1,0,184044.8,1,0.359655453698744
15699619,641,France,Male,31,10,155978.17,1,1,0,91510.71,0,0.124630489172508
15606472,585,France,Female,38,5,0,1,1,1,87363.56,0,0.0946765093846322
15778368,552,Germany,Male,50,4,121175.56,1,1,0,117505.07,1,0.565344958732045
15671387,507,France,Female,29,4,89349.47,2,0,0,180626.68,0,0.173479020395982
15573926,735,Spain,Male,38,7,86131.71,2,0,0,93478.96,0,0.164507440599212
15709183,707,France,Female,58,3,102346.86,1,1,1,114672.64,0,0.354992338099216
15577514,698,Germany,Female,36,7,121263.62,1,1,1,13387.88,0,0.190741863170806
15778830,841,France,Male,31,2,0,2,1,0,173240.52,0,0.0796482625007221
15768072,688,Spain,Female,33,2,0,1,0,0,27557.18,1,0.174055204023326
15768293,614,France,Male,51,3,0,2,1,1,5552.37,0,0.117986280073846
15654456,511,Germany,Male,48,6,149726.08,1,0,0,88307.87,1,0.562637556873137
15807525,447,France,Male,43,2,0,2,1,0,33879.26,1,0.199865497103645
15574372,738,France,Male,35,5,161274.05,2,1,0,181429.87,0,0.160601804877548
15671249,422,France,Female,33,2,0,2,1,0,102655.31,0,0.182410437544781
15779744,537,Spain,Male,30,1,103138.17,1,1,1,96555.42,0,0.0471274802579151
15624755,707,Germany,Female,40,3,109628.44,1,1,0,189366.03,0,0.505421497324536
15611430,690,France,Male,54,5,0,1,1,0,12847.61,1,0.341964885581228
15774744,664,Germany,Male,33,7,97286.16,2,1,0,143433.33,0,0.223284066568716
15629885,850,France,Female,33,7,118004.26,1,1,0,183983.82,0,0.197288514352359
15708791,584,Spain,Male,32,9,85534.83,1,0,0,169137.24,0,0.131034173438121
15793890,728,France,Female,59,4,0,1,1,1,163365.85,1,0.305276136339708
15646091,560,Spain,Female,43,4,95140.44,2,1,0,123181.44,1,0.355508750443698
15596984,629,France,Female,31,6,0,1,1,1,16447.6,1,0.0549858057032406
15800215,658,France,Male,25,3,0,2,0,1,173948.4,0,0.0216103118857143
15577806,794,Germany,Female,54,1,75900.84,1,1,1,192154.66,0,0.465869823054903
15749381,790,France,Female,41,2,126619.27,1,1,0,198224.38,0,0.331074532340012
15683758,640,France,Male,44,7,111833.47,1,1,0,67202.74,0,0.253705634299699
15670615,652,Spain,Male,37,7,0,2,1,0,68789.93,0,0.124325209419099
15715622,583,France,Female,57,3,238387.56,1,0,1,147964.99,1,0.457773773430442
15707634,775,France,Female,32,2,108698.96,2,1,1,161069.73,0,0.0705113313593311
15806901,584,France,Female,39,2,112687.69,1,1,1,127749.61,0,0.133190147607754
15775335,635,Germany,Female,48,4,81556.89,2,1,0,191914.37,0,0.603954934850472
15724150,814,France,Male,48,9,136596.85,1,1,1,185791.9,0,0.130163703745166
15627220,735,Germany,Female,43,9,98807.45,1,0,0,184570.04,1,0.534774001235563
15672330,678,France,Female,31,1,0,2,0,1,130446.65,0,0.0564235038057377
15668521,693,France,Male,37,1,0,2,1,1,82867.55,0,0.048034301330339
15807837,640,France,Female,30,6,107499.7,1,1,1,187632.22,0,0.0682590194287219
15592570,773,Spain,Female,23,8,0,2,1,0,56759.79,0,0.0742103646035298
15748589,736,France,Female,30,9,0,2,1,0,34180.33,0,0.10976690764713
15635893,693,France,Female,28,8,0,2,1,1,158545.25,0,0.0399441570788338
15757632,496,France,Female,41,1,176024.05,2,1,0,182337.98,0,0.38399391208587
15691863,751,France,Female,39,3,0,2,1,1,84175.34,0,0.0840209449382707
15706071,528,Germany,Male,39,0,127631.62,1,0,1,22197.8,1,0.182847669898239
15654296,754,Spain,Female,19,9,0,1,1,0,189641.11,0,0.0648605656876183
15755018,568,Germany,Female,26,10,109819.16,2,1,0,154491.39,0,0.237246168809328
15594041,592,Spain,Female,41,2,138734.94,1,1,0,90020.74,0,0.373761898511137
15670587,558,Germany,Male,25,10,111363.1,2,1,0,197264.35,0,0.152476040831567
15724527,825,France,Male,34,9,0,2,1,1,31933.06,0,0.0304637992987345
15801904,677,Germany,Male,28,0,143988,2,1,0,8755.69,1,0.189014292803475
15658195,653,France,Male,34,5,118838.75,1,1,1,52820.13,0,0.0551907533763108
15630113,593,Spain,Male,35,4,161637.75,1,1,1,20008.46,0,0.0709411970930822
15784320,632,France,Female,44,3,133793.89,1,1,1,34607.14,1,0.176364926237808
15676513,601,Germany,Male,35,8,71553.83,1,1,0,177384.45,0,0.269067550376987
15574072,786,France,Female,62,8,0,1,1,1,165702.64,0,0.343452490497169
15633854,654,France,Female,40,3,0,2,1,0,167889.1,0,0.245982180885469
15618566,572,France,Female,38,7,0,2,1,1,133122.62,0,0.0860030706812515
15733014,813,France,Female,62,10,64667.95,2,0,1,140454.14,0,0.345813816359601
15753343,523,France,Female,28,2,121164.11,1,1,1,59938.81,0,0.0673032166800739
15746076,506,Spain,Male,50,3,0,2,1,0,12016.79,0,0.290541967083509
15608226,513,Spain,Male,72,3,98903.06,1,1,1,81251.24,0,0.514531313318098
15605684,664,France,Female,31,7,104158.84,1,1,0,134169.85,0,0.185566361525092
15638988,684,France,Male,54,6,0,2,1,1,94888.6,0,0.140537118040687
15628767,608,Spain,Female,63,3,139529.93,2,1,1,175696.16,1,0.478710733674113
15737977,527,France,Female,25,6,0,2,0,1,96758.58,0,0.0367494164379278
15758116,666,France,Male,53,5,64646.7,1,1,0,128019.48,1,0.371942589813879
15575119,779,France,Male,71,3,0,2,1,1,146895.36,1,0.366375219293969
15625126,629,France,Female,40,6,0,2,1,1,139356.3,0,0.0963320910826703
15567114,430,France,Male,35,1,118894.22,1,0,0,2923.61,0,0.192515903002944
15672242,712,France,Male,24,2,0,1,0,1,121232.51,0,0.0219648736345454
15681327,682,France,Male,30,9,0,2,1,1,2053.42,0,0.0251104798305932
15802585,634,France,Female,41,8,68213.99,1,1,1,6382.46,0,0.115909921598145
15740630,487,Spain,Female,31,1,0,2,1,0,158750.13,0,0.164004486794851
15815420,808,Spain,Male,47,8,139196,1,0,1,74028.36,0,0.125338303338796
15711468,527,France,Female,32,7,0,2,1,1,44099.75,0,0.0553363743530776
15799626,637,Germany,Male,50,4,126345.55,1,0,1,17323,1,0.29645247587624
15659325,802,Spain,Male,40,5,0,2,1,1,175043.69,0,0.0561005715942853
15651352,529,France,Female,38,2,0,1,1,0,146388.85,1,0.253494594721773
15684925,850,France,Female,43,3,0,2,0,0,2465.8,0,0.253391511361983
15657439,738,France,Male,18,4,0,2,1,1,47799.15,0,0.0114250500645176
15574122,817,France,Male,34,5,129278.43,1,0,0,165562.84,0,0.151359505955575
15720508,735,France,Male,31,3,119558.35,1,0,0,72927.68,0,0.122985338171211
15599078,619,Germany,Female,41,5,92467.58,1,1,0,38270.47,0,0.502324697099039
15702300,671,France,Male,27,5,0,2,0,0,120893.07,0,0.0670795060875657
15660735,581,Spain,Female,31,6,0,2,1,0,188377.21,0,0.149813199140719
15671390,690,Spain,Male,36,10,0,2,1,0,55902.93,0,0.108646974274731
15647385,579,Spain,Male,56,4,99340.83,1,0,0,4523.74,1,0.477380249355422
15739223,688,Spain,Female,24,3,0,2,1,1,102195.16,0,0.0320972590279015
15631305,599,Spain,Female,28,4,126833.79,2,1,0,60843.09,1,0.160472792617244
15809263,729,Germany,Male,29,5,109676.52,1,1,1,25548.47,0,0.0719738397067409
15640866,718,France,Female,29,3,0,1,0,1,134462.29,0,0.0516894986432196
15775663,712,Germany,Male,53,6,134729.99,2,1,1,132702.64,0,0.312023024803258
15631800,474,France,Male,37,3,98431.37,1,0,0,75698.44,0,0.200181787742514
15654292,565,Germany,Male,33,8,130368.31,2,1,0,105642.43,0,0.250423588829467
15648320,658,France,Female,31,7,123974.96,1,1,0,102153.75,0,0.190048426951417
15726747,714,France,Male,63,4,138082.16,1,0,1,166677.54,0,0.349240813361539
15694510,725,France,Male,45,1,129855.32,1,0,0,24218.65,0,0.289589129226182
15572291,825,France,Male,40,6,132308.22,1,0,0,117122.5,0,0.210145717844006
15603465,665,Germany,Female,45,5,155447.65,2,1,0,51871.95,1,0.584039039792111
15685628,670,Spain,Male,35,2,124268.64,2,0,1,84321.03,0,0.0612903162793441
15792729,474,Germany,Female,34,9,176311.36,1,1,0,160213.27,0,0.440686212525761
15767414,591,France,Male,40,2,99886.42,2,1,1,88695.19,0,0.0774921055394377
15568044,508,France,Female,31,7,0,2,1,1,6123.15,0,0.0532416386613928
15751333,695,France,Female,36,2,0,2,0,1,167749.54,0,0.0770454964583165
15623062,660,Germany,Male,24,5,85089.3,1,1,1,71638,0,0.0537694597079436
15713621,687,Germany,Male,41,10,134318.21,2,1,1,198064.52,0,0.15925111667896
15670668,658,Germany,Male,29,5,75395.53,2,0,1,54914.92,0,0.0688443736960921
15750638,705,Germany,Female,33,5,116765.7,1,0,0,190659.17,1,0.380817246306649
15747878,739,Spain,Male,60,4,0,1,1,1,51637.67,0,0.215459399632156
15726796,844,France,Male,38,7,111501.66,1,1,1,119333.38,0,0.0621734256379324
15754952,602,Germany,Female,48,7,76595.08,2,0,0,127095.14,0,0.59926901096624
15652192,759,France,Female,33,9,160541.36,2,0,0,93541.14,0,0.202910523038431
15681924,747,Germany,Male,38,2,129728.6,1,1,0,89289.54,0,0.337710390257656
15763544,673,France,Male,47,1,0,2,0,0,108762.16,0,0.242824248626855
15764431,671,Spain,Female,34,5,130929.02,4,1,1,28238.25,1,0.0691058999676066
15684010,640,Germany,Female,74,2,116800.25,1,1,1,34130.43,0,0.803337579918022
15648881,581,Germany,Male,40,0,101016.53,1,0,1,7926.35,1,0.179215928446838
15733303,630,France,Male,67,5,0,2,1,1,27330.27,0,0.295041208674611
15643294,703,France,Female,33,8,190566.65,1,1,1,79997.14,0,0.0944838680367935
15749905,698,Spain,Female,47,6,0,1,1,0,50213.81,1,0.345321484785115
15625175,742,Germany,Female,43,6,97067.69,1,0,1,60920.03,1,0.277500637051201
15643967,652,France,Female,37,4,92208.54,1,0,1,197699.8,1,0.116368251633325
15578251,644,France,Male,37,2,186347.97,2,1,0,92809.73,0,0.201699882659971
15772573,735,Spain,Male,55,2,103176.62,1,0,1,163516.16,0,0.221596850129464
15733234,777,France,Female,58,4,0,1,1,1,62449.07,1,0.276739158710624
15721582,644,Germany,Female,40,4,77270.08,2,1,1,115800.1,1,0.218326899133493
15628219,665,Germany,Female,37,3,111911.63,1,1,1,110359.68,1,0.218010753239583
15571302,529,Germany,Male,72,5,94216.05,1,1,1,78695.68,0,0.679432783767762
15637178,803,Spain,Female,45,7,0,2,1,1,128378.04,0,0.121279225413361
15601184,604,Spain,Female,26,3,0,2,1,0,155248.62,0,0.112308084689449
15629511,738,France,Male,49,6,106770.82,1,1,0,123499.27,0,0.323800332178434
15570629,655,Germany,Female,72,5,138089.97,2,1,1,99920.41,0,0.772106523786544
15665766,698,Germany,Male,39,9,133191.19,2,0,1,53289.49,0,0.13996894832967
15693732,775,France,Female,66,9,0,2,1,1,67622.34,0,0.366781022184366
15765982,735,France,Male,41,7,74135.85,1,1,1,11783.1,1,0.0701999930735723
15582016,766,Spain,Male,41,6,99208.46,2,1,0,62402.38,0,0.191544886690439
15798024,537,Germany,Male,84,8,92242.34,1,1,1,186235.98,0,0.826046815149674
15588622,599,Germany,Male,25,7,108380.72,1,1,1,79005.95,0,0.0622363608682935
15724863,420,Spain,Female,55,4,91893.32,1,1,0,144870.28,1,0.611490162667641
15618213,674,France,Female,32,7,85757.93,1,1,1,95481,0,0.0718208804230039
15780411,570,France,Female,46,3,0,2,0,0,820.46,0,0.331418007229196
15725429,623,Germany,Male,33,8,96759.42,1,1,1,174777.98,0,0.101302391280353
15600626,710,France,Male,30,6,0,2,1,1,8991.17,0,0.0264658942803288
15668460,466,France,Male,29,6,0,2,1,1,2797.27,0,0.0283033888121325
15576263,759,France,Female,22,5,0,1,1,0,22303.17,0,0.0768902766966795
15720354,581,France,Male,71,4,0,2,1,1,197562.08,0,0.39043736611079
15691624,820,France,Male,33,2,132150.26,2,1,0,23067.97,0,0.120252405811892
15793196,759,France,Male,41,9,0,2,0,1,190294.12,0,0.0571729716585002
15633352,628,France,Female,31,6,175443.75,1,1,0,113167.17,1,0.219423244507764
15750874,676,France,Male,31,3,78990.15,1,1,1,124777.14,0,0.0416504445532302
15588923,591,France,Female,33,4,113743.37,1,1,0,124625.08,0,0.229352686062888
15715745,690,France,Female,26,5,157624.84,1,1,1,49599.27,0,0.0555742913135178
15611800,624,France,Female,62,7,125163.62,2,1,1,151411.5,0,0.422410734422283
15576928,573,France,Female,23,2,0,1,1,0,122964.18,0,0.100470282902504
15793693,694,France,Male,60,9,0,1,1,1,57088.97,0,0.199897793700601
15581252,632,Spain,Female,29,7,80922.75,1,1,0,7820.78,0,0.156554033528429
15797760,632,France,Male,40,3,193354.86,2,1,0,149188.41,0,0.235511122456811
15790564,832,Germany,Female,40,9,107648.94,2,1,1,134638.97,0,0.19625755413941
15593736,598,Germany,Female,46,7,131769.04,1,0,0,184980.23,1,0.640260104381135
15595937,430,Germany,Male,36,1,138992.48,2,0,0,122373.42,0,0.357933897358833
15815628,711,France,Female,37,8,113899.92,1,0,0,80215.2,0,0.249713061533254
15782802,582,Germany,Male,26,6,114450.32,1,1,1,14081.64,0,0.0642207468431854
15627412,605,France,Male,39,3,0,2,1,0,199390.45,0,0.158201637391582
15734609,657,France,Female,37,2,0,2,1,1,7667.48,0,0.0755724942908209
15710689,578,Spain,Male,40,6,63609.92,1,0,0,74965.61,1,0.203932851767508
15565806,532,France,Male,38,9,0,2,0,0,30583.95,0,0.140407019595646
15815530,612,France,Female,42,10,75497.51,1,0,0,149682.78,0,0.316502853070725
15632272,792,France,Female,42,2,0,2,1,0,92664.09,0,0.252235465451707
15684103,674,France,Female,26,10,0,2,1,1,138423.1,0,0.0333507362430766
15654519,680,France,Male,31,1,0,2,1,1,3148.2,0,0.0307902137015891
15767722,593,France,Female,39,0,117704.73,1,1,0,197933.5,0,0.328737771831196
15654346,679,Germany,Male,35,1,130463.55,2,1,1,37341.17,0,0.116786476589357
15660147,493,Spain,Male,32,8,46161.18,1,1,1,79577.4,0,0.0443336849285957
15814998,688,Spain,Male,42,5,0,2,0,0,197602.29,0,0.180906546939133
15802207,769,Germany,Male,43,4,110182.54,2,1,1,87537.32,0,0.165577709514646
15658668,581,Spain,Male,49,10,0,2,0,0,41623.59,0,0.260270366689073
15715079,465,France,Male,41,9,117221.15,1,1,0,168280.95,0,0.239110741939421
15570360,641,France,Female,35,4,0,2,0,0,125986.18,0,0.190138401799569
15674678,731,Germany,Female,43,9,79120.27,1,0,0,548.52,1,0.497109993169284
15780925,625,France,Male,37,1,177069.24,2,1,1,96088.54,0,0.0759521655434838
15688193,468,France,Male,36,3,61636.97,1,0,0,107787.42,0,0.175098536752998
15778219,790,France,Male,26,5,0,1,1,0,20510.79,0,0.0574601925604242
15696514,587,Germany,Female,37,6,104414.03,1,1,0,192026.02,0,0.451192009276806
15712303,692,France,Male,66,4,159732.02,1,1,1,118188.15,0,0.401793672243865
15719090,676,Germany,Female,34,4,89437.03,1,1,1,189540.95,0,0.17316215526168
15735632,571,France,Male,41,8,0,1,1,1,63736.17,0,0.0658536459117948
15619436,700,France,Female,32,3,0,1,0,0,95740.37,0,0.165637468632093
15722404,445,France,Female,30,3,0,2,1,1,127939.19,0,0.0559173172951003
15662063,746,France,Male,36,7,142400.77,1,1,1,193438.69,0,0.0654031839267282
15745605,722,France,Female,47,2,88011.4,1,1,1,90655.94,1,0.189999515300093
15636658,596,France,Male,36,2,0,2,1,1,12067.39,0,0.0457948835799378
15784130,850,Germany,Female,30,8,154870.28,1,1,1,54191.38,0,0.12511026583963
15606755,597,Spain,Female,46,4,0,2,1,0,58667.16,1,0.337909125225144
15801699,436,Spain,Male,43,5,0,2,1,1,35687.43,0,0.0782843142065455
15784097,660,Germany,Male,28,1,118402.25,2,1,0,14288.93,0,0.17930620299224
15764654,649,France,Male,37,9,87374.88,2,1,1,247.36,0,0.0511281342424985
15612092,646,Germany,Male,32,8,105397.8,1,1,0,78111.84,1,0.233308592444205
15610903,560,Spain,Female,31,5,125341.69,1,1,0,79547.39,0,0.211685209988469
15705777,710,Germany,Male,49,10,129164.88,1,1,1,193266.72,0,0.266997261118356
15661936,513,France,Male,40,3,141004.46,1,1,0,105028.46,0,0.245948996502585
15700864,607,France,Female,21,0,0,2,1,0,116106.52,0,0.0783312361482971
15722965,757,France,Male,57,3,89079.41,1,1,1,53179.21,1,0.214169476179452
15737521,619,Germany,Male,40,9,103604.31,2,0,0,140947.05,0,0.338770429218646
15814465,612,France,Male,24,1,182705.05,1,1,1,171837.06,0,0.0358694702177472
15580988,842,France,Male,29,8,0,2,1,1,123437.05,0,0.0232691544639658
15789974,713,France,Male,33,6,94598.48,1,0,0,197519.66,1,0.13286532216934
15713370,657,Spain,Male,36,8,188241.05,2,0,0,183058.51,1,0.188598967233415
15748673,770,France,Female,37,9,0,2,0,0,22710.72,0,0.172693652205935
15754919,773,France,Female,40,10,0,2,0,1,69303.15,0,0.0815777657809657
15641662,470,Germany,Male,39,5,117469.91,2,0,0,63705.9,0,0.364940269275453
15813422,781,Spain,Male,35,4,80790.74,1,1,0,116429.51,0,0.137518391995095
15713596,428,France,Female,62,1,107735.93,1,0,1,58381.77,0,0.48575251073884
15791216,600,Germany,Male,43,8,133379.41,1,1,0,177378.66,1,0.429367263899253
15689031,697,Spain,Female,37,7,168066.87,1,1,0,35450.53,0,0.282658134661518
15763704,692,Germany,Female,43,2,69014.49,2,0,0,164621.43,0,0.513720805997734
15631339,791,France,Male,28,4,0,1,1,0,174435.48,0,0.0742330648317836
15771509,538,Germany,Female,42,1,98548.62,2,0,1,94047.75,0,0.28224049282909
15769586,820,France,Female,49,1,0,2,1,1,119087.25,0,0.157210273314986
15656096,679,Spain,Female,26,3,76554.06,1,1,1,184800.27,0,0.0526324118612665
15585280,649,France,Female,36,2,0,2,0,1,75035.48,0,0.0791544020736641
15743582,632,France,Female,27,3,107375.82,1,1,1,62703.38,0,0.0561154123439236
15761692,594,France,Male,40,9,122417.17,2,0,1,190882.69,0,0.0805409940431088
15627840,682,France,Female,42,0,0,1,0,1,91981.85,1,0.129070273656491
15778861,720,Spain,Male,33,6,97188.62,1,0,0,91881.29,0,0.131594979647393
15770554,769,France,Male,31,4,61297.05,2,1,1,7118.02,0,0.0315552302644415
15806956,746,Spain,Male,30,1,112666.67,1,0,0,11710.4,1,0.114264073292348
15701908,623,Spain,Female,40,7,0,1,1,1,25904.12,0,0.100696257892422
15736990,537,France,Male,28,3,157842.07,1,1,0,86911.49,0,0.119918080531258
15743714,468,France,Male,46,7,91443.75,1,1,0,10958.18,0,0.285858158481662
15807993,588,Germany,Female,30,0,110148.49,1,1,0,5790.9,1,0.328704337460833
15644686,729,Spain,Female,34,9,53299.96,2,1,1,42855.97,0,0.0649910795825263
15677377,543,Spain,Male,37,3,0,2,1,1,78915.68,0,0.0527582036355224
15626412,499,Spain,Male,39,6,0,2,1,1,81409,0,0.0602833163951105
15643679,784,Germany,Male,28,2,70233.74,2,1,1,179252.73,0,0.062678256344576
15728456,604,France,Male,33,3,0,1,1,0,42171.13,1,0.108235206413092
15630661,614,Spain,Female,25,10,75212.28,1,1,0,58965.04,0,0.117717682346753
15734044,671,France,Female,31,7,41299.03,1,0,1,102681.32,0,0.0613410688347769
15705001,587,Spain,Female,35,3,83286.56,1,1,0,125553.52,0,0.245475104765155
15809817,593,Spain,Male,43,10,0,2,0,0,53478.02,0,0.179042038283675
15809137,453,France,Male,29,6,0,1,0,0,198376.02,1,0.0956107588641908
15751593,570,Germany,Male,35,6,85668.59,1,1,0,105525.36,0,0.276049963047023
15626491,655,France,Female,45,7,57327.04,1,0,1,47349,0,0.160344362474738
15765461,632,Spain,Male,47,3,0,2,1,0,178822.32,0,0.246192786124701
15568120,681,France,Female,37,7,69609.85,1,1,1,72127.83,0,0.0961502642706466
15787161,591,Germany,Male,46,4,129269.27,1,1,0,163504.33,0,0.49682818122153
15812324,779,France,Male,27,1,0,2,1,1,190623.02,0,0.0228290731130742
15588944,456,France,Female,63,1,165350.61,2,0,0,140758.07,1,0.767745429401099
15694253,686,France,Female,41,7,152105.57,2,0,1,132374.41,0,0.142372649902856
15759566,617,France,Male,74,10,0,2,1,1,53949.98,0,0.394753405897579
15675675,850,France,Female,32,5,106290.64,1,1,0,121982.73,0,0.179911711695852
15802060,646,Germany,Female,30,10,100548.67,2,0,0,136983.77,0,0.283228756660419
15660505,735,Germany,Male,46,2,106344.95,1,1,0,114371.33,1,0.468178693139496
15782630,543,France,Male,35,5,137482.19,1,0,0,62389.35,0,0.174801527939837
15700710,490,France,Female,37,3,116465.53,1,0,1,24435.77,0,0.125811994332089
15742834,640,France,Male,45,1,0,1,1,1,10908.33,0,0.0892604369271458
15806511,445,Spain,Male,45,10,0,2,0,1,90977.48,0,0.0882412678515963
15608166,761,France,Male,36,9,127637.92,1,1,1,81062.93,0,0.058372375088213
15614230,426,France,Female,34,3,0,2,1,1,61230.83,0,0.0740047685883384
15729958,777,France,Male,37,1,0,1,1,1,126837.72,0,0.0503969650051119
15800814,534,France,Male,35,2,81951.74,2,1,0,115668.53,0,0.145560450514507
15674727,777,France,Female,42,5,147531.82,1,1,1,38819.45,0,0.148264740240674
15657779,806,Spain,Male,18,3,0,2,1,1,86994.54,0,0.0117080772842002
15801395,790,France,Female,33,10,135120.72,1,0,0,195204.99,0,0.204185076813423
15757911,643,Spain,Female,32,2,0,1,0,0,131301.74,0,0.175536295644499
15665340,584,Spain,Female,37,8,0,2,0,1,100835.19,0,0.0826132727254756
15787151,638,France,Female,34,7,0,2,1,1,198969.78,0,0.0623478994859044
15757821,771,Spain,Male,18,1,0,2,0,0,41542.95,0,0.0353157750021536
15600688,600,France,Female,39,5,0,2,0,0,118272.07,0,0.238915203762874
15594878,661,Spain,Female,41,5,28082.95,1,1,0,69586.27,1,0.286728324094101
15569248,554,France,Female,43,10,0,2,1,0,149629.13,1,0.281029282671813
15812706,627,Spain,Male,49,4,111087.5,1,0,1,146680.25,0,0.161014882611496
15645045,659,France,Female,38,9,0,2,1,1,132809.18,0,0.0786705584612347
15766746,835,France,Male,35,6,127120.07,1,1,0,28707.69,0,0.136153049210537
15700383,763,France,Female,35,7,115651.6,2,1,1,104706.29,0,0.0801777223852627
15632551,625,Germany,Male,31,4,77743.01,2,1,0,75335.68,0,0.203407849464618
15795129,799,France,Female,30,9,0,2,1,0,136827.96,0,0.109338107204438
15650545,849,France,Male,69,7,71996.09,1,1,1,139065.94,0,0.368907622124829
15612769,692,France,Male,28,5,61581.97,1,1,1,70179.91,0,0.0312874256522183
15710853,623,France,Female,24,5,0,2,1,0,116160.04,0,0.0878309220807989
15623712,453,Spain,Female,42,5,0,3,1,0,83008.49,1,0.273386951692494
15653251,408,France,Female,84,8,87873.39,1,0,0,188484.52,1,0.927330162156007
15755077,778,Germany,Female,37,0,105617.73,2,1,1,133699.82,1,0.190869299772547
15808557,695,France,Female,42,5,0,1,0,1,72172.13,1,0.113544108648911
15614687,677,Germany,Female,44,4,148770.61,2,1,1,191057.76,0,0.319980279356878
15626882,662,Spain,Male,37,5,94901.09,1,1,1,48233.75,0,0.0659972682091698
15748034,534,France,Male,29,7,174851.9,1,1,1,79178.31,0,0.0465295486430544
15632324,602,France,Male,59,7,0,2,1,1,162347.05,0,0.201953670889354
15761023,554,Germany,Female,43,2,120847.11,1,1,0,7611.61,1,0.565451687757743
15761453,667,France,Male,42,6,0,1,1,0,88890.05,0,0.177931767854679
15646726,672,France,Male,43,5,0,1,0,0,63833.09,0,0.200788519061428
15637169,838,Spain,Female,67,4,103267.8,1,1,1,78310.04,0,0.498213004436475
15636024,692,Spain,Female,34,4,109699.08,1,1,1,37898.91,0,0.0901275297843985
15801218,675,France,Male,49,8,135133.39,1,0,1,179521.24,1,0.154510797003211
15642655,731,Spain,Male,33,1,0,1,1,0,130726.96,0,0.112960908114899
15690130,468,France,Female,32,8,137649.47,1,0,0,198714.29,0,0.240688507277502
15653753,542,Spain,Male,43,6,113567.94,1,1,0,89543.25,0,0.26659732383157
15641359,662,Spain,Female,35,6,0,2,0,0,2423.9,1,0.176735041968942
15776827,770,Germany,Male,37,5,141547.26,2,0,1,180326.83,0,0.131192146802447
15647725,675,France,Female,61,5,62055.17,3,1,0,166305.16,1,0.603128929146754
15648455,647,Germany,Male,51,4,131156.76,1,1,0,29883.63,0,0.572041631153856
15580629,604,France,Male,31,6,134837.58,1,1,0,192029.19,0,0.137507343193295
15730161,833,France,Female,39,3,0,2,1,0,1710.89,0,0.194963611628484
15626612,741,Spain,Male,40,4,104784.23,1,1,0,135163.76,1,0.210068939805484
15662865,658,Spain,Male,36,1,0,2,0,1,84927.42,0,0.0496063813334012
15629094,528,France,Female,36,1,156948.41,1,1,1,149912.28,1,0.13423944942733
15651823,590,France,Female,60,6,147751.75,1,1,0,88206.04,1,0.684689225997121
15594827,675,France,Male,34,1,124619.33,2,0,1,163667.56,0,0.0594819681751069
15786392,765,France,Male,41,4,124182.21,1,0,0,100153.43,0,0.220082817094132
15727353,650,France,Female,64,7,142028.36,1,1,0,32275.09,1,0.720765654913245
15733777,817,France,Male,44,8,0,1,0,0,65501.91,1,0.186128075343107
15614302,699,Germany,Female,31,10,125837.86,2,1,0,189392.66,0,0.310996830147486
15723263,495,Germany,Female,34,9,117160.32,1,1,1,116069.24,1,0.184419088248646
15687270,491,Spain,Female,61,8,0,2,0,1,139861.53,0,0.357345230653028
15803121,847,France,Male,51,5,97565.74,1,0,0,144184.06,1,0.340366864266419
15598700,676,Spain,Female,30,5,0,2,0,1,157888.5,0,0.0529269043555574
15741875,746,Spain,Female,25,3,104833.79,1,0,0,71911.3,0,0.13131020694798
15631709,470,Spain,Female,31,2,101675.22,2,1,0,45033.75,0,0.199004591942793
15672970,714,Spain,Male,20,3,0,2,0,1,150465.93,0,0.0154207836002789
15761670,695,France,Female,50,8,0,1,1,0,126381.6,1,0.388698383168594
15706005,674,France,Male,46,2,174701.05,1,1,0,90189.72,1,0.330616226532905
15790336,664,Germany,Male,36,6,71142.77,2,1,0,122433.09,0,0.250583198626397
15754267,697,Germany,Male,31,3,108805.42,2,0,1,123825.83,0,0.0867694501346599
15791988,670,France,Male,68,4,0,2,1,1,11426.7,0,0.303206853568977
15683375,541,France,Female,32,4,0,1,1,1,114951.42,0,0.0656418860867801
15625151,640,France,Female,66,9,116037.76,1,0,1,184636.05,0,0.517704699463123
15635285,647,France,Male,28,8,0,2,1,1,91055.27,0,0.0238958452660655
15574296,757,France,Male,23,2,80673.96,2,1,0,93991.65,0,0.0603442768880238
15711618,704,Germany,Female,39,1,124640.51,1,1,0,116511.12,1,0.491078316506558
15670943,778,Germany,Male,31,9,182275.23,2,1,0,190631.23,0,0.22682552882341
15634359,639,Germany,Female,41,5,98635.77,1,1,0,199970.74,0,0.52033592220717
15586629,637,France,Male,33,5,0,2,1,0,139947.17,0,0.101608562509176
15588461,686,France,Male,35,4,0,1,1,0,8816.37,0,0.117792705761909
15773221,577,Spain,Male,43,8,79757.21,1,1,0,135650.72,1,0.237712689619796
15664227,506,Germany,Male,28,8,53053.76,1,0,1,24577.34,0,0.0694867477101382
15741745,757,France,Male,28,7,120911.75,2,1,1,131249.46,0,0.0305443140768825
15652626,826,France,Male,55,4,115285.85,1,1,0,140126.17,0,0.425010503924782
15599410,721,France,Male,41,2,0,2,1,0,168219.75,0,0.168644724521456
15571958,489,Spain,Male,40,3,221532.8,1,1,0,171867.08,0,0.309740827250253
15785406,446,France,Female,51,4,105056.13,1,0,0,70613.52,0,0.534593793813166
15687884,677,France,Male,37,3,88363.03,1,0,1,117946.3,0,0.0680720288482304
15621685,769,France,Male,29,2,123757.52,2,1,0,84872.66,0,0.097910415042304
15628886,677,Spain,Male,56,5,123959.97,1,1,1,60590.72,1,0.232144271133939
15699325,555,Germany,Female,62,10,114822.64,1,0,1,8444.5,0,0.619423145978746
15578369,652,Germany,Female,37,9,145219.3,1,1,0,159132.83,0,0.458895278130487
15654156,722,Germany,Female,32,5,106807.64,1,1,1,76998.69,0,0.148382996082502
15707199,643,France,Male,36,0,148159.71,1,0,0,55835.66,0,0.194493702614452
15671630,796,Germany,Female,40,1,99745.95,1,1,0,177524.19,0,0.487593675688089
15632079,720,Germany,Female,37,8,156282.79,1,1,0,45985.52,0,0.441767491321152
15767921,613,France,Male,41,7,0,2,1,0,60297.72,0,0.154461453406405
15573599,506,France,Female,57,6,0,2,0,1,194421.12,1,0.302687976415321
15747208,608,France,Male,50,6,0,1,1,0,93568.77,1,0.288366920311629
15582762,667,Spain,Male,77,2,0,1,1,1,34702.92,0,0.514773261017826
15772528,750,France,Female,47,7,121376.15,2,1,0,54473.6,1,0.374882918518596
15755798,610,France,Male,33,4,111582.11,1,0,0,113943.17,0,0.146527259237142
15788683,588,Germany,Female,34,10,129417.82,1,1,0,153727.32,0,0.387987481048138
15616922,479,France,Female,26,1,0,2,1,1,19116.97,0,0.0417690248835137
15771855,682,France,Male,37,5,0,2,0,1,112554.68,0,0.0469565725405704
15601873,677,France,Female,36,7,0,1,1,0,47318.75,0,0.191660510321988
15657868,850,Germany,Male,40,6,94607.08,1,1,0,36690.49,0,0.315972436416369
15711716,580,France,Female,56,1,131368.3,1,1,0,106918.67,1,0.627500308381844
15734246,746,France,Female,21,8,166883.07,2,0,1,194563.65,0,0.0374130076850379
15792151,635,Spain,Female,37,3,0,2,1,0,91086.73,0,0.202716030161394
15770159,664,Germany,Male,25,6,172812.72,2,1,1,108008.65,0,0.062663395299391
15747649,558,Germany,Female,36,0,126606.63,2,1,1,172363.52,0,0.215075781174561
15639357,415,France,Male,46,9,134950.19,3,0,0,178587.36,1,0.300273113070274
15738907,798,France,Female,60,6,96956.1,1,1,0,31907.44,1,0.611355518006521
15663446,792,Germany,Female,29,4,107601.79,1,1,0,18922.18,1,0.279066446578191
15750867,489,Germany,Female,46,8,92060.06,1,1,0,147222.95,1,0.604292411008549
15715939,730,France,Male,33,0,0,2,1,0,1474.79,0,0.0942744060280422
15763806,773,France,Male,41,4,0,2,1,1,24924.92,0,0.0546696658885407
15637993,711,France,Male,36,9,137688.71,1,1,1,46884.1,0,0.060344801600781
15720338,592,Spain,Male,55,8,85845.43,2,1,1,128918.42,0,0.189573084536558
15627162,695,Germany,Male,27,6,125552.96,1,1,0,105291.26,0,0.183666682728827
15596710,640,France,Female,33,1,167298.42,1,0,1,145381.65,0,0.111295581050863
15781678,470,Spain,Male,31,4,55732.92,2,1,1,103792.53,0,0.0406882206214813
15634968,789,Germany,Female,37,6,110689.07,1,1,1,71121.04,1,0.19278929416602
15609475,604,Spain,Female,39,7,98544.11,1,1,1,52327.57,0,0.124199027147296
15573319,493,Germany,Female,35,8,178317.6,1,0,0,197428.64,0,0.491086840445456
15738291,671,France,Female,48,8,115713.84,2,0,0,83210.84,0,0.413798778596378
15782456,656,France,Male,46,9,143267.14,2,0,0,193099.43,0,0.286187843659863
15794841,739,Spain,Male,19,5,89750.21,1,1,0,193008.52,0,0.0510753235501681
15684696,560,Spain,Female,26,3,116576.45,1,1,0,157567.37,0,0.16097886967601
15629846,827,Germany,Female,47,8,143001.5,2,1,0,108977.5,0,0.578563360484947
15674442,681,France,Male,23,7,157761.56,1,0,0,147759.84,0,0.0812553239462184
15571689,740,France,Female,37,5,0,2,1,1,27528.4,0,0.0720924211259273
15730469,663,Spain,Male,31,4,103430.11,2,0,1,36479.27,0,0.0416086343350524
15809320,845,Spain,Female,52,0,0,1,1,0,31726.76,1,0.424949733983266
15684367,555,Spain,Male,27,5,0,2,0,0,96398.51,0,0.0739723499788482
15793049,680,Germany,Female,48,8,115115.38,1,1,0,139558.6,1,0.619497417849768
15603665,638,Germany,Female,39,0,122501.28,2,1,1,95007.8,0,0.242277634664935
15613623,640,Spain,Male,62,3,0,1,1,1,101663.47,0,0.267889078175159
15569572,778,France,Male,42,6,0,2,1,1,106197.44,0,0.061664689207416
15698791,679,France,Male,45,3,146758.24,1,1,0,48466.89,0,0.291250471574041
15626233,593,France,Female,32,3,0,2,1,1,151978.36,0,0.0605077779842944
15607263,788,France,Male,55,3,0,1,0,1,13288.46,1,0.161964253458748
15610900,770,France,Female,70,9,110738.89,1,1,0,22666.77,1,0.771401655076148
15624775,729,France,Male,67,2,94203.8,1,0,1,102391.06,0,0.394300103921214
15691703,545,France,Male,47,8,105792.49,1,0,1,67830.2,1,0.134577145377667
15745355,597,France,Male,41,4,153198.23,1,1,1,92090.36,0,0.100536496857154
15724955,537,France,Male,38,3,0,2,0,0,141023.01,0,0.15350378018266
15628999,732,France,Male,79,10,61811.23,1,1,1,104222.8,0,0.545418980087608
15654341,542,France,Male,34,8,101116.06,1,1,0,196395.05,0,0.152560229503224
15744240,688,Germany,Female,46,0,74458.25,1,0,1,6866.31,0,0.326591463414047
15632365,542,Germany,Male,33,8,142871.27,2,0,0,77737.86,0,0.266928193934688
15729689,754,Germany,Male,35,6,98585.94,2,0,1,106116.84,0,0.101753896809164
15759284,750,France,Female,37,6,0,1,1,1,117948,1,0.0771435056789831
15602124,731,France,Male,30,7,0,2,1,1,184581.68,0,0.02791506270901
15661903,699,France,Female,43,3,80764.03,1,1,0,199378.58,1,0.351980079713486
15664668,534,France,Female,42,9,144801.97,1,0,1,12483.39,1,0.164915434027089
15736431,494,Spain,Male,27,2,0,2,1,0,22404.64,0,0.0735247871264618
15748639,497,Germany,Male,35,7,110053.62,2,1,1,92887.06,0,0.114096087066996
15628123,632,France,Female,28,5,118890.81,1,0,1,145157.97,0,0.0668814198050938
15602731,724,France,Male,31,5,0,1,1,0,134889.95,1,0.0920968895078977
15794137,751,Germany,Female,37,0,151218.98,1,1,1,109309.29,0,0.22666190374564
15748696,733,France,Male,42,9,150507.21,1,0,1,169964.12,0,0.0985218148223666
15725068,701,Spain,Female,21,9,0,2,1,1,26327.42,0,0.0227012094719995
15807340,525,Germany,Male,33,4,131023.76,2,0,0,55072.93,0,0.264441159391413
15586133,666,Germany,Female,44,2,122314.5,1,0,0,68574.88,1,0.595432602719705
15576185,653,France,Male,29,2,0,2,1,1,41671.81,0,0.0278282854328356
15660809,850,France,Male,28,4,0,2,1,1,12409.01,0,0.0213333945475634
15616666,646,Germany,Female,52,6,111739.4,2,0,1,68367.18,0,0.426714168111192
15706904,750,France,Male,43,6,113882.31,1,1,1,74564.41,0,0.0926566417782544
15606915,764,France,Male,24,7,98148.61,1,1,0,26843.76,0,0.0659039261259422
15749693,658,France,Female,32,9,0,2,1,0,156774.75,0,0.137463533932552
15791743,727,France,Male,32,1,59271.82,1,1,1,46019.43,0,0.0404674985816183
15796480,687,France,Female,31,2,0,2,0,1,145411.39,0,0.0539538027189701
15790442,631,Spain,Male,33,2,0,2,1,1,158268.84,0,0.0386965289344207
15609458,797,France,Male,30,10,69413.44,1,1,1,74637.57,0,0.0318697332050284
15593897,650,Spain,Male,25,7,160599.06,2,1,1,28391.52,0,0.0300034077768137
15604576,850,Spain,Male,22,3,0,1,1,1,144385.54,0,0.0174462860426195
15666270,676,France,Female,40,2,147803.48,1,1,0,95181.06,1,0.337929293840575
15572626,620,Spain,Male,44,8,0,2,1,1,15627.51,0,0.0749276929873767
15727197,576,France,Female,52,9,170228.59,2,0,0,148477.57,1,0.541867171202927
15714006,482,France,Female,35,2,133111.73,1,0,1,79957.95,0,0.119689811245834
15642137,695,Spain,Female,39,5,0,2,0,0,102763.69,0,0.230546442732803
15665327,706,France,Male,18,2,176139.5,2,1,0,129654.22,0,0.0556940978132467
15626806,668,France,Female,32,2,0,2,1,1,40652.33,0,0.0556881811018634
15662578,679,Germany,Male,35,1,110245.13,1,1,1,178291.09,0,0.129104332288193
15790829,703,France,Female,45,5,0,2,1,0,131906.44,0,0.293191951382017
15654959,670,Spain,Male,67,6,158719.57,1,1,1,118607.4,0,0.426798677688032
15760244,590,France,Female,76,5,160979.68,1,0,1,13848.58,0,0.709980786075487
15715394,613,Spain,Male,35,4,123557.65,2,0,1,170903.4,0,0.0635291443775738
15722246,742,France,Female,60,4,0,1,1,1,13161.66,1,0.307259951594241
15609704,608,France,Female,33,4,0,1,1,0,79304.38,1,0.175094828193573
15757628,571,France,Male,40,10,112896.86,1,1,1,121402.53,0,0.0803365705605277
15633586,595,France,Female,39,7,120962.13,1,0,0,23305.01,0,0.305211048885346
15565796,745,Germany,Male,48,10,96048.55,1,1,0,74510.65,0,0.465469493338966
15717935,589,France,Female,21,3,0,2,0,1,55601.44,0,0.0275171761412031
15577700,749,France,Male,37,10,185063.7,2,1,1,134526.87,0,0.0670859707724567
15747345,678,France,Female,22,6,118064.93,2,1,1,195424.01,0,0.0364514302577671
15678317,603,France,Male,46,2,0,2,1,1,59563.49,0,0.0909529803499682
15698335,504,France,Female,73,8,0,1,1,1,34595.58,0,0.560602375937661
15768451,739,Germany,Male,40,5,149131.03,3,1,1,60036.99,1,0.13766887903919
15753213,604,France,Female,34,7,0,2,1,0,193021.49,0,0.167088452789687
15769645,612,France,Female,35,3,0,1,1,1,48108.72,0,0.0742016579936495
15657565,629,Spain,Female,44,6,125512.98,2,0,0,79082.76,0,0.377762831940645
15620323,652,Spain,Female,42,3,83492.07,2,1,0,37914.12,0,0.3147176769224
15679983,565,France,Male,34,7,0,1,0,0,74593.84,0,0.119189518544081
15812616,707,France,Female,49,10,0,1,1,0,82967.97,1,0.354346882100457
15601796,645,France,Male,30,1,125739.26,1,1,1,193441.23,0,0.0492435737913103
15729489,762,Germany,Female,34,8,98592.88,1,0,1,191790.29,1,0.165668731350114
15613216,639,Spain,Female,39,1,141789.15,1,1,0,92455.96,0,0.337897977956276
15657937,709,Germany,Male,22,0,112949.71,1,0,0,155231.55,0,0.149326814828595
15815428,823,France,Male,34,3,105057.33,1,1,0,9217.92,0,0.125145755422266
15640409,817,Germany,Female,46,0,89087.89,1,0,1,87941.85,1,0.330818684055408
15699492,665,Germany,Female,27,2,147435.96,1,0,0,187508.06,0,0.319705028327002
15623536,646,Germany,Male,39,0,154439.86,1,1,0,171519.06,0,0.405830726538972
15707551,568,France,Male,30,8,73054.37,2,1,1,27012,0,0.0332563819024113
15577999,850,France,Female,62,1,124678.35,1,1,0,70916,1,0.685252920897243
15788775,473,Germany,Male,40,8,152576.25,2,1,0,73073.68,0,0.373149050783725
15758362,731,France,Female,41,9,152243.57,1,1,1,88783.59,0,0.13708072277916
15807961,619,France,Male,25,4,0,1,1,0,145524.36,0,0.0637198127021516
15710978,715,Germany,Male,42,2,88120.97,2,1,1,21333.22,0,0.156013240743434
15703541,772,Germany,Female,51,9,143930.92,1,0,1,46675.51,1,0.414016146867163
15626474,686,France,Female,31,1,0,2,1,0,4802.25,0,0.136917303500012
15608344,749,Germany,Female,29,7,137059.05,3,1,0,102975.72,1,0.261479351875751
15768367,781,France,Female,27,7,186558.55,1,1,1,175071.29,1,0.0612473247412304
15806210,675,Spain,Male,66,5,115654.47,2,1,1,131970.86,0,0.353709760028168
15697702,730,Spain,Male,29,2,0,2,1,0,14174.09,0,0.0731436383644559
15689152,683,Spain,Male,38,3,126152.84,1,0,0,15378.75,0,0.199729814700369
15568573,554,Germany,Female,51,7,105701.91,1,0,1,179797.79,1,0.457449192026471
15689598,722,France,Male,46,6,0,1,1,1,93917.68,1,0.0886345524208078
15713374,689,Germany,Male,67,9,157094.78,1,1,1,99490.01,0,0.587842596634153
15679733,796,Germany,Male,40,2,113228.38,2,1,1,46415.09,0,0.141707240243107
15759274,447,France,Female,32,10,0,1,1,1,151815.76,0,0.063496523265976
15607748,498,Germany,Male,37,8,108432.88,2,1,1,14865.05,0,0.127204237166562
15607577,663,Spain,Male,27,8,0,1,1,1,188007.99,0,0.0265315081118075
15813697,498,Germany,Female,44,2,120702.67,2,1,1,98175.74,0,0.315665866361737
15801125,627,France,Female,32,1,0,1,1,0,106851.7,0,0.164625896699536
15777855,649,France,Male,45,7,0,2,0,1,75204.21,0,0.0788257592838933
15635396,738,Germany,Female,29,9,139106.19,1,1,0,141872.05,1,0.300840165748625
15698031,587,Germany,Female,39,6,101851.8,2,1,0,7103.71,0,0.438180053528511
15678944,655,Germany,Female,32,6,130935.56,1,1,0,9241.83,1,0.349990927676383
15718507,647,Germany,Male,37,3,116509.99,1,1,1,149517.71,1,0.143521150056571
15808334,776,Germany,Female,37,1,93124.04,2,1,1,196079.32,0,0.186086220696811
15804709,688,Germany,Male,35,5,111578.18,1,0,0,166165.93,1,0.289571878714727
15645835,605,France,Male,32,9,0,2,1,1,55724.24,0,0.0314644487323227
15738166,596,France,Female,39,10,86546.29,1,0,1,131768.98,0,0.117921927439915
15675360,427,France,Male,33,8,0,1,1,1,13858.95,0,0.0412335190363198
15793042,629,France,Male,39,2,129669.32,2,1,0,82774.07,0,0.19299546514619
15630106,496,Spain,Male,29,2,0,2,1,0,55389.59,0,0.0874072212661108
15810385,717,Spain,Female,36,2,164557.95,1,0,1,82336.73,0,0.120728134935235
15578211,777,France,Male,23,6,0,2,1,1,163225.48,0,0.0166584514740541
15572792,535,Spain,Male,35,8,118989.92,1,1,1,135536.72,0,0.0666823381495787
15620030,744,France,Male,29,1,0,1,0,0,82422.97,0,0.0856966873608481
15783541,755,France,Male,31,5,0,2,0,1,194660.78,0,0.0305124120782091
15679284,593,Spain,Female,45,6,79259.75,1,1,0,55347.28,0,0.380925527178147
15582910,514,France,Male,38,4,112230.38,1,1,0,16717.11,1,0.200971251473655
15688337,721,France,Male,40,9,118129.87,1,1,1,160277.65,0,0.0779257074615755
15734970,835,Spain,Male,38,7,86824.09,1,0,0,175905.97,0,0.169255071798906
15759140,682,France,Female,64,10,128306.7,1,0,1,66040.83,0,0.455351518516056
15643042,590,Germany,Female,40,2,117641.43,2,0,0,92198.05,0,0.507290099136691
15773868,653,Germany,Female,37,3,125734.2,2,1,0,134625.09,1,0.429191694309482
15615820,837,France,Male,49,8,103302.37,1,1,1,50974.57,0,0.124484783218191
15730273,841,France,Male,27,8,0,1,1,0,171922.72,0,0.0617614954741067
15724890,584,Spain,Male,36,4,82696.09,2,0,0,83058.14,0,0.157676566466123
15765952,769,France,Male,29,4,145471.37,1,1,0,188382.77,0,0.110860236430678
15685920,599,Spain,Male,34,2,101506.66,1,0,0,198030.24,0,0.170477805460384
15663263,698,France,Male,47,5,156265.31,2,0,0,1055.66,0,0.303044163333671
15568953,477,France,Male,27,1,128554.98,1,1,1,133173.19,0,0.0439431279243882
15643361,477,Germany,Male,34,8,139959.55,2,1,1,189875.83,0,0.122218041646959
15699486,745,Spain,Male,34,7,132944.53,1,1,1,31802.92,0,0.0530335142493213
15747854,749,France,Female,35,3,0,3,1,1,132649.85,0,0.0589145740594334
15691785,850,France,Male,61,1,0,1,1,0,53067.83,1,0.452733072447768
15709004,528,Germany,Male,22,5,93547.23,2,0,1,961.57,0,0.0467295398936476
15652218,750,France,Male,33,2,152302.72,1,1,0,71333.44,0,0.147373830870198
15697127,543,France,Female,31,2,147674.26,1,1,1,16658.76,0,0.086232538685637
15658486,579,Spain,Female,59,3,148021.12,1,1,1,74878.22,0,0.428030129906112
15694160,624,France,Male,37,0,0,2,0,0,112104.55,0,0.142343696226566
15685290,595,Germany,Male,46,5,142360.62,2,1,0,48421.4,1,0.46822322353052
15701042,596,Germany,Female,27,2,151027.56,1,1,0,170320.58,0,0.319925739585492
15680449,431,Germany,Female,44,2,138843.7,1,1,0,37688.31,1,0.622715787510754
15599860,647,Spain,Female,26,8,109958.15,1,1,1,136592.24,1,0.0536636770922062
15723169,640,France,Female,31,9,138857.59,1,1,0,48640.77,0,0.185999189691188
15803842,752,Germany,Female,45,3,105426.5,2,0,1,89773.45,0,0.292702118406975
15728224,710,Germany,Female,41,9,149155.53,2,1,0,42131.26,1,0.475117557415246
15644174,638,Germany,Male,27,4,135096.05,1,1,1,186523.72,1,0.0803791939693967
15707110,660,Germany,Male,28,2,170890.05,2,1,0,41758.9,0,0.203356318219369
15765415,609,Spain,Female,45,4,89122.3,1,1,1,199256.98,0,0.187448903991438
15756751,596,Spain,Female,54,0,78126.28,1,1,1,153482.91,1,0.312531155550726
15795151,705,France,Female,38,3,123894.43,1,1,0,21177.1,0,0.271707071396594
15632859,444,France,Male,36,7,0,2,0,1,138743.86,0,0.0517892535886113
15584037,727,Germany,Male,58,5,106913.43,1,1,0,25881,1,0.66399197647226
15621409,496,France,Male,32,4,127845.83,1,1,0,66469.2,0,0.148113812943084
15581102,554,France,Female,22,8,0,2,0,1,142670.61,0,0.0301522574619079
15578096,537,France,Male,26,7,106397.75,1,0,0,103563.23,0,0.0959943679693273
15669887,839,France,Female,51,3,0,1,1,1,69101.23,1,0.186158829899386
15621834,700,Spain,Female,43,0,0,2,1,0,59475.35,0,0.289272220920374
15655341,458,Spain,Female,35,5,166492.48,1,1,0,135287.74,0,0.303150671185354
15685314,850,France,Female,28,2,0,2,1,1,38773.74,0,0.0370006701866916
15653997,699,Spain,Male,31,6,114493.68,1,0,0,138396.32,0,0.128142483932942
15629551,615,Germany,Female,44,9,126104.98,2,0,1,110718.02,0,0.29954096381346
15651264,850,Germany,Male,51,4,124425.99,1,0,0,118545.49,1,0.556056346069143
15760825,604,France,Female,40,1,0,2,1,0,123207.17,0,0.247897794307542
15597394,668,Spain,Male,34,0,0,1,0,0,99984.86,0,0.131529382998281
15740383,594,Spain,Female,38,10,0,2,1,0,58332.91,0,0.200404627187049
15670562,470,France,Male,30,3,101140.76,1,1,1,50906.65,0,0.046183420884892
15698117,701,Germany,Male,41,0,150844.94,1,0,1,127623.36,0,0.205431838077469
15694805,664,Spain,Male,35,1,115024.5,1,0,1,169665.79,0,0.069595811858172
15746802,477,France,Female,30,6,131286.46,1,1,0,194144.45,0,0.206227146784964
15589428,756,France,Female,42,9,0,2,1,0,35673.42,0,0.233036256854247
15790267,625,France,Female,40,7,141267.67,1,0,1,177397.49,0,0.146988392707372
15665402,703,Spain,Male,73,5,137761.55,1,1,1,159677.46,0,0.524353190526135
15642093,646,France,Male,30,7,0,2,1,0,153566.97,0,0.0799052397095678
15666181,650,France,Male,33,0,98064.97,1,1,0,52411.99,0,0.140371113147664
15602554,664,France,Female,31,9,114519.57,2,0,1,79222.02,0,0.0665536416846138
15724251,682,Germany,Female,29,6,101012.77,1,0,0,32589.89,1,0.29134492863529
15740147,725,France,Female,44,10,0,1,0,1,93777.61,0,0.121190513999908
15718289,553,Germany,Male,46,3,82291.1,1,1,0,112549.99,1,0.474633117939202
15763148,576,France,Male,39,9,84719.98,1,0,0,191063.36,0,0.194917459534421
15685245,608,Spain,Female,56,5,0,2,0,1,153810.41,0,0.274259670605495
15626985,850,France,Female,39,0,104386.53,1,1,0,105886.77,0,0.283362856954712
15585823,627,France,Male,31,8,128131.73,1,1,0,96131.47,0,0.124658105872717
15728167,667,France,Male,44,2,122806.95,1,0,0,15120.86,0,0.273035976487565
15762928,548,Spain,Male,44,8,0,1,1,0,16989.77,0,0.207857980189967
15751774,774,France,Male,76,4,112510.89,1,1,1,143133.18,0,0.537953698071318
15654733,794,Germany,Male,57,3,117056.46,1,1,0,93336.93,1,0.653993973967386
15809777,497,Germany,Female,55,7,131778.66,1,1,1,9972.64,0,0.508849881331568
15744200,587,France,Female,36,1,70784.27,1,1,0,30579.82,0,0.24185689046612
15720713,850,France,Female,29,10,0,2,1,1,199775.67,0,0.0374816827827726
15695356,722,France,Male,46,5,0,2,1,0,179908.71,0,0.214180714345252
15653315,555,Spain,Female,35,1,0,2,1,0,101667,0,0.199742679639504
15604792,609,Germany,Male,38,6,140752.06,2,0,1,171430.16,0,0.156079486154628
15704819,734,Spain,Female,39,6,92126.26,2,0,0,112973.34,0,0.26572689000592
15670859,718,Germany,Female,39,7,93148.74,2,1,1,190746.38,0,0.205208462297102
15602797,645,Spain,Female,49,5,110132.55,3,0,1,187689.91,1,0.21750019407947
15662533,598,Spain,Female,23,6,0,2,1,0,153229.19,0,0.0873290077859493
15778154,628,Germany,Male,50,4,122227.71,1,0,1,14217.77,1,0.29630643020111
15806230,629,Germany,Male,40,2,121647.54,2,1,1,64849.74,1,0.155504425537736
15662884,739,Germany,Male,58,1,110597.76,1,0,1,160122.66,1,0.4406336040254
15750778,653,France,Female,60,2,120731.39,4,1,1,138160.11,1,0.34192616806754
15717185,711,France,Male,28,8,0,2,1,1,64286.39,0,0.0221609618434731
15677804,783,Spain,Male,38,1,0,3,1,1,80178.54,1,0.0454878940691003
15568915,681,France,Male,38,6,153722.47,1,1,0,101319.76,0,0.202674811234524
15736495,712,France,Male,34,8,114088.32,1,1,0,92794.61,0,0.134045289387158
15737354,554,France,Female,48,7,0,2,1,1,63708.07,0,0.155890425342764
15667889,611,France,Female,37,6,0,2,1,0,110782.88,0,0.198710728946478
15577831,560,Germany,Male,41,4,152532.3,1,0,0,10779.69,0,0.433423804816192
15729836,646,Spain,Male,32,1,0,2,1,0,183289.22,0,0.1019618575157
15775293,680,France,Male,34,3,143292.95,1,1,0,66526.01,0,0.153114939097913
15697597,631,France,Male,26,1,149144.61,1,0,1,123697.95,0,0.0393986645392747
15639669,746,France,Male,36,9,127157.04,1,1,1,155700.15,0,0.0604206956639747
15631392,654,Germany,Male,43,9,84673.17,2,0,1,82081.35,0,0.167986140240527
15580935,687,Germany,Male,33,9,135962.4,2,1,0,121747.96,0,0.240151701690243
15590344,708,Germany,Male,32,3,151691.44,2,1,1,172810.51,0,0.103925463016856
15653306,679,Germany,Female,32,0,88335.05,1,0,0,159584.81,0,0.371522700880115
15805025,636,France,Female,45,7,139859.23,1,1,1,108402.54,0,0.184093286582446
15658449,695,France,Male,45,9,43134.65,1,0,1,77330.35,0,0.0933038113720304
15694450,677,France,Male,42,5,99580.13,1,1,0,21007.96,0,0.218494067237988
15605666,720,France,Female,34,6,110717.38,1,1,1,9398.45,0,0.0830922079847619
15615126,780,France,Female,37,3,0,2,0,0,182156.81,1,0.203466450542843
15726588,653,Spain,Female,36,3,0,2,0,0,110525.6,0,0.200719611939961
15645095,674,France,Female,28,3,0,1,1,0,51536.99,0,0.123004844289086
15808960,620,Germany,Male,40,5,108197.11,2,1,0,49722.34,0,0.331370590411525
15729435,623,France,Male,40,6,0,2,1,1,66119.07,0,0.0559340892913234
15656840,547,France,Female,29,6,104450.86,1,1,1,37160.28,0,0.0650180492204469
15659149,530,France,Male,39,2,0,2,1,0,197923.05,0,0.165932003449905
15585490,746,France,Female,34,4,0,1,0,1,65166.6,0,0.0691665317874079
15674929,512,France,Female,31,7,0,2,0,0,49326.07,0,0.145944304957996
15746341,630,France,Male,40,8,0,2,1,1,42495.81,0,0.0532205478033613
15662091,570,Spain,Male,21,7,116099.82,1,1,1,148087.62,0,0.024382933708007
15620123,605,France,Male,39,6,111169.91,1,0,0,9641.4,0,0.202536332065234
15616240,530,Spain,Male,37,4,0,2,1,1,164844.37,0,0.0553346492101253
15624186,813,Germany,Female,25,5,123616.43,1,0,1,132959.33,0,0.100460287563415
15605036,704,Spain,Female,37,9,155619.58,1,1,1,135088.58,0,0.118585229380524
15805151,565,Germany,Male,31,2,89558.39,2,1,1,4441.54,0,0.0818587771158418
15753847,645,Spain,Male,45,4,0,1,0,1,174916.85,1,0.0982682112773274
15653222,526,Germany,Female,32,6,131938.92,2,1,1,1795.93,0,0.153919787392908
15757541,778,France,Female,33,9,151772.63,2,0,0,180249.94,1,0.199482130043841
15726945,677,France,Female,72,8,0,2,1,1,153604.44,0,0.501144871382622
15794276,588,France,Female,64,3,0,1,1,1,189703.65,0,0.416606156840219
15568328,488,France,Female,22,6,0,2,1,1,66393.89,0,0.0300556801502809
15604355,519,France,Male,39,1,97700.02,1,1,1,30709.03,0,0.0850659080302308
15735788,709,France,Male,31,6,0,2,1,1,71009.84,0,0.0282745879670695
15618255,642,Germany,Female,56,6,103244.86,2,1,0,143049.72,1,0.73917040870449
15720941,710,Germany,Male,34,8,147833.3,2,0,1,1561.58,0,0.102273316319504
15769110,653,France,Female,46,5,0,2,1,0,49707.85,0,0.308300826533582
15576094,743,France,Male,71,0,0,2,0,1,29837.65,0,0.38056172461844
15756150,418,France,Female,39,2,0,2,0,0,9041.71,0,0.252904582385944
15719579,670,Germany,Female,33,9,84521.48,2,0,1,198017.05,0,0.144705595418788
15748854,723,Germany,Female,28,5,91938.31,1,1,0,143481.85,0,0.269912303659845
15612455,549,Germany,Male,45,6,124240.93,1,1,1,146372.51,0,0.242200286008625
15664802,543,France,Female,42,5,0,2,0,0,101905.34,0,0.283476304390574
15735687,595,Spain,Male,37,2,157084.99,1,1,0,134767.13,0,0.21338347729043
15664734,673,Germany,Female,25,3,108244.82,2,1,1,103573.96,0,0.0928695001442049
15767894,741,France,Female,21,9,0,2,0,1,139259.54,0,0.0233178913907257
15666884,508,Germany,Female,41,5,82161.7,2,1,0,187776.49,0,0.502399286096749
15750156,662,Germany,Male,59,2,104568.41,1,1,0,8059.44,1,0.687132142716719
15751120,752,France,Female,36,2,119912.46,1,1,0,124354.92,0,0.250572515840297
15575748,809,France,Male,36,9,68881.59,2,0,1,109135.11,0,0.0473907205561947
15714610,575,Spain,Male,30,2,0,2,1,1,82222.86,0,0.0319729773633153
15720305,591,Spain,Female,40,1,86376.29,1,0,1,136767.16,1,0.148012449558568
15678129,643,Spain,Female,45,9,150840.03,2,1,0,155516.35,0,0.393873250321212
15566633,698,Germany,Male,55,8,155059.1,2,1,1,144584.29,0,0.364988730774498
15680436,496,France,Female,29,4,0,2,1,0,164806.89,0,0.136510748834771
15674343,597,France,Male,44,8,78128.13,2,0,1,109153.04,0,0.0942066431184039
15658890,603,Germany,Male,46,4,98899.76,2,1,1,86190.34,0,0.217343958077032
15599004,655,Spain,Male,37,1,0,1,1,1,106040.97,0,0.0575734746320414
15726487,431,France,Male,63,6,160982.89,1,1,1,168008.17,0,0.38922632807526
15698716,620,France,Female,70,3,87926.24,2,1,0,33350.26,1,0.774361341055914
15710527,782,France,Female,35,4,0,1,1,1,119565.34,0,0.0689493011498203
15655590,581,Spain,Male,46,2,79385.21,2,0,0,188492.82,0,0.298654443164462
15732266,553,Germany,Male,53,5,127997.83,1,1,0,165378.66,1,0.626599106083292
15669326,658,France,Male,44,2,168396.34,1,1,1,14178.73,0,0.123513339413773
15672246,686,Germany,Male,43,2,134896.03,1,1,1,97847.05,0,0.210064155520854
15620276,539,Spain,Male,36,6,0,3,1,1,118959.64,0,0.0442441951103956
15640258,685,France,Female,50,6,94238.75,2,1,1,50664.07,1,0.206217666806559
15740283,850,France,Male,29,1,0,2,0,0,152996.89,0,0.0733321108345577
15759717,763,Spain,Female,39,7,0,2,1,0,19458.75,0,0.197889574357427
15620268,634,Germany,Male,43,3,212696.32,1,1,0,115268.86,0,0.499102690677583
15743871,567,France,Male,59,3,0,2,1,0,25843.7,1,0.423913395996462
15614491,539,France,Male,39,3,139153.68,2,1,0,147662.33,0,0.216977429911746
15595047,764,France,Male,41,7,0,2,0,0,134878.34,0,0.157976118263946
15732334,653,France,Female,40,0,0,2,1,0,35795.85,0,0.23841052267108
15701206,566,Spain,Male,44,5,0,2,1,0,66462.79,0,0.203772431549875
15581280,714,Germany,Male,29,6,92887.13,1,1,1,69578.49,0,0.0740777534447215
15651943,580,Spain,Female,65,1,0,2,0,1,103182.46,0,0.437400129708871
15609545,548,France,Male,29,5,83442.98,1,0,1,177017.39,0,0.0427685198353016
15658548,646,Germany,Female,36,6,144773.29,2,1,0,53217.3,0,0.410869149760262
15626008,622,Germany,Female,52,9,111973.97,1,1,1,162756.29,1,0.443307484224105
15774133,706,France,Female,35,8,178032.53,1,0,1,42181.68,0,0.103709412617056
15763798,680,France,Male,23,5,140007.19,1,0,1,31714.08,0,0.0267329047218397
15758013,698,France,Male,37,5,98400.61,2,0,0,25017.28,0,0.151159242395024
15705765,581,Spain,Female,46,1,0,2,1,0,104272.04,0,0.350280675625186
15648362,728,Germany,Male,45,3,108924.33,2,1,0,84300.4,1,0.42130475269807
15761102,707,Spain,Female,32,4,132835.56,1,0,0,136877.24,0,0.219209828185957
15610165,761,France,Female,26,1,0,2,1,1,199409.19,0,0.0379952133311129
15723717,483,Germany,Male,41,1,118334.44,1,0,0,163147.99,1,0.444503924770588
15654611,736,Germany,Female,25,9,81732.88,2,1,0,136497.28,0,0.198977007536166
15659736,716,Germany,Male,66,5,121411.9,1,0,0,10070.4,1,0.79025595854549
15603170,654,France,Male,32,9,121455.65,1,1,0,190068.53,1,0.131602736875237
15786167,649,Spain,Male,20,5,0,2,1,1,58309.54,0,0.0138525126447725
15671915,649,France,Male,46,5,0,2,1,1,76946.6,0,0.0854397529910468
15794792,612,France,Female,31,8,117989.76,1,1,1,54129.86,0,0.0699045222326225
15652789,657,Spain,Male,40,10,0,2,1,1,52990.7,0,0.0539697377744651
15739168,511,France,Female,31,5,137411.29,1,0,1,161854.98,0,0.090364764643272
15719950,682,France,Male,61,10,73688.2,1,1,1,172141.33,0,0.258611267815537
15743818,748,Spain,Male,58,9,122330.7,2,0,1,124429.19,0,0.227709357695927
15717937,554,Germany,Male,43,5,99906.89,1,0,0,24983.39,0,0.424868392086594
15602841,794,Spain,Female,28,5,0,2,0,1,86699.98,0,0.0413222085899043
15619972,807,France,Female,47,9,167664.83,1,0,0,125440.11,1,0.440748538582737
15796114,594,France,Female,34,7,141525.55,1,0,0,9443.15,0,0.234892830092908
15633546,652,Spain,Female,33,3,124832.51,1,1,0,195877.06,0,0.240587539744663
15758755,729,France,Female,34,9,132121.71,1,0,1,105409.31,0,0.0873222038197179
15695168,625,France,Male,39,2,0,2,1,0,100403.05,0,0.14997298154155
15754342,597,Germany,Female,60,0,78539.84,1,0,1,48502.88,0,0.594686506665177
15756610,657,Germany,Female,38,5,123770.46,1,0,0,47019.66,1,0.464227937768475
15640917,633,France,Male,43,5,0,2,1,1,48249.88,0,0.0701807590192656
15663164,663,Germany,Male,49,7,116150.65,3,1,1,84358.71,1,0.229882137637776
15616811,535,France,Male,47,0,160729.1,1,0,1,145986.35,0,0.178846103263545
15610781,702,France,Female,29,10,88378.6,1,1,0,88550.28,0,0.146431061466537
15600911,712,France,Male,33,2,182888.08,1,1,0,3061,0,0.158527580079216
15629603,607,France,Male,31,8,0,2,1,1,43196.5,0,0.0296907591073978
15714981,476,France,Male,37,4,0,1,1,1,55775.84,1,0.0565635198599218
15775892,748,Spain,Female,23,8,85600.08,1,0,0,134077.71,0,0.104738936873378
15782778,815,France,Male,35,4,0,2,0,1,198490.33,0,0.0395571401879767
15786643,602,France,Male,32,10,0,2,1,1,116052.92,0,0.0308085758373589
15595657,649,Germany,Male,40,4,95001.33,1,0,1,123202.99,0,0.171229325869311
15743673,551,Spain,Male,27,2,113873.22,1,1,1,85129.77,1,0.0384953793383108
15634310,509,France,Male,30,6,0,2,1,0,180598.86,0,0.089383786916993
15790809,685,Spain,Male,40,7,74896.92,1,1,0,198694.2,0,0.193694463478239
15668695,536,France,Female,22,5,89492.62,1,0,0,42934.43,0,0.112045990668814
15669281,711,Spain,Male,38,3,128718.78,1,0,0,114793.45,0,0.206454586380041
15621031,761,Spain,Male,27,8,0,2,1,0,63297.7,0,0.0596598051495949
15720071,535,France,Female,49,3,0,1,0,0,61820.41,1,0.42224375758546
15792180,566,Germany,Male,22,7,144954.75,2,1,0,102246,0,0.132336909400746
15813894,620,Spain,Male,21,9,0,2,0,0,154882.79,0,0.0440842511139107
15669490,837,Germany,Male,37,6,94001.61,2,1,0,140723.05,0,0.261673671303769
15783030,685,France,Female,40,7,0,1,1,0,72852.74,1,0.233453907071719
15695792,673,France,Male,65,0,0,1,1,1,85733.33,0,0.304582515552571
15575676,638,France,Male,24,1,0,2,0,1,162597.15,0,0.0221696458705821
15627665,614,France,Male,46,4,0,1,1,0,74379.57,1,0.241571717065876
15814092,626,France,Female,44,2,0,1,0,1,173117.22,1,0.145784676508603
15695225,834,Spain,Male,38,8,0,2,1,1,66485.26,0,0.043115869746678
15615091,691,France,Male,24,6,0,2,1,1,92811.2,0,0.0181302552818978
15794345,706,Spain,Male,38,8,0,2,0,1,46635.11,0,0.0472216323012383
15726484,633,France,Male,37,7,141546.35,1,1,1,124830.11,0,0.0714914892768761
15650442,644,Germany,Female,32,8,141528.88,1,1,1,167087.34,1,0.166949958691594
15714256,666,France,Male,30,7,109805.3,1,0,1,163625.56,0,0.0426624514836321
15778752,708,France,Male,32,10,86614.06,2,1,1,172129.26,0,0.0368917984102096
15601659,496,Germany,Female,59,7,91680.1,2,1,0,163141.18,1,0.789974480981421
15602811,730,Germany,Male,38,0,38848.19,2,0,0,94003.11,0,0.288690413631883
15779414,696,Spain,Male,40,3,153639.11,1,1,1,138351.68,0,0.0941343904202189
15763097,809,Spain,Male,80,8,0,2,0,1,34164.05,0,0.495828239339879
15633666,701,Spain,Female,33,7,123870.07,1,1,0,97794.71,0,0.214784259068702
15718789,604,France,Male,30,5,0,2,1,0,75786.55,0,0.0800613284464903
15690620,665,France,Male,39,10,46323.57,1,1,0,136812.02,0,0.161433150498514
15737071,639,France,Female,60,5,162039.78,1,1,1,84361.72,1,0.42471031865728
15665062,696,France,Male,19,1,110928.51,1,1,1,2766.63,0,0.0190305454172087
15600692,520,France,Male,38,5,0,2,1,0,163185.76,0,0.150544299222794
15792064,545,Germany,Male,53,5,114421.55,1,1,0,180598.28,1,0.617498854985467
15811486,634,Germany,Female,29,8,130036.21,2,0,1,69849.55,0,0.119808485972932
15626141,750,France,Female,26,1,151510.17,2,1,1,19921.72,0,0.051320437774772
15738546,530,Spain,Female,41,4,0,2,0,1,147606.71,0,0.117847556249644
15677052,589,France,Female,59,2,0,2,1,1,126160.24,1,0.312967086345387
15656454,654,France,Male,37,6,83568.55,1,1,0,47046.72,0,0.159995291125355
15645496,648,France,Female,43,7,139972.18,1,1,0,143668.58,0,0.375801206198902
15612505,835,Spain,Male,45,3,100212.13,1,1,0,152577.62,0,0.267492126407938
15708513,446,France,Female,39,1,90217.07,1,1,0,191350.48,0,0.333606560829502
15685654,514,Spain,Male,66,9,0,2,1,1,14234.31,0,0.291266446712662
15732307,694,Germany,Male,33,4,124067.32,1,1,1,77906.87,0,0.104981825446954
15726814,554,Spain,Male,46,4,0,2,0,1,57320.92,0,0.0966952170326445
15653776,720,Germany,Female,57,1,162082.31,4,0,0,27145.73,1,0.745508786916609
15597914,641,Germany,Female,51,2,117306.69,4,1,1,26912.72,1,0.366016700798324
15631603,813,France,Male,32,1,122889.88,1,1,1,26476.18,0,0.0463839807325813
15789753,480,France,Male,40,6,148790.61,1,0,1,79329.7,0,0.0995823301075134
15678034,811,France,Male,46,9,180226.24,1,1,0,13464.64,1,0.284117055068593
15690209,715,Germany,Female,32,3,104857.19,2,1,0,114149.8,0,0.32455123035839
15592091,620,Spain,Male,31,2,166833.86,2,1,1,135171.6,0,0.0536109813983954
15647453,721,France,Male,42,4,102936.72,1,0,0,1187.88,0,0.226086006160036
15697100,772,Germany,Female,48,6,108736.52,1,1,0,184564.67,1,0.619734551863776
15811290,680,Germany,Male,44,0,129974.79,2,1,1,33391.38,0,0.198162963812259
15629187,535,France,Male,38,8,85982.07,1,1,0,9238.35,0,0.176081942863132
15758073,655,France,Female,20,7,134397.61,1,0,0,28029.54,0,0.0962707149321551
15640769,660,France,Male,63,8,137841.53,1,1,1,42790.29,0,0.324257394348627
15606641,762,Germany,Male,56,10,100260.88,3,1,1,77142.42,1,0.300613516394877
15718280,662,Germany,Male,39,5,139822.11,2,1,1,146219.9,0,0.151302487862907
15764335,463,Germany,Female,41,8,123151.51,2,1,0,70127.93,0,0.504165233176986
15634218,501,Germany,Male,27,4,95331.83,2,1,0,132104.76,0,0.182421369197349
15808760,603,Spain,Female,42,6,0,1,1,1,90437.87,0,0.118001693817289
15648461,688,Spain,Male,37,7,138162.41,2,1,1,113926.31,0,0.0653452934517953
15593555,430,France,Male,38,9,0,2,1,1,12050.77,0,0.0530777909161042
15569079,632,Germany,Male,48,6,126066.26,1,1,0,64345.61,1,0.518534279397976
15800736,601,Spain,Female,42,4,96763.89,1,1,1,199242.65,0,0.158598339091986
15792607,769,France,Female,38,2,0,2,0,0,75578.67,0,0.203096962017766
15640034,551,France,Male,42,2,139561.46,1,1,0,43435.43,1,0.26656491249254
15807563,841,France,Female,52,5,0,1,0,0,183239.71,1,0.426686851158261
15684461,469,Spain,Female,31,6,0,1,1,0,146213.75,1,0.169825189977005
15580134,479,Spain,Male,27,2,172463.45,1,1,1,40315.27,0,0.0476682356804167
15679075,701,France,Male,37,8,107798.85,1,1,0,16966.73,0,0.157305974375636
15742504,593,France,Male,36,2,70181.48,2,1,0,80608.12,0,0.145655165509666
15567328,738,Spain,Male,38,5,177997.07,1,0,1,19233.41,0,0.0861192122299927
15698294,635,Spain,Male,31,1,0,2,1,0,135382.23,0,0.0948362467452376
15607142,658,France,Male,32,8,0,1,1,1,80410.68,0,0.0347971001824444
15738516,687,Spain,Female,36,5,0,1,1,0,17696.22,0,0.193247180184585
15806403,650,France,Male,37,9,0,2,1,0,17974.08,0,0.111229285244837
15656707,720,Spain,Male,21,2,123200.78,1,1,1,180712.28,0,0.0247680181594985
15653715,602,France,Female,63,7,0,2,1,1,56323.21,0,0.351627781766907
15806184,618,Spain,Male,33,4,0,2,1,1,77550.18,0,0.0362912374802754
15585734,803,Germany,Male,41,9,137742.9,2,1,1,166957.82,0,0.154783928843569
15725639,793,France,Female,63,9,116270.72,1,1,1,184243.25,0,0.420458700053794
15618401,616,Germany,Male,41,10,113220.2,2,1,1,114072.91,0,0.156073439535908
15785385,550,Spain,Male,51,5,0,2,1,0,153917.41,0,0.305158209137041
15734762,602,France,Female,56,3,115895.22,3,1,0,4176.17,1,0.543803485370676
15767129,452,France,Female,60,6,121730.49,1,1,1,142963.29,0,0.43035871604995
15797204,655,Spain,Female,28,3,113811.85,2,0,1,76844.23,0,0.0586353512999944
15769272,510,France,Female,26,6,136214.08,1,0,0,159742.33,0,0.164561891480143
15771966,557,France,Male,39,8,146200.01,1,1,0,177944.64,0,0.217156460882375
15691952,676,France,Male,37,10,106242.67,1,1,1,166678.28,0,0.0627270478815155
15593250,640,France,Female,29,4,0,2,1,0,44904.26,0,0.121768524513599
15605333,529,Spain,Male,31,6,0,1,1,0,10625.91,0,0.0997275460922787
15800083,559,France,Male,45,8,24043.45,1,0,1,169781.45,1,0.0988654272231629
15575691,689,France,Female,58,5,0,2,0,1,49848.86,0,0.281220550361719
15689886,626,Germany,Male,39,10,132287.92,3,1,1,51467.92,1,0.125634538824112
15809838,697,Spain,Male,30,1,0,2,0,0,735.79,0,0.0817369591250143
15736154,823,France,Female,44,1,0,2,0,1,182495.7,0,0.12351773992616
15767391,565,Germany,Female,32,4,90322.99,2,0,1,118740.37,0,0.149923604539512
15704910,631,Spain,Male,23,3,0,2,1,0,13813.24,0,0.0507948884950411
15656613,646,France,Female,34,3,131283.11,1,0,0,130500.65,0,0.252935493750712
15611551,676,Spain,Male,48,1,131659.59,2,0,1,14152.15,0,0.145962256348881
15732430,850,Spain,Female,54,4,120952.74,1,1,0,66963.15,0,0.532708408258918
15741865,810,France,Female,38,9,153166.17,1,1,1,93261.69,0,0.108939930087717
15634143,581,Spain,Male,30,0,53291.86,1,0,0,196582.28,0,0.125315255902905
15609676,718,France,Female,35,2,167924.95,1,1,0,43024.64,0,0.264709059866891
15761600,713,France,Male,43,5,86394.14,1,1,1,130001.13,0,0.0910623716113946
15676404,672,France,Female,50,1,0,1,1,0,12106.82,1,0.411347527777925
15659236,781,Spain,Male,33,3,0,2,1,1,42556.33,0,0.0338897912065727
15690440,656,Spain,Male,47,1,0,2,1,1,197961.93,0,0.104373959349561
15694601,583,France,Female,31,4,158978.79,1,1,0,12538.92,0,0.211609986449536
15812262,808,Germany,Female,37,2,100431.84,1,1,0,35140.49,1,0.402262834833923
15762821,721,Spain,Male,33,5,0,2,0,1,117626.9,0,0.0360075333652401
15669301,778,Germany,Female,29,6,150358.97,1,1,0,62454.01,1,0.301588028540094
15672640,850,Spain,Female,45,4,114347.85,2,1,1,109089.04,0,0.156892790872655
15750458,693,France,Female,39,4,0,2,0,1,142331.39,0,0.0904772673733508
15627251,520,France,Male,34,4,134007.9,1,1,1,193209.11,0,0.0678996457989005
15764294,759,Germany,Male,31,4,98899.91,1,1,1,47832.82,0,0.0815849690535356
15659962,637,France,Male,60,3,0,2,1,1,70174.03,0,0.212043963687725
15788536,755,Germany,Male,40,2,137430.82,2,0,0,176768.59,0,0.364861983446101
15596979,662,France,Female,47,6,0,2,1,1,129392.75,0,0.14816905227286
15681220,503,France,Female,37,8,0,2,1,1,97893.32,0,0.0801901084523818
15635097,599,Germany,Male,39,2,188976.89,2,0,1,176142.09,0,0.194180677310997
15780779,583,Spain,Female,40,4,0,2,1,0,114093.73,0,0.246297170681216
15798470,764,Spain,Female,48,1,75990.97,1,1,0,158323.81,1,0.427696502174235
15760880,513,France,Male,29,10,0,2,0,1,25514.77,0,0.0266218016186646
15616929,730,Spain,Male,62,5,112181.08,1,0,1,61513.87,0,0.314975173093745
15758775,820,Spain,Male,34,10,97208.46,1,1,1,59553.34,0,0.0440883510905548
15663386,597,Spain,Female,26,7,0,2,1,0,110253.2,0,0.102942047303422
15621267,637,France,Male,32,5,0,1,0,0,148769.08,0,0.108119956226735
15720509,696,France,Male,34,9,150856.79,1,0,1,8236.78,0,0.0551470163728874
15693322,635,Germany,Female,37,9,146748.07,1,0,1,11407.58,0,0.217340774363191
15589544,673,Spain,Female,57,4,0,2,1,1,49684.09,0,0.2691929699504
15772030,662,Spain,Male,33,3,0,2,0,1,68064.83,0,0.037597926510113
15693337,683,Spain,Male,41,0,148863.17,1,1,1,163911.32,0,0.107908854080033
15676571,850,France,Male,55,6,0,1,1,0,944.41,1,0.325779670423098
15701392,815,Spain,Male,28,6,0,2,0,1,185547.71,0,0.0245902126162274
15741092,671,Spain,Male,34,10,153360.02,1,1,0,140509.86,0,0.153162801427964
15643865,601,France,Female,40,3,92055.36,1,0,1,164652.02,1,0.144855588379849
15769389,709,Germany,Female,39,9,124723.92,1,1,0,73641.86,0,0.449446249350747
15807768,702,Germany,Male,28,1,103033.83,1,1,1,40321.87,0,0.0719349658445906
15801630,558,France,Male,40,6,0,2,1,0,173844.89,0,0.157911087385061
15705034,691,Spain,Male,40,1,0,2,1,1,145613.17,0,0.0623187470939083
15763107,700,France,Female,30,9,0,1,1,1,174971.64,0,0.0483869759375162
15667085,667,France,Male,33,4,0,2,1,1,131834.75,0,0.0361211326730058
15647008,624,Germany,Male,54,3,116726.22,1,1,0,110498.1,1,0.632097875051932
15584505,580,France,Female,23,5,113923.81,2,0,0,196241.43,0,0.12270030699481
15748068,571,Spain,Female,31,3,0,2,1,1,194667.92,0,0.0585900727821968
15663964,561,France,Male,37,5,0,2,1,0,83093.25,0,0.131716837612978
15782311,529,France,Male,28,9,0,2,1,1,52545.24,0,0.0240194091821429
15588197,670,France,Male,36,7,0,2,0,0,59571.5,0,0.118252291760941
15610105,666,Germany,Female,21,1,121827.43,2,1,1,99818.31,0,0.0769148469496278
15606133,628,Spain,Male,42,7,0,2,0,1,172967.87,0,0.0734469097625454
15599403,577,France,Male,60,10,125389.7,2,1,1,178616.73,0,0.271618907181813
15648225,652,Spain,Female,38,1,103895.31,1,0,1,159649.44,0,0.134675648770734
15608406,678,France,Male,26,5,111128.04,1,1,0,60941.27,1,0.0857776792382461
15633378,692,Spain,Female,49,9,0,2,1,0,178342.63,0,0.366616533938527
15664759,675,Spain,Male,32,10,0,2,1,0,191545.65,0,0.0896455278589491
15625545,712,Spain,Male,52,9,0,1,1,1,117977.45,1,0.133327154191871
15772148,639,Germany,Female,37,5,151242.48,1,0,1,49637.65,0,0.229670482793685
15810829,618,France,Male,48,7,0,1,1,0,13921.82,1,0.244749752188216
15731669,554,France,Male,39,2,129709.62,1,1,0,173197.12,0,0.228057179839694
15738634,533,France,Male,47,9,83347.25,1,1,1,137696.25,0,0.124310405794831
15737571,540,Spain,Female,28,6,84121.04,1,0,1,80698.54,0,0.0625786354366155
15667602,704,Spain,Male,33,3,0,2,1,0,73018.74,0,0.0987920459327684
15684147,678,France,Male,43,5,102338.19,1,1,1,79649.62,0,0.0962543450671297
15789874,712,France,Female,29,3,87375.78,2,0,0,166194.53,0,0.151220420538128
15757952,651,France,Male,44,2,0,3,1,0,102530.35,1,0.181641581409655
15698732,789,Germany,Male,51,3,104677.09,1,1,0,74265.38,0,0.537495923732897
15714355,775,Germany,Male,32,8,121669.23,1,0,1,125898.39,0,0.0939395189227308
15599090,564,Germany,Male,40,7,108407.34,1,1,1,83681.2,0,0.168145496938086
15762048,841,Germany,Female,33,7,154969.79,2,1,1,99505.75,0,0.14455676294114
15790596,850,Spain,Male,39,0,141829.67,1,1,1,92748.16,0,0.0796161472949674
15609623,637,France,Female,63,5,0,1,1,0,28092.77,1,0.639119072525337
15711901,500,France,Male,45,2,109162.82,1,1,1,126145.08,0,0.130760442978452
15779809,655,France,Male,44,8,87471.63,1,0,1,188593.98,0,0.102912176928805
15729018,666,France,Female,33,2,147229.65,1,1,1,56410.17,0,0.0921806877700298
15698246,658,France,Female,24,2,0,2,1,1,84694.49,0,0.0321956118562769
15712409,749,Germany,Male,66,6,182532.23,2,1,1,195429.92,0,0.575138638748056
15758306,654,France,Male,32,6,0,2,1,1,137898.57,0,0.0322578065279264
15621435,623,France,Female,39,1,160903.2,1,0,0,78774.36,0,0.352060149213378
15566295,761,France,Female,33,6,138053.79,2,1,0,148779.41,0,0.201503490385742
15569098,627,France,Male,44,6,153548.12,1,0,0,35300.08,1,0.29230063743123
15662532,757,Germany,Male,31,8,149085.9,2,1,1,197077.36,0,0.0867608381373469
15664001,695,Germany,Female,53,8,95231.91,1,0,0,70140.8,1,0.697328762667692
15703437,726,France,Male,34,3,0,2,1,0,196288.46,0,0.1055168843499
15708003,587,Spain,Male,41,8,85109.21,1,1,0,1557.82,0,0.205671570386401
15599452,605,Germany,Female,43,8,125338.8,2,1,0,23970.13,0,0.523527061919969
15719793,850,Spain,Male,62,5,0,2,1,1,180243.56,0,0.219540942926049
15771580,850,France,Female,38,0,106831.69,1,0,1,148977.72,0,0.114952753896629
15732268,751,France,Male,29,3,159597.45,1,1,0,39934.41,0,0.11105620325924
15722350,627,Germany,Female,37,7,147361.57,1,1,1,133031.96,0,0.225041333822137
15611371,736,France,Male,43,4,176134.54,1,1,1,52856.88,0,0.112851196648633
15673584,652,France,Female,74,5,0,2,1,1,937.15,0,0.538590545267452
15636396,627,France,Female,35,7,0,2,0,1,193022.44,0,0.0725464247109425
15706170,636,France,Male,34,1,84055.43,1,0,0,37490.84,0,0.147402700897209
15725478,775,France,Male,60,7,0,2,1,1,111558.7,0,0.187583724864015
15654562,850,Spain,Female,45,5,174088.3,4,1,0,5669.31,1,0.328976055822481
15737509,850,Spain,Male,34,8,199229.14,1,0,0,68106.29,0,0.159077013247983
15690796,516,France,Male,37,8,0,1,1,0,101834.58,0,0.141776476314936
15716728,513,Spain,Female,42,10,0,2,0,1,73151.25,0,0.1135065005791
15605665,673,Germany,Female,69,3,78833.15,2,1,1,37196.15,0,0.695636951372932
15748481,564,France,Female,27,6,0,1,0,0,7819.76,0,0.117691026229809
15757777,636,France,Female,35,2,0,2,1,1,23129.46,0,0.0669745819047243
15747808,712,France,Male,29,3,102540.61,1,1,1,189680.79,0,0.0387507806360413
15810593,568,France,Male,51,4,0,3,1,1,66586.56,0,0.11107767204889
15693376,741,Spain,Male,43,0,0,2,1,1,2920.63,1,0.0706692914617466
15579808,754,Germany,Female,39,8,129401.87,1,1,1,87684.93,0,0.22732055656013
15598275,709,France,Female,32,7,0,2,1,1,199418.02,0,0.0544980783710786
15737080,510,France,Female,32,1,0,2,0,1,28515.17,0,0.0630552681724303
15668580,716,Spain,Male,33,2,0,2,1,1,92916.53,0,0.0366549993255746
15569438,607,Germany,Male,36,10,106702.94,2,0,0,198313.69,0,0.291618767866462
15675842,656,Spain,Male,26,4,139584.57,1,1,0,36308.93,0,0.0948895979710945
15577587,550,Germany,Male,52,5,121016.23,1,1,1,41730.37,1,0.339314970013963
15625592,486,France,Male,26,2,0,2,1,1,31399.4,0,0.0246421246654531
15635141,598,Germany,Male,59,8,118210.42,2,0,0,60192.14,1,0.683320996783696
15642570,675,Spain,Male,35,8,0,2,1,0,29062.25,0,0.105195546819219
15702175,755,France,Female,29,4,148654.84,2,1,1,28805.09,0,0.0587800635822796
15677785,656,Spain,Male,32,5,136963.12,1,1,0,133814.28,0,0.142445695691328
15786153,644,Germany,Male,47,9,137774.11,2,1,0,151902.78,0,0.465151218806481
15759499,598,France,Female,32,4,111156.52,1,1,1,167376.26,0,0.0834937672954365
15659568,850,Spain,Female,31,3,121237.65,1,1,1,31022.56,0,0.0692242949007552
15715597,679,France,Male,36,1,97234.58,1,1,0,188997.08,0,0.171039486113678
15610147,632,France,Male,60,2,0,2,0,1,2085.32,0,0.219669474199898
15802362,550,Spain,Male,45,0,0,2,0,1,70399.71,0,0.09500547547574
15660524,572,Germany,Female,54,9,97382.53,1,1,1,195771.95,0,0.479904580993583
15747168,626,Germany,Female,47,2,103108.8,1,0,1,166475.44,1,0.379986530661847
15796910,625,Spain,Female,57,7,0,1,0,0,84106.17,1,0.54237792186984
15707674,515,France,Female,58,2,131852.81,1,1,0,81436.68,1,0.664678515767965
15565706,612,Spain,Male,35,1,0,1,1,1,83256.26,1,0.0514415632222162
15587596,628,Spain,Female,39,8,107553.33,1,1,0,117523.41,0,0.299723113767256
15751943,529,Spain,Female,43,5,0,2,0,0,79476.63,0,0.300714887155022
15621227,668,Germany,Female,46,7,161806.09,1,1,1,173052.19,0,0.371599004372072
15757588,526,France,Male,30,9,0,2,0,0,100995.68,0,0.0827227501374437
15640922,791,France,Female,52,7,0,1,1,1,122782.5,0,0.197678335248898
15567557,573,France,Male,27,2,128243.03,1,1,1,11631.34,0,0.0384449414072306
15670103,565,France,Female,38,5,126645.13,1,1,1,168303.55,0,0.131379518391344
15720929,604,France,Female,47,8,62094.71,3,0,0,9308.1,1,0.34299456582045
15732774,656,France,Male,37,7,112291.34,1,1,0,153157.97,0,0.172412602689133
15628558,447,France,Female,44,5,89188.83,1,1,1,75408.24,0,0.181450079389428
15729201,682,France,Male,55,9,0,1,1,0,153356.8,1,0.35358254719138
15731117,437,Spain,Male,28,2,109161.25,1,1,0,152987.42,0,0.122400104584072
15615207,792,Spain,Male,47,0,0,1,1,1,5557.88,1,0.100069378386342
15773512,627,Spain,Female,25,4,0,1,1,1,194313.93,0,0.0402310782002837
15572145,767,France,Female,34,8,0,2,1,0,94767.77,0,0.150444828078221
15642710,686,France,Male,26,7,0,2,1,0,1540.89,0,0.0554566755687728
15574213,789,France,Female,53,1,158271.74,1,1,1,5036.39,1,0.298593994874163
15718852,794,France,Male,56,9,96951.21,1,1,1,71776.76,0,0.188065463767829
15583840,587,Germany,Male,35,5,121863.61,1,1,1,23481.69,1,0.126139167889287
15782418,589,Germany,Female,19,9,83495.11,1,1,1,143022.31,1,0.0611595193826975
15813504,543,Germany,Female,25,1,146566.01,1,0,1,161407.48,0,0.127444624064496
15711314,589,Spain,Female,45,1,0,1,0,0,125939.22,1,0.368217370375522
15621064,701,Germany,Male,23,5,186101.18,2,1,1,76611.33,0,0.0572999378191248
15627847,850,France,Male,40,6,0,1,1,0,136985.08,1,0.149395797070751
15588090,726,Germany,Female,51,8,107494.86,2,1,0,140937.91,1,0.647515852383112
15735270,767,Spain,Male,47,2,0,1,1,0,48161.18,1,0.24101134049062
15671804,648,Spain,Male,36,8,146943.38,2,1,1,130041.45,0,0.063103564814541
15753215,651,Spain,Female,36,8,0,2,1,0,91652.43,0,0.179114301566168
15789941,633,France,Female,36,6,125130.28,1,0,0,125961.48,0,0.263010603317875
15691061,740,France,Female,37,9,0,2,1,1,73225.31,0,0.0673430090591528
15808326,592,France,Female,34,9,0,2,1,1,20460.2,0,0.057096944801203
15566660,670,France,Female,41,10,0,3,1,0,81602.02,0,0.214891155631882
15778947,628,France,Male,36,3,0,2,1,1,8742.91,0,0.0425724825297797
15632977,745,France,Male,47,5,0,2,0,0,145789.71,0,0.232006354632608
15591747,705,France,Male,32,3,0,2,0,0,129576.99,0,0.0974229095394465
15567335,559,France,Female,42,7,0,2,1,1,190040.29,0,0.116827917743983
15609299,595,France,Male,29,6,150685.79,1,1,0,87771.06,0,0.120042290207389
15669945,492,France,Male,35,4,141359.37,2,1,0,39519.53,0,0.165177529132721
15736271,498,France,Female,29,9,0,1,1,0,190035.83,0,0.138578702039213
15710390,655,France,Female,39,6,94631.26,2,1,1,148948.52,0,0.109336860944525
15756481,636,France,Female,39,3,118336.14,1,1,0,184691.77,0,0.311652324290356
15736730,634,France,Female,45,2,0,1,1,1,143458.31,0,0.149264434966406
15626040,793,Spain,Male,63,0,0,2,0,1,27166.75,0,0.253212408614479
15746553,526,Germany,Male,50,5,124233.24,1,0,1,159456.87,1,0.32542388629487
15622518,768,France,Female,26,5,51116.26,1,1,1,70454.79,1,0.0418716894545367
15684908,540,Germany,Male,64,1,91869.69,1,0,1,95421,0,0.56066903026422
15569446,732,France,Female,34,8,122338.43,2,1,0,187985.85,0,0.207501031952678
15777504,617,France,Female,30,8,0,1,1,1,92621.9,0,0.0496725582869677
15677906,637,Spain,Female,54,5,0,1,0,1,150836.98,0,0.261898818655801
15703292,573,France,Male,26,8,86270.93,2,1,1,90177.3,0,0.0266651416688305
15712938,531,France,Male,44,3,0,2,1,1,34416.79,0,0.0804061383587317
15631359,489,France,Female,38,5,117289.92,1,0,0,85231.88,0,0.316111720291948
15720847,601,France,Male,35,2,0,2,1,1,118983.18,0,0.0438138520288008
15787830,452,Germany,Male,33,7,153663.27,1,1,0,111868.23,0,0.294304137940124
15599869,728,Spain,Female,29,1,0,1,1,1,83056.22,0,0.0517217627855677
15592078,590,Germany,Female,27,8,123599.49,2,1,0,1676.92,0,0.254865523150027
15596228,490,France,Male,29,4,0,2,1,0,32089.57,0,0.0823175601615151
15578462,596,Spain,Female,76,9,134208.25,1,1,1,13455.43,0,0.68865598684041
15756894,635,France,Male,29,1,0,1,0,1,24865.54,0,0.0312442269077567
15796167,782,Germany,Male,35,7,98556.89,2,1,0,117644.36,0,0.232436592337776
15664808,790,Spain,Female,37,3,0,3,0,0,98897.32,0,0.183765743040298
15664555,587,France,Male,40,2,0,4,0,1,106174.7,1,0.0542497472524398
15607278,794,Spain,Female,46,8,134593.79,1,1,1,46386.37,0,0.183279515805051
15585222,515,France,Male,41,8,0,2,1,1,185054.14,0,0.0680031722446606
15750299,746,Spain,Male,24,10,68781.82,1,0,1,47997.39,0,0.0221638220610203
15761294,667,Germany,Female,56,8,137464.04,1,1,0,130846.79,1,0.757817814831985
15810454,709,France,Male,32,4,147307.91,1,0,1,40861.55,0,0.0505849967412825
15673984,536,France,Female,35,8,0,1,1,0,171840.24,1,0.198996168819705
15609319,711,France,Female,41,3,145754.91,1,1,1,101455.07,0,0.154192486890081
15709941,753,France,Male,46,8,0,3,1,0,90747.94,1,0.179907369822427
15580252,748,France,Male,44,4,112610.77,1,0,1,2048.55,0,0.105728938167576
15741275,623,France,Female,57,7,71481.79,2,1,1,84421.34,0,0.292441079537982
15707132,465,France,Male,33,5,0,2,0,1,78698.09,0,0.0408488692083902
15600708,640,Spain,Female,34,3,77826.8,1,1,1,168544.85,0,0.0934190693135625
15804787,562,France,Male,75,5,87140.85,1,1,1,39351.64,0,0.518390330387019
15690021,502,Germany,Female,42,0,132002.7,1,0,1,28204.98,1,0.328574457634126
15763895,536,France,Male,32,7,178011.5,2,1,0,22375.14,0,0.135600893722873
15623478,670,Germany,Female,32,4,102954.68,2,0,1,134942.45,0,0.151067305292044
15797910,775,Germany,Male,51,2,123783.25,1,1,1,134901.57,0,0.300202752812901
15577751,759,Germany,Male,30,4,101802.67,1,0,0,8693.8,0,0.208358540452186
15781777,604,France,Male,33,3,148659.48,1,0,0,42437.75,0,0.156291877714798
15740527,766,Germany,Female,62,7,142724.48,1,0,1,5893.23,1,0.612040899825874
15721251,554,Spain,Female,41,4,112152.89,1,0,1,36242.19,0,0.156808154666568
15602994,487,France,Female,53,10,89550.85,1,0,1,90076.85,0,0.289390917354568
15750769,725,France,Male,35,7,75915.75,1,1,0,150507.43,0,0.134500798254354
15740175,732,Germany,Female,42,2,118889.66,2,0,0,87422.15,0,0.513857063434835
15679968,623,France,Male,40,5,118788.57,1,1,0,192867.4,0,0.223357116887317
15694404,781,France,Female,42,3,156555.54,1,1,1,175674.01,0,0.163291399200029
15657529,714,Germany,Male,53,1,99141.86,1,1,1,72496.05,1,0.331270429651117
15762882,577,Germany,Female,31,4,61211.18,1,1,1,145250.43,0,0.139094696183709
15642579,731,Spain,Female,37,1,128932.4,1,1,1,180712.52,0,0.12415206865174
15598884,650,Spain,Female,23,5,0,1,1,1,180622.43,0,0.0352435009026972
15770185,779,France,Male,32,10,80728.15,1,1,0,86306.75,0,0.100876824601341
15800287,706,Spain,Female,46,2,127660.46,2,1,0,150156.82,1,0.405193266670983
15665861,733,Spain,Male,44,3,106070.89,1,0,1,101617.43,0,0.112506735747345
15662203,579,Germany,Female,42,3,137560.38,2,1,1,85424.34,0,0.286749105856
15616454,476,Germany,Female,34,8,111905.43,1,0,1,197221.81,1,0.204445177563073
15702788,775,France,Male,40,9,126212.64,1,1,0,70196.57,0,0.188845273388238
15778149,538,Spain,Male,68,9,0,2,1,0,110440.5,1,0.583741313245278
15680001,602,France,Male,38,7,111835.94,2,1,0,124389.61,0,0.173289802669392
15711991,615,France,Male,30,8,0,2,0,0,3183.15,0,0.0769395175286811
15633834,700,Germany,Female,28,3,99705.69,2,0,0,146723.72,0,0.278663244720693
15765266,615,France,Male,32,1,0,2,0,0,2139.25,0,0.0960741671778581
15791867,544,Germany,Male,44,2,108895.93,1,0,0,69228.2,1,0.462644672990342
15675380,573,Spain,Male,56,3,154669.77,1,0,1,115462.27,1,0.27806574558546
15770576,555,Spain,Male,50,7,128061,2,1,1,62375.1,0,0.153141562048915
15775294,692,France,Female,31,2,0,2,1,0,91829.17,1,0.134933713059483
15727059,476,France,Female,40,4,0,2,0,0,182547.04,0,0.27105014534793
15702499,770,Spain,Male,46,9,190678.02,1,1,1,14725.36,0,0.128355016719138
15611699,641,France,Female,40,7,0,1,1,0,126996.67,0,0.251937434033807
15654000,705,France,Female,35,5,0,1,1,0,133991.11,1,0.186905650236658
15657881,784,France,Male,38,5,136712.91,1,0,1,169920.92,0,0.0767742800751134
15719991,727,Spain,Female,52,1,154733.97,1,1,0,80259.67,1,0.553334411163445
15720687,576,France,Female,41,4,112609.91,1,0,0,191035.18,1,0.35894962938599
15687079,646,Spain,Male,69,10,115462.44,1,1,0,40421.87,0,0.672132437354354
15582276,638,France,Male,34,5,133501.36,1,0,1,155643.04,0,0.0643967451748736
15763980,632,Germany,Male,30,1,58668.02,1,1,1,78670.52,0,0.0793035837068271
15720774,850,Spain,Male,44,7,89118.26,1,1,0,104240.77,1,0.225264636761813
15592194,492,France,Female,28,9,0,2,1,0,95957.09,0,0.118685813166463
15803685,673,Germany,Female,77,10,76510.52,2,0,1,59595.66,0,0.784934108840129
15759456,609,Spain,Male,34,7,140694.78,2,1,0,46266.63,0,0.14114717865367
15611544,701,Germany,Male,36,7,95448.32,2,1,0,189085.07,0,0.270336070020893
15794257,651,France,Male,34,4,91562.99,1,1,1,123954.15,0,0.0523605008740432
15681697,508,France,Male,31,8,72541.48,1,1,0,129803.08,0,0.116619905168573
15579566,616,Spain,Female,43,3,120867.18,1,1,0,18761.92,1,0.38214664000964
15577970,489,France,Male,34,5,0,1,0,0,43540.59,0,0.129461912394866
15727489,567,Spain,Female,45,1,157320.51,1,1,0,62193.92,0,0.45208959572833
15764284,714,Spain,Male,27,3,0,3,1,1,129130.09,0,0.0212749037892115
15581811,678,Germany,Female,30,1,139676.95,2,0,1,16146,0,0.144416864952318
15622527,581,France,Female,55,6,0,1,1,1,22442.13,0,0.255283378284608
15753362,748,Spain,Male,60,3,0,2,1,1,78194.37,0,0.202275195347081
15666652,781,France,Female,19,3,0,2,1,1,124297.32,0,0.0210979743187511
15789714,691,Spain,Male,21,3,103000.94,1,1,1,104648.58,0,0.0219927026762356
15771543,507,Germany,Male,31,2,134237.07,1,1,1,166423.66,1,0.111799653215651
15748327,724,Germany,Male,34,6,118235.7,2,0,0,157137.23,0,0.252841667025816
15754649,705,Spain,Female,57,3,0,2,1,1,34134.14,0,0.258275270937841
15810460,708,Spain,Female,64,5,0,3,0,1,112520.07,1,0.35156264665592
15771742,580,Germany,Male,38,9,115442.19,2,1,0,128481.5,1,0.306231618662371
15642160,850,France,Male,38,5,0,2,1,0,16491.64,0,0.115855712378357
15798439,714,Spain,Male,25,2,0,1,1,1,132979.43,0,0.0226937465904066
15605293,559,France,Female,43,1,0,2,1,1,196645.87,0,0.134613241906684
15692631,577,Spain,Female,44,8,115557,1,0,1,127506.76,0,0.185029663864601
15665376,647,Germany,Female,35,3,166518.63,2,1,0,147930.46,0,0.429387086639284
15772412,554,Spain,Male,30,6,135370.12,1,1,1,179689.05,1,0.0487541987503416
15654577,549,Germany,Male,54,5,92877.33,1,1,0,2619.64,1,0.608758908684885
15585427,528,France,Female,26,10,102073.67,2,0,0,166799.93,0,0.137042856523144
15584536,720,Germany,Male,46,3,97042.6,1,1,1,133516.51,1,0.230718380488231
15585853,743,Spain,Male,41,7,0,1,1,0,163736.09,1,0.17476557000156
15645271,615,Germany,Male,24,8,108528.07,2,0,0,179488.41,1,0.147072150577438
15579387,635,Germany,Female,44,2,79064.85,2,0,1,113291.75,0,0.297338088592733
15623107,686,Spain,Male,45,3,74274.87,3,1,0,64907.48,1,0.227196403588658
15754072,840,Spain,Female,36,6,0,2,1,0,141364.27,0,0.169053063285577
15666163,695,France,Male,43,1,100421.1,1,1,1,101141.28,0,0.101861834356883
15765192,564,France,Male,26,7,84006.88,2,0,0,183490.99,0,0.0808329560305898
15804822,805,France,Female,31,4,0,2,1,0,4798.12,0,0.117603001900243
15612893,558,Spain,Male,45,4,0,1,1,0,131807.14,0,0.247380883933266
15593636,657,France,Female,39,4,80293.81,1,1,0,97192.76,0,0.284520342410873
15693326,641,France,Female,42,7,125437.14,2,0,0,164128.58,0,0.338059037298554
15809901,755,France,Male,36,8,0,2,1,0,176809.87,0,0.106333087154837
15759751,483,France,Male,48,1,0,2,1,1,110059.38,0,0.113292613383573
15605425,545,Germany,Female,44,2,127536.44,1,1,0,108398.63,0,0.610501079278822
15801934,678,France,Male,66,8,0,2,1,1,47117.03,0,0.262656841878227
15592000,781,Germany,Female,48,9,82794.18,1,1,0,124720.68,1,0.590181780282122
15618695,571,Spain,Female,22,3,108117.1,1,0,1,53328.7,0,0.0458883048848292
15637110,634,Spain,Female,35,10,0,1,1,0,82634.41,0,0.184164680784193
15727408,523,Germany,Male,27,8,61688.61,2,1,0,147059.16,0,0.156503942988674
15716328,501,France,Female,40,2,0,2,0,0,141946.92,0,0.270752861138302
15669060,662,France,Male,74,6,0,2,1,0,123583.85,0,0.676960130720182
15675854,573,Spain,Male,50,0,159304.07,1,0,1,155915.24,1,0.212375614751791
15621116,648,Germany,Male,33,5,138664.24,1,1,0,29076.27,0,0.267186322706887
15781495,662,France,Female,22,2,126362.57,2,1,1,97382.8,0,0.0378828567517852
15740470,725,France,Male,39,4,160652.45,2,1,0,57643.55,0,0.190998509347193
15714391,563,France,Female,35,2,183572.84,1,1,1,66006.75,1,0.122482357168131
15730137,628,France,Male,31,0,88421.81,1,0,0,72350.47,0,0.126768780037254
15596455,546,Spain,Female,45,2,0,1,0,0,197789.83,1,0.386464962768152
15717290,688,Germany,Male,41,2,112871.19,2,0,1,65520.74,0,0.166257608048088
15616555,850,Germany,Male,41,8,60880.68,1,1,0,31825.84,0,0.307491469353011
15659820,614,France,Female,34,5,0,2,1,0,185561.89,0,0.173630084567111
15696301,719,France,Female,37,9,101455.7,1,1,0,25803.59,1,0.232378824134749
15771087,757,France,Female,71,0,88084.13,2,1,1,154337.47,0,0.556542081938423
15808831,669,France,Male,29,7,0,2,1,1,138145.62,0,0.0251228032860308
15812241,438,Germany,Male,59,7,127197.14,1,1,0,51565.98,1,0.71508839432769
15680370,492,France,Male,39,7,0,2,0,1,71323.23,0,0.059166726016868
15780561,622,France,Female,39,9,83456.79,2,0,0,38882.34,0,0.249063601260132
15800784,645,France,Male,42,4,98298.18,1,1,1,676.06,0,0.0867589155899588
15715796,728,France,Male,37,0,0,2,1,1,72203.8,0,0.0469084765912493
15605375,651,France,Male,35,2,86911.8,1,1,0,174094.24,0,0.16059822926079
15621520,783,Germany,Female,42,2,139707.28,1,1,0,2150.22,0,0.530372720140043
15665460,732,Spain,Female,67,1,0,2,1,1,177783.04,0,0.445082984412092
15801152,553,Spain,Female,39,1,142876.98,2,1,0,44363.42,0,0.312919368207935
15756425,660,France,Male,30,7,146301.31,1,0,0,96847.91,0,0.12145112425311
15674328,670,France,Female,40,3,47364.45,1,1,1,148579.43,1,0.119148292308224
15742404,718,France,Male,38,7,0,2,1,0,38308.34,0,0.120033289258491
15757140,787,France,Male,51,0,58137.08,1,0,1,142538.31,0,0.153215733376202
15570051,775,Germany,Female,38,6,179886.41,2,0,0,153122.58,0,0.477233758843316
15669175,479,Germany,Male,24,6,107637.97,2,0,1,169505.83,0,0.0615639717057301
15790324,660,France,Female,20,6,167685.56,1,1,0,57929.9,0,0.101675728176505
15691119,721,Germany,Male,68,4,136525.99,1,0,0,175399.14,0,0.831504497764294
15743478,659,Germany,Male,39,8,52106.33,2,1,1,107964.36,0,0.116460544327866
15707007,743,France,Female,39,8,0,1,1,0,94263.44,0,0.21654323228358
15572547,670,France,Female,45,9,104930.38,1,1,0,155921.81,1,0.383264206967309
15567063,766,Germany,Female,34,6,106434.94,1,0,1,137995.66,1,0.175076143882409
15689633,845,Spain,Female,38,2,112803.92,1,1,0,179631.85,0,0.278345548519316
15720637,710,Germany,Female,46,10,120530.34,1,1,0,166586.99,1,0.583300805122072
15616859,602,Germany,Female,43,2,113641.49,4,1,0,115116.35,1,0.499651923071763
15766166,604,Spain,Male,43,2,145081.72,1,1,1,23881.62,0,0.114734804223977
15617655,564,Spain,Female,35,9,0,2,1,1,105837.38,0,0.0700323104960832
15623450,637,Germany,Female,27,7,135842.89,1,1,1,101418.05,0,0.120250892298677
15796612,527,France,Female,31,1,112203.25,1,1,0,182266.01,0,0.214606303462619
15795963,687,France,Male,34,7,129895.19,1,0,1,28698.17,0,0.0537565345583273
15781598,756,Germany,Male,41,6,149049.92,1,0,1,50422.36,1,0.1751529826627
15691871,503,Germany,Male,42,9,153279.39,1,1,1,151336.96,0,0.211102448140851
15740345,657,Spain,Male,42,5,41473.33,1,1,0,112979.6,1,0.206475878479894
15662626,666,France,Female,40,2,0,2,0,0,36371.27,0,0.242714593042819
15596575,615,Germany,Male,39,5,113193.51,2,1,1,52166.25,0,0.144697369457389
15657321,712,Germany,Male,27,8,113174.21,2,1,0,147261.58,0,0.160238874172633
15575955,764,France,Female,24,0,0,2,1,0,88724.49,0,0.0884957628611109
15743893,471,France,Male,42,3,164951.56,1,1,0,190531.77,0,0.296511444082796
15697270,608,Spain,Male,27,4,153325.1,1,1,1,199953.33,0,0.0424404398595146
15644356,682,Spain,Female,47,10,134032.01,1,1,0,144290.97,0,0.433612254814822
15677586,587,Germany,Female,32,3,125445.04,2,1,1,130514.78,0,0.160057095271745
15571261,714,Germany,Female,35,6,126077.43,2,1,1,53954.24,0,0.170817162368121
15698758,630,Spain,Female,31,1,0,2,1,1,169802.73,0,0.0582388340764009
15787014,648,Germany,Female,28,8,90371.09,1,1,1,146851.73,0,0.110935446745806
15739857,785,France,Female,40,3,0,2,1,1,96832.82,0,0.0874379112770011
15774630,601,Germany,Female,47,1,142802.02,1,1,1,57553.02,0,0.38740172741487
15805523,717,France,Female,28,1,90537.16,1,0,1,74800.99,0,0.0582216519813054
15749557,707,France,Female,44,6,0,2,1,1,192542.17,0,0.118508642001982
15681180,771,France,Female,23,7,156123.73,1,1,0,72990.62,0,0.114561237454684
15742028,602,France,Female,35,5,0,2,1,0,31050.02,0,0.171366807594661
15686463,626,France,Male,38,7,141074.59,1,1,0,52795.56,1,0.192051895343062
15654379,588,Spain,Male,59,4,0,2,1,1,27435.41,0,0.205397767791655
15783629,616,Germany,Female,42,6,117899.95,2,0,0,150266.81,0,0.521271347360603
15751193,621,Spain,Male,33,4,0,2,1,1,40299.23,0,0.0360950372206974
15724099,674,France,Male,26,6,166257.96,1,1,1,149369.41,0,0.0356500593649184
15568429,633,Spain,Female,46,3,0,2,1,0,120250.58,0,0.345101117668162
15648967,698,Germany,Female,64,1,169362.43,1,1,0,84760.32,1,0.870460936130144
15664498,508,France,Male,26,7,205962,1,1,0,156424.4,0,0.118779571466303
15779522,736,France,Female,24,0,0,2,1,0,109355.73,1,0.086513833488502
15583850,672,Germany,Male,68,0,126061.51,2,1,1,184936.77,0,0.616763231666528
15696539,613,France,Female,21,7,105627.95,1,1,1,36560.51,0,0.0350517499104973
15760121,712,France,Male,32,9,100606.02,1,1,0,165693.06,0,0.115739045657108
15628279,624,France,Female,38,3,0,2,1,1,163666.85,0,0.0893369435949085
15766163,676,France,Male,38,1,0,2,0,1,35644.79,0,0.051883432460227
15566467,683,Germany,Female,32,0,138171.1,2,1,1,188203.58,0,0.170363607544958
15639049,489,France,Female,31,7,139395.08,1,0,1,6120.84,0,0.085441978784624
15736413,739,France,Male,29,1,0,2,1,1,164484.78,0,0.0271918261663473
15634815,701,France,Female,37,3,0,2,1,1,164268.28,0,0.0796431036192752
15716381,666,Germany,Female,50,7,109062.28,1,1,1,140136.1,1,0.398227339172809
15708162,565,Germany,Female,40,1,89994.71,2,0,1,121084.27,0,0.251704130756501
15569364,666,France,Male,36,3,0,2,1,0,35156.54,0,0.119738062930137
15791191,633,France,Male,59,2,103996.74,1,1,1,103159.11,0,0.266914028210328
15621205,578,France,Male,34,4,175111.11,1,1,1,74858.3,0,0.0687679757298288
15704788,812,Spain,Female,49,8,66079.45,2,0,0,91556.57,1,0.388863320854144
15775756,809,Germany,Male,33,8,148055.74,1,0,0,199203.21,0,0.258844870339374
15641312,615,France,Male,36,6,0,1,1,1,27011.8,1,0.047149875243923
15782531,684,Spain,Female,31,8,0,2,1,0,188637.05,0,0.133704022424772
15724428,544,France,Male,40,8,0,2,1,0,61581.2,0,0.150492354423113
15743617,713,Germany,Male,47,1,95994.98,1,1,0,197529.23,0,0.491806765438505
15585839,633,France,Male,37,2,0,2,1,0,182258.17,0,0.139777164606535
15658158,672,Germany,Female,23,10,110741.56,1,1,0,80778.5,0,0.20393024539841
15637678,661,France,Male,35,5,0,1,1,0,155394.52,0,0.124045060902659
15701809,749,Spain,Female,28,3,0,1,1,0,3408.7,0,0.117389797434596
15676937,635,Spain,Female,32,8,0,2,1,1,19367.98,1,0.0524917864471899
15778975,850,Germany,Female,70,1,96947.58,3,1,0,62282.99,1,0.858392900428701
15710375,641,France,Male,41,6,0,2,1,0,65396.79,0,0.156424773481532
15579914,633,Germany,Male,30,2,109786.82,2,1,1,139712.81,0,0.0864829460904575
15595160,413,Spain,Male,35,2,0,2,1,1,60972.84,0,0.0512828760513625
15595391,538,France,Male,31,1,0,2,1,0,1375.46,0,0.094111181275701
15630363,437,France,Female,39,0,102721.49,1,0,0,22191.82,0,0.342335952642969
15692443,612,Spain,Male,33,5,69478.57,1,1,0,8973.67,1,0.126195223666105
15593795,516,Germany,Female,53,1,156674.2,1,1,0,118502.34,1,0.772740955675574
15642824,826,Spain,Female,56,8,174506.1,2,0,1,161802.82,1,0.333509242815004
15683524,660,Germany,Female,23,6,166070.48,2,0,0,90494.72,0,0.231141154249555
15713532,646,Germany,Female,29,4,105957.44,1,1,0,15470.91,0,0.295049363565753
15719827,767,France,Male,36,3,0,1,0,0,65147.27,0,0.125619669383064
15578435,640,France,Male,40,8,110340.68,1,1,1,157886.6,0,0.083657425227307
15723028,778,France,Male,33,1,0,2,1,0,85439.73,0,0.0934988151184865
15595609,679,Germany,Male,52,9,135870.01,2,0,0,54038.62,0,0.560673735862154
15622443,549,France,Male,31,4,0,2,0,1,25684.85,0,0.0340582085116261
15579112,598,France,Male,47,2,0,2,1,1,186116.54,0,0.105408018123366
15648479,655,France,Female,45,0,0,2,1,0,166830.71,0,0.328820537059712
15659234,494,France,Male,30,3,85704.95,1,0,1,27886.06,0,0.0453480431934585
15811970,653,France,Female,42,1,0,2,1,1,5768.32,0,0.1049832168946
15774192,539,Germany,Female,38,8,105435.74,1,0,0,80575.44,1,0.462736970291297
15595136,645,France,Female,37,1,0,2,1,1,68987.55,0,0.0821361398779044
15630580,751,Germany,Male,34,9,108513.25,2,1,1,27097.82,0,0.0887898652800957
15660646,528,France,Male,35,3,156687.1,1,1,0,199320.77,0,0.196771804365476
15614365,696,Germany,Male,31,3,150604.52,1,0,0,5566.6,0,0.252201470419403
15776128,716,France,Female,44,6,155114.9,1,0,0,133871.83,0,0.397099598528178
15787035,602,France,Female,35,8,0,2,1,1,152843.53,0,0.0658468390049729
15792646,647,Spain,Female,64,1,91216,1,1,1,41800.18,0,0.464987107577721
15726832,850,Germany,Male,61,3,141784.02,1,1,1,92053.75,0,0.465090470902217
15773260,590,France,Female,32,0,127763.24,1,1,0,100717.54,0,0.223893411568848
15624437,825,Spain,Female,32,1,0,2,1,1,42935.15,0,0.0530291568315897
15717138,850,Spain,Male,31,6,82613.56,2,1,0,149170.92,0,0.0944700440560905
15657317,789,France,Female,32,7,69423.52,1,1,0,107499.39,0,0.166933724317554
15626948,701,France,Female,42,6,86167.82,1,1,0,153342.38,0,0.324890484193913
15758901,713,Spain,Female,47,1,0,1,1,0,107825.08,1,0.367259092400474
15777759,570,France,Male,30,2,131406.56,1,1,1,47952.45,0,0.0461571360333538
15773322,536,Germany,Female,44,4,121898.82,1,0,0,131007.18,0,0.603738312771214
15697318,771,Germany,Male,32,9,77487.2,1,0,0,33143.04,0,0.20407912133145
15678916,512,France,Female,75,2,0,1,1,0,123304.62,0,0.832509979826488
15632118,698,Spain,Male,45,5,164450.94,1,1,0,141970.02,1,0.312283750747502
15788118,656,France,Male,33,7,138705.02,2,1,0,37136.15,0,0.123235413631988
15788930,761,Spain,Male,37,7,132730.17,1,1,0,199293.01,0,0.176234583953177
15628583,709,France,Female,30,5,0,2,0,1,161388.22,0,0.0498443069071371
15635177,597,Spain,Female,66,3,0,1,1,1,70532.53,0,0.455573164403821
15587690,592,France,Male,28,2,116498.22,1,1,0,144290.25,0,0.113496218442193
15627630,599,France,Female,41,1,0,2,1,0,96069.82,0,0.266593920670974
15610930,572,Germany,Female,35,1,139979.07,1,1,0,185662.84,0,0.465486126672323
15657747,611,Germany,Female,43,9,127216.31,2,0,1,17913.25,0,0.275068465020881
15568006,634,France,Female,45,2,0,4,1,0,101039.53,1,0.279913808427323
15751748,666,France,Male,51,2,148222.65,1,0,0,156953.54,1,0.415790529391348
15722212,696,France,Female,41,8,0,2,0,0,28276.83,0,0.231333300452208
15658670,669,France,Female,38,8,0,2,1,0,84049.16,0,0.197360543224917
15761654,726,Spain,Male,30,8,134152.29,1,1,1,147822.44,0,0.0417485237269816
15812210,497,Germany,Female,32,8,111537.23,4,1,1,9497.99,1,0.11803809121933
15787051,750,Spain,Female,39,7,119565.92,1,1,0,87067.73,0,0.278991394870767
15642991,850,Spain,Female,29,7,0,2,1,0,23237.25,0,0.104124600631652
15713769,617,Spain,Male,38,7,0,1,1,1,27239.28,0,0.0540724062636156
15605826,652,Germany,Male,46,10,121063.8,3,1,0,151481.86,1,0.417817365841517
15648898,560,Spain,Female,27,7,124995.98,1,1,1,114669.79,0,0.0625541196059603
15705309,629,Spain,Male,39,5,0,2,0,0,116748.14,0,0.154532604594841
15734202,660,Germany,Female,52,4,86891.84,1,1,0,90877.76,0,0.684232382681743
15658852,676,France,Male,38,8,0,2,1,1,133692.88,0,0.0479949884742434
15612633,581,Spain,Male,43,9,78022.61,1,0,1,30662.91,0,0.0973382845227579
15604818,798,France,Male,34,9,154495.79,1,1,0,191395.88,0,0.148017285229464
15593900,705,France,Male,38,1,189443.72,1,0,1,106648.58,0,0.0957389637364495
15624995,714,Spain,Female,31,6,152926.6,1,1,1,50899.91,0,0.079145127775993
15570087,664,France,Female,44,8,142989.69,1,1,1,115452.51,1,0.179040222091096
15802617,697,Germany,Male,43,7,115371.94,2,1,0,64139.1,0,0.368274710594975
15656029,609,France,Male,37,6,0,2,0,1,22030.72,0,0.0478201396207504
15739194,548,Spain,Male,38,0,178056.54,2,1,0,38434.73,0,0.220568605545703
15607275,850,Spain,Male,39,6,206014.94,2,0,1,42774.84,1,0.0826761845954366
15629475,656,France,Male,41,2,0,2,1,0,158973.77,0,0.173024361004465
15635034,727,Germany,Male,37,9,101191.83,1,1,1,34551.35,1,0.118168914106452
15756333,642,France,Female,55,7,0,2,1,1,101515.76,0,0.226996421338526
15777436,710,Spain,Female,31,5,0,2,1,0,9561.73,0,0.127480086931946
15676835,710,Spain,Male,33,1,0,2,1,0,168313.17,0,0.105375636268072
15574206,718,France,Female,37,7,0,2,1,1,55100.09,0,0.0717815116569296
15613017,586,Germany,Male,32,1,149814.54,1,1,0,31830.06,0,0.280193418010233
15815131,617,Spain,Female,36,7,115617.24,1,1,1,71519.4,0,0.101570557692738
15585455,630,France,Male,28,9,0,2,0,0,32599.35,0,0.0685865585864454
15692929,791,Germany,Female,42,10,113657.41,2,0,1,139946.68,1,0.238047102676782
15758081,673,Spain,Male,39,8,138160,1,1,1,110468.51,0,0.079417735726186
15667476,477,Germany,Female,36,3,117700.86,1,0,0,74042,0,0.470969189941636
15738248,662,France,Female,37,5,0,2,1,0,151871.84,0,0.19609453903078
15672152,850,Germany,Male,37,9,122506.38,1,0,1,199693.84,1,0.127891313565472
15673372,635,France,Female,58,1,0,1,1,1,58907.08,1,0.309164130287488
15587611,537,France,Male,59,9,0,2,0,0,103799.77,1,0.435782892161855
15803415,579,France,Female,39,3,166501.17,2,1,0,93835.64,0,0.313151825569456
15715673,651,Spain,Female,46,4,89743.05,1,1,0,156425.57,1,0.412787985201704
15655648,610,France,Female,25,2,0,2,1,0,123723.83,0,0.100398333001685
15763613,581,France,Male,30,1,0,2,1,0,199464.08,0,0.089978727753919
15660385,592,France,Male,39,7,0,2,1,0,83084.33,0,0.142806974377462
15733261,688,Spain,Female,35,6,0,1,1,0,25488.43,1,0.180451864747394
15796231,681,France,Female,18,1,98894.39,1,1,1,9596.4,0,0.0282058526926714
15624866,658,Germany,Male,37,3,168735.74,2,0,0,70370.24,0,0.34295488784726
15623730,792,France,Male,34,1,0,1,0,1,86330.32,0,0.0426820245604839
15668248,528,Germany,Female,62,7,133201.17,1,0,0,168507.68,1,0.853569014376928
15694518,624,Spain,Female,36,0,0,2,1,0,111605.9,0,0.205683909928689
15638028,562,Germany,Male,31,4,127237.25,2,0,1,143317.42,0,0.100532443534745
15795895,678,Germany,Male,36,1,117864.85,2,1,0,27619.06,0,0.279021527356396
15694376,705,Germany,Female,64,3,153469.26,3,0,0,146573.66,1,0.843923020722307
15669204,650,Germany,Male,23,4,93911.3,2,1,0,69055.45,0,0.126340823881871
15773779,593,Spain,Female,46,2,76597.79,1,1,1,54453.72,0,0.188978203394759
15580682,652,France,Female,40,4,79927.36,2,1,1,33524.6,0,0.113912699491102
15768530,554,Spain,Female,27,4,0,2,1,1,135083.73,0,0.0428326722412545
15672875,584,Germany,Male,32,8,40172.91,1,1,1,137439.34,0,0.08449913650937
15617082,516,France,Male,33,7,115195.58,1,1,1,11205.5,0,0.0535228924541411
15760514,789,Germany,Female,43,9,116644.29,2,1,1,60176.1,0,0.237287088625111
15761775,598,Germany,Male,20,8,180293.84,2,1,1,29552.7,0,0.0442297999958777
15799964,669,Germany,Female,30,7,139872.81,1,1,0,188795.85,0,0.329370805812774
15693906,645,France,Female,24,3,34547.82,1,1,1,11638.17,0,0.0372295020948231
15739514,659,France,Female,32,9,0,2,1,1,93155.75,0,0.0501664218880579
15756926,833,Germany,Male,29,1,96462.25,2,0,1,48986.18,0,0.0674060356692766
15770984,697,Spain,Female,40,7,130334.35,2,0,1,116951.1,0,0.127241995257953
15703979,580,Germany,Male,39,3,119688.81,1,1,0,137041.26,0,0.374120733579978
15801821,691,France,Male,38,1,0,2,0,0,44653.5,0,0.136471820284454
15711028,534,France,Male,52,1,0,3,1,1,104035.41,1,0.131013505996276
15791842,478,France,Female,32,6,71187.24,1,1,1,110593.62,0,0.0766283224050746
15746127,572,France,Female,47,2,0,2,1,0,36099.7,0,0.346625743509577
15663625,501,France,Male,37,4,0,2,0,0,12470.3,0,0.139626651212493
15604891,624,Spain,Female,38,8,0,2,1,0,95403.41,0,0.211128722960079
15589666,595,France,Female,39,9,136422.41,1,1,1,151757.81,0,0.134549337450583
15627881,603,France,Male,30,8,0,2,1,1,47536.46,0,0.0278067100050077
15664895,602,France,Female,25,0,0,2,1,1,101274.17,0,0.0375311978755141
15676094,500,France,Female,34,6,0,1,1,1,140268.45,0,0.0758076916373775
15761720,422,France,Male,41,6,153238.88,1,1,0,11663.09,0,0.254572518243546
15611961,615,France,Male,35,7,0,2,1,0,150784.29,0,0.113769107305302
15680167,635,France,Female,78,6,47536.4,1,1,1,119400.08,0,0.673252234172896
15762543,711,France,Female,32,1,0,2,1,0,126188.42,0,0.146549808693188
15658475,834,France,Male,36,8,142882.49,1,1,0,89983.02,1,0.153603006536432
15779743,633,France,Female,44,7,0,2,1,0,29761.29,0,0.27196078698306
15661532,650,France,Female,31,1,160566.11,2,0,0,27073.81,0,0.206273059582738
15782360,743,Germany,Male,65,2,131935.51,1,1,1,96399.67,1,0.549818563009748
15767908,567,France,Male,38,6,127678.8,2,0,0,45422.89,0,0.182837840404096
15677105,706,Germany,Female,46,4,105214.58,1,1,0,108699.59,1,0.593429399801428
15641474,638,France,Male,46,9,139859.54,1,1,0,38967.29,0,0.29047656765168
15624451,641,France,Female,38,3,0,2,1,0,116466.19,0,0.217649049005963
15577985,574,France,Female,34,5,112324.45,2,1,1,17993.43,0,0.0852260274830811
15571666,642,Germany,Male,30,8,134497.27,1,0,0,43250.54,0,0.2285366223999
15783691,722,Spain,Female,35,1,120171.58,1,1,0,125240.8,0,0.248877267947401
15671172,623,France,Male,23,1,106012.2,2,0,1,191415.94,0,0.027077774033343
15731760,681,France,Male,25,5,0,1,0,1,90860.97,0,0.0222884032937588
15585599,530,France,Female,34,8,0,2,0,1,141872.52,0,0.0701883914227135
15784958,797,France,Female,55,10,0,4,1,1,49418.87,1,0.166309648622613
15734524,653,France,Male,51,3,0,1,1,0,170426.65,1,0.316064860499602
15614103,850,Germany,Male,42,8,119839.69,1,0,1,51016.02,1,0.167421525290686
15794895,581,Spain,Male,34,1,0,2,0,1,81175.25,0,0.0437967528438671
15772381,589,Germany,Male,38,8,92219.21,1,1,0,99106.97,0,0.313886567301723
15710553,555,Germany,Male,48,3,142055.41,2,0,1,79134.78,0,0.279771242345076
15649292,748,France,Female,49,7,29602.08,1,0,0,163550.58,1,0.407642953892127
15792565,745,France,Female,46,7,0,2,1,1,67769.94,0,0.121921192209071
15718245,730,France,Male,34,1,0,2,1,1,126592.01,0,0.0383727679163508
15703117,565,France,Female,44,1,0,2,0,1,89602.81,0,0.13895071387744
15758136,778,France,Male,37,3,141803.77,1,0,1,179421.84,0,0.0736424962956208
15799932,812,France,Male,24,10,0,2,1,1,156906.15,0,0.0154584112364763
15633516,526,France,Male,42,1,0,1,0,1,168486.02,0,0.0899642993423096
15622532,708,France,Female,47,0,126589.12,2,0,1,132730.07,1,0.212479890668101
15798960,680,France,Male,33,2,108393.35,1,0,1,39057.67,0,0.0517431169624216
15698664,567,Spain,Male,43,2,115643.58,2,0,0,174606.35,0,0.271854963352454
15703614,564,Spain,Male,48,5,132876.23,1,1,0,79259.77,0,0.35108095978288
15699195,709,France,Female,24,3,110949.41,1,1,1,168515.61,0,0.0465458122681405
15710543,629,France,Male,46,1,130666.2,1,1,1,161125.67,1,0.139726031249416
15695499,510,France,Female,45,10,103821.47,2,0,1,77878.62,0,0.169468262116435
15622321,506,France,Female,32,3,0,1,1,1,80823.02,0,0.0680631571089317
15715744,605,France,Male,39,7,0,1,0,1,119348.28,0,0.06143273944269
15788151,650,Spain,Male,32,1,132187.73,2,1,1,178331.36,0,0.0509867151906857
15687153,850,Germany,Male,49,8,98649.55,1,1,0,119174.88,1,0.473295776555006
15684958,489,Germany,Male,38,2,126444.08,2,1,1,82662.73,0,0.155630050305853
15706116,659,Germany,Female,30,8,154159.51,1,1,0,40441.1,0,0.325166033072321
15740557,753,France,Female,43,5,0,2,1,0,109881.71,0,0.258043038697407
15707291,477,Germany,Male,48,8,129250,2,1,1,157937.35,0,0.266206585227707
15583353,610,Spain,Female,45,3,0,1,1,0,38276.84,1,0.345141497626722
15761024,619,France,Female,33,2,167733.51,2,1,1,65222.48,0,0.0905075080543124
15630709,619,Germany,Female,31,2,56116.3,2,0,0,2181.94,0,0.300077779776472
15639590,758,France,Female,30,3,141581.08,1,1,0,156249.06,0,0.189982228170711
15659399,516,Germany,Male,50,7,139675.07,2,1,0,45591.23,0,0.545517502184311
15567078,789,France,Female,27,8,66201.96,1,1,1,79458.12,0,0.0447419084113027
15696373,687,France,Female,44,9,0,2,0,0,103042.2,1,0.278968129170615
15786617,485,Germany,Male,34,3,133658.24,1,1,0,70209.83,0,0.303161292932257
15657449,446,Germany,Male,25,3,136202.78,1,1,0,176743.51,0,0.202866339616194
15672594,597,France,Female,60,0,131778.08,1,0,0,10703.53,1,0.695807604929128
15714240,712,Spain,Male,74,5,0,2,0,0,151425.82,0,0.691032835529818
15782144,522,France,Female,34,3,0,2,1,1,3894.34,0,0.0652142084856592
15665008,805,Germany,Female,26,8,42712.87,2,1,1,28861.69,0,0.0702344507086164
15581733,781,France,Female,28,4,0,2,1,0,177703.15,0,0.111551701646568
15751392,689,Spain,Female,57,4,0,2,1,0,136649.8,1,0.516456963090583
15785815,670,Germany,Male,31,1,142631.54,2,1,1,175894.24,0,0.0959187041738862
15664214,670,France,Male,33,2,141204.65,2,1,0,76257.46,0,0.137848300490444
15579996,524,Germany,Female,25,7,131402.21,1,0,0,193668.49,0,0.290182700548698
15675252,734,Spain,Female,39,3,92636.96,2,1,1,125671.29,0,0.11161896103814
15579617,489,France,Female,51,3,0,2,0,1,174098.28,1,0.227421405043327
15593976,578,Germany,Female,31,5,102088.68,4,0,0,187866.21,1,0.299531823179873
15716041,622,Spain,Male,39,9,0,2,0,1,100862.36,0,0.0549417623922221
15654489,843,France,Female,38,8,134887.53,1,1,1,10804.04,0,0.102227315527612
15736302,687,France,Male,48,4,0,2,1,1,170893.85,0,0.0992287633453852
15805909,700,Spain,Male,28,8,159900.38,1,0,0,22698.56,0,0.104803081009027
15572762,410,Germany,Female,50,2,102278.79,2,1,0,89822.48,0,0.691587035393098
15724632,537,France,Female,41,0,0,2,0,1,175262.49,0,0.122215405654098
15670416,780,France,Female,43,0,0,1,0,1,15705.27,0,0.124556329875296
15749528,652,Spain,Male,58,6,0,2,0,1,170025.43,0,0.196164269113892
15578783,620,Germany,Male,35,0,76989.97,1,1,1,17242.79,0,0.119499479384792
15580719,697,France,Female,23,10,0,2,1,1,79734.23,0,0.0265567192863201
15656293,786,France,Male,35,3,0,2,1,0,92712.97,0,0.105034360944177
15691875,850,Germany,Female,39,5,114491.82,1,1,0,99689.48,0,0.443567594701227
15596870,749,Germany,Male,54,3,144768.94,1,1,0,93336.3,1,0.631011227460211
15780770,445,France,Male,31,7,145056.59,1,1,1,175893.53,0,0.0544064764018532
15751491,443,Germany,Male,50,3,117206.3,1,1,0,42840.18,1,0.577352010941814
15706200,637,Germany,Male,41,2,138014.4,2,1,0,140298.24,0,0.390986293855112
15808674,616,Germany,Female,45,6,128352.59,3,1,1,144000.59,1,0.288780127844593
15641411,756,France,Female,23,1,112568.31,1,1,1,113408.11,0,0.0431503385285414
15764661,644,France,Male,33,2,0,1,1,0,96420.58,0,0.10883272119906
15689492,850,Germany,Male,41,1,176958.46,2,0,1,125806.3,0,0.182549379835399
15602405,703,Germany,Female,38,9,99167.54,1,1,0,65720.92,0,0.425844881256316
15610271,684,Spain,Female,42,3,103210.27,1,1,0,31002.03,0,0.343655259525296
15791780,706,Germany,Female,48,10,104478.12,3,0,1,158248.71,1,0.307258604769629
15589147,580,Spain,Male,61,8,125921.37,1,1,1,94677.83,0,0.313476663345716
15756975,777,Spain,Female,35,3,0,2,1,1,17257.72,0,0.0622924976194871
15729582,676,Germany,Male,48,3,80697.44,1,0,0,101397.86,0,0.498756623021505
15742971,708,France,Female,44,2,161887.81,2,1,0,84870.23,0,0.37933991793011
15568046,809,France,Male,24,7,109558.36,1,1,0,183515.13,0,0.0714174440099549
15694890,588,France,Male,38,1,124271.26,1,1,0,75969.19,0,0.205790176495138
15736963,623,France,Male,43,1,0,2,1,1,146379.3,0,0.0765047352724815
15646490,537,Spain,Male,42,1,190569.23,1,0,1,127154.8,0,0.140823486628716
15607314,536,Spain,Male,53,2,143923.96,1,1,0,2019.78,1,0.458322939865417
15576745,769,France,Male,48,2,96542.16,2,0,1,197885.72,0,0.133102768821774
15669606,690,France,Male,33,5,0,2,1,0,138017.68,0,0.0964307239859989
15737832,771,Spain,Male,45,0,139825.56,1,0,0,170984.97,1,0.311988716455345
15681990,497,Germany,Male,24,6,111769.14,2,1,0,55859.27,0,0.147559769018558
15758050,622,Spain,Male,37,4,0,2,1,0,4459.5,0,0.125840498917845
15787848,602,Spain,Male,30,9,113672.18,2,0,0,102135.92,0,0.106231723155161
15713594,543,France,Female,32,7,147256.86,1,1,0,112771.95,0,0.222507555532214
15588186,520,Spain,Male,45,7,107023.03,1,1,0,32903.93,0,0.290008868884246
15786739,669,France,Male,37,1,125529.55,1,1,1,162260.93,0,0.0736660272819419
15699467,631,Spain,Female,41,0,0,1,0,0,87959.83,0,0.297748903326842
15680706,537,Germany,Male,48,4,131834.8,1,1,0,166476.95,1,0.551045382725401
15645717,732,France,Male,62,2,0,2,1,1,25438.87,0,0.225753477975395
15748597,844,Spain,Male,56,5,99529.7,1,0,1,157230.06,1,0.212373974210746
15773709,838,Spain,Male,35,0,0,2,0,1,197305.91,0,0.042943224206618
15629787,652,France,Male,27,10,107303.72,2,0,0,44435.76,0,0.0804941650413911
15661007,660,France,Male,33,0,72783.42,1,0,0,181051.99,0,0.144805197182761
15686812,692,Spain,Female,44,8,0,1,0,1,159069.37,0,0.136299087900337
15754113,588,France,Female,35,0,0,2,1,1,155485.24,0,0.0755137202074862
15749489,533,Germany,Female,22,10,115743.6,1,0,0,43852.05,0,0.209967329597699
15574352,850,France,Male,43,4,161256.53,1,1,1,140071.57,0,0.106691983762458
15701281,511,France,Male,27,8,0,2,1,1,49089.36,0,0.0234379938837486
15811985,530,Spain,Male,44,6,0,2,0,0,55893.37,0,0.206936551924988
15713505,554,France,Male,31,1,0,2,0,1,192660.55,0,0.037571141984222
15685653,585,Germany,Female,40,3,162261.01,2,1,0,137028.51,0,0.52466647018233
15758831,754,France,Male,39,3,74896.33,1,0,0,34430.16,0,0.176306577060552
15618774,474,France,Male,54,3,0,1,1,0,108409.17,1,0.393130828719349
15764448,837,Germany,Male,35,0,144037.6,1,1,0,145325.32,0,0.293910845687051
15611024,567,France,Female,23,9,93522.2,1,0,1,81425.61,0,0.0425685945086805
15738220,800,Spain,Male,38,1,0,2,1,0,51553.43,0,0.129204598115515
15805764,646,France,Male,18,10,0,2,0,1,52795.15,0,0.0111384944323612
15580487,627,Germany,Male,38,8,106922.92,2,0,1,84270.09,0,0.135098984814636
15675787,505,France,Male,26,8,112972.57,1,1,0,145011.62,0,0.0935396940813079
15583580,566,Germany,Female,35,1,123042,1,1,0,66245.44,1,0.442854079827205
15780654,619,Germany,Female,33,3,100488.92,2,0,1,36446.74,0,0.15458089129656
15695034,757,France,Female,44,4,123322.15,1,1,0,137136.29,0,0.373029131478575
15805671,648,France,Male,32,0,0,1,0,1,117323.31,0,0.0400553719185398
15790658,621,Spain,Male,42,8,68683.68,1,1,1,74157.71,0,0.0826855157962602
15578648,543,Germany,Male,49,6,59532.18,1,1,0,104253.56,0,0.512004023801773
15734987,658,France,Female,43,7,140260.36,2,1,0,2748.72,0,0.330377757637748
15721740,633,Germany,Male,50,7,88302.65,1,1,1,195937.16,0,0.279241908850323
15641822,648,France,Female,19,1,0,2,0,1,22101.86,0,0.0237991588161764
15765650,501,Germany,Male,40,5,114655.58,1,0,0,126535.92,0,0.39887871401062
15788556,683,France,Female,42,4,148283.94,1,1,1,44692.63,1,0.155156896788302
15576550,619,Spain,Female,38,1,0,1,1,0,112442.63,1,0.252427608397582
15622230,705,France,Female,35,3,0,2,0,1,66331.01,0,0.0695338868134194
15653937,638,Germany,Female,53,1,123916.67,1,1,0,16657.68,1,0.729321984905144
15743538,710,France,Female,31,1,0,2,1,0,20081.3,0,0.132335054162557
15591740,590,France,Female,54,4,0,2,1,1,93820.49,1,0.235796390488198
15650086,725,France,Male,43,2,165896,2,1,0,130795.52,0,0.259689842438504
15718773,638,France,Female,32,0,0,2,1,0,160129.99,0,0.158517495315718
15615140,791,France,Male,36,6,111168.97,1,1,1,189969.91,0,0.0603687040454472
15644361,702,France,Female,40,1,103549.24,1,0,0,9712.52,1,0.314253657517075
15774536,607,France,Female,32,6,0,2,0,0,196062.01,0,0.154949027210023
15618661,535,France,Male,30,6,103804.97,1,1,1,125710.53,0,0.0446910174792348
15605020,651,France,Male,45,2,165901.59,2,1,0,23054.51,1,0.290438023982806
15762134,506,Germany,Male,59,8,119152.1,2,1,1,170679.74,0,0.433366798952726
15685279,511,Spain,Female,57,8,122950.31,1,1,1,181258.76,0,0.379545291006777
15582849,757,France,Female,51,1,0,1,1,1,22835.13,1,0.199714305756489
15655410,768,Germany,Male,49,1,133384.66,1,1,0,102397.22,1,0.537775757378846
15649129,757,France,Male,32,9,0,2,1,0,115950.96,0,0.0813400409272964
15702380,663,Spain,Male,64,6,0,2,0,1,15876.52,0,0.260407966877929
15759067,537,Germany,Female,37,7,158411.95,4,1,1,117690.58,1,0.187184926397679
15683027,570,Germany,Male,29,4,122028.65,2,1,1,173792.77,0,0.083287916584554
15597487,850,France,Female,35,5,0,1,1,1,80992.8,0,0.0657873048396115
15763256,661,Germany,Female,64,8,128751.65,2,1,0,189398.18,1,0.83620077298171
15620111,659,France,Male,54,8,133436.52,1,1,0,56787.8,0,0.422648930710675
15623053,454,Spain,Male,40,2,123177.01,1,1,0,148309.98,0,0.260076580908397
15595592,708,France,Female,59,2,0,1,1,0,179673.11,1,0.588710213146692
15740072,720,France,Female,37,2,120328.88,2,1,1,138470.21,0,0.102706574894355
15778005,785,France,Female,39,1,130147.98,1,1,0,163798.41,1,0.300615521225026
15583278,743,Spain,Female,36,8,92716.96,1,1,1,33693.78,0,0.0913278595379148
15601263,493,Spain,Female,48,7,0,2,1,0,48545.1,0,0.375332249509803
15709222,557,Spain,Male,34,3,0,1,0,1,123427.98,0,0.0494928938392903
15713949,850,France,Male,40,1,76914.21,1,1,0,174183.44,0,0.188234004977809
15717706,799,France,Female,32,3,106045.92,2,1,1,17938,0,0.0635694693796026
15756071,756,France,Male,34,1,103133.26,1,1,1,90059.04,0,0.0524654345182399
15696564,752,France,Male,38,0,145974.79,2,1,1,137694.23,0,0.0735105259835676
15657637,696,Spain,Female,36,3,0,3,1,0,65039.9,0,0.173455179956571
15755863,630,Spain,Female,49,1,0,2,0,1,162858.29,0,0.190474844150886
15719858,659,Spain,Female,38,9,0,2,1,1,35701.06,0,0.0764062721260673
15688876,685,Spain,Male,39,9,0,2,1,1,18826.06,0,0.0490196941145309
15698528,599,Spain,Female,31,3,0,1,1,1,130086.47,1,0.0622389250349672
15770345,559,Spain,Female,31,1,139183.06,1,0,1,143360.56,0,0.0949624912036518
15761506,615,Spain,Male,19,5,0,2,1,0,159920.92,0,0.0397698592883732
15716619,580,Germany,Female,36,3,74974.89,1,1,1,12099.67,0,0.18824541319855
15788367,487,Spain,Male,44,6,61691.45,1,1,1,53087.98,0,0.102691705093522
15709451,646,Germany,Female,35,1,121952.75,2,1,1,142839.82,0,0.188697723501741
15640421,811,France,Female,35,7,0,1,1,1,178.19,0,0.0623964554003565
15580068,526,Spain,Male,35,5,0,2,1,1,105618.14,0,0.0467323679634065
15677123,767,Spain,Male,37,7,0,2,1,1,24734.25,0,0.0419926657538058
15619801,548,France,Female,33,1,80107.83,2,0,1,82245.67,0,0.084431546189983
15582246,737,Spain,Female,45,2,0,2,0,1,177695.67,0,0.145256475835124
15711843,613,Germany,Male,40,1,147856.82,3,0,0,107961.11,1,0.370334110132655
15680046,711,Spain,Male,36,8,0,2,1,0,55207.41,0,0.110150139898617
15804131,850,Spain,Female,53,7,65407.16,2,0,0,182633.63,1,0.461529447943812
15722611,752,France,Female,53,8,114233.18,1,1,1,51587.04,0,0.254698953049913
15729224,710,France,Female,37,5,0,2,1,0,115403.31,0,0.188744500635817
15811588,664,Spain,Female,53,7,187602.18,1,1,0,186392.99,1,0.585802875080846
15702138,510,France,Female,22,3,156834.34,1,0,0,44374.44,0,0.13568425566778
15749799,577,France,Female,34,2,0,2,1,1,84033.35,0,0.0668643699292668
15752885,529,France,Male,42,1,157498.9,1,1,1,82276.62,0,0.117053668815396
15674932,757,Spain,Female,44,9,0,2,1,0,177528.92,0,0.275880833268721
15743828,691,France,Male,41,2,0,1,1,1,56850.92,1,0.0665118383622389
15642022,621,Spain,Male,34,8,0,1,0,0,47972.65,0,0.116986829744881
15746461,709,Spain,Male,35,2,0,2,1,0,104982.39,0,0.113266359711971
15809991,756,Spain,Male,19,4,130274.22,1,1,1,133535.29,0,0.0194714499895368
15787322,788,France,Female,41,6,0,1,1,1,25571.37,0,0.0937717740378469
15575498,705,France,Female,39,5,149379.66,2,1,0,96075.55,0,0.292045990414763
15691387,483,France,Male,29,9,0,1,1,1,81634.45,0,0.0304149703330399
15765457,719,Spain,Male,35,1,100829.94,1,1,1,165008.97,0,0.0610323620157232
15666173,793,Germany,Female,32,1,96408.98,1,1,1,138191.81,0,0.150408662452544
15627377,593,France,Male,41,6,0,2,1,1,99136.49,0,0.063537678789185
15656683,551,France,Male,52,1,0,1,0,0,63584.55,1,0.357797355207872
15679810,690,France,Male,39,6,0,2,1,0,160532.88,0,0.140762609632886
15606310,823,France,Male,71,5,149105.08,1,0,1,162683.06,0,0.482372344306053
15756871,512,Spain,Male,39,3,0,1,1,0,134878.19,0,0.176733479807886
15610002,802,Spain,Male,41,5,0,2,1,1,134626.3,0,0.0597035626873212
15567802,450,Spain,Female,34,2,0,2,1,0,175480.93,0,0.206132083265781
15745452,651,Germany,Male,41,1,90218.11,1,1,0,174337.68,0,0.388237033217571
15617252,697,France,Female,33,1,87347.7,1,1,0,172524.51,0,0.216161205069221
15753248,611,France,Male,28,2,0,2,0,0,25395.83,0,0.0736845538829242
15610755,643,France,Female,33,0,137811.75,1,1,1,184856.89,0,0.102356233956096
15662238,822,France,Male,37,3,105563,1,1,0,182624.93,0,0.167978036107648
15799186,632,France,Male,38,4,0,2,0,0,192505.62,0,0.144153302702915
15686941,575,Spain,Female,26,7,0,2,1,0,112507.63,0,0.103828425832527
15601172,672,France,Male,31,6,91125.75,1,1,0,177295.92,0,0.118263126752749
15723858,517,Spain,Male,39,3,0,2,0,1,12465.51,0,0.0615795448176431
15615896,621,Spain,Male,39,8,0,2,1,0,36122.96,0,0.141427269924426
15737647,775,Germany,Female,77,6,135120.56,1,1,0,37836.64,0,0.929753014966602
15582841,600,France,Male,29,8,0,2,0,1,34747.43,0,0.0272860574511356
15760090,640,France,Male,28,7,0,2,1,1,131097.9,0,0.0240670828379926
15588587,752,France,Female,36,1,86837.95,1,1,1,105280.55,0,0.0989758527454809
15683157,613,France,Male,26,4,100446.57,1,0,1,149653.81,0,0.034171625854275
15694209,484,France,Female,32,3,0,2,1,1,139390.99,0,0.0633333653441707
15655875,511,France,Female,33,3,0,2,1,0,132436.71,0,0.174088640762916
15805704,745,France,Female,32,2,0,4,0,1,179705.13,1,0.0466008988792517
15744789,786,Spain,Female,32,6,114512.59,1,1,0,15796.66,0,0.181939736373494
15799357,727,France,Male,35,5,136364.46,1,0,0,142754.71,0,0.162070466070568
15726153,622,France,Male,31,5,106260.67,1,1,1,2578.43,0,0.0425734226560795
15713346,794,France,Male,24,10,146126.75,1,1,1,88992.05,0,0.024926444551478
15665053,636,Spain,Male,52,4,111284.53,1,0,1,32936.44,1,0.189324777749072
15592379,741,Spain,Female,42,9,121056.63,2,1,0,39122.58,0,0.304320967291408
15692599,687,France,Male,34,5,128270.56,1,1,0,191092.62,0,0.153889331920495
15620758,660,Spain,Male,30,4,0,2,1,0,129149.06,0,0.0850180592298797
15637428,660,France,Male,35,7,0,2,1,0,13218.6,0,0.103750620282661
15808389,617,France,Female,79,7,0,1,1,1,160589.18,0,0.657659999206105
15807003,762,France,Male,32,10,191775.65,1,1,0,179657.83,0,0.136052706287907
15702912,752,Spain,Female,35,2,0,1,1,0,44335.54,1,0.186222177113119
15590623,561,Spain,Male,34,4,85141.79,2,1,1,29217.37,0,0.0515944462520646
15728078,609,France,Male,26,10,126392.18,1,0,1,43651.49,0,0.0313706608453645
15708256,803,France,Male,28,3,0,2,1,0,159654,0,0.0663568306954937
15582335,556,France,Female,40,9,129860.37,1,0,0,17992.94,0,0.327032895611329
15649150,531,France,Female,53,5,127642.44,1,1,0,141501.45,1,0.573304312578275
15691647,411,France,Female,35,2,0,2,1,1,93825.78,0,0.0807251872482244
15668270,587,Germany,Female,44,5,125584.17,2,1,1,41852.24,1,0.297886517327993
15624820,683,Spain,Male,56,7,50911.21,3,0,0,97629.31,1,0.380669179516076
15736254,654,France,Male,29,2,91955.61,1,1,0,37065.66,0,0.101586272507272
15720814,670,Germany,Female,36,2,84266.44,2,0,0,38614.69,0,0.389539389137807
15642997,655,France,Female,36,2,147149.59,1,1,1,87816.86,0,0.116688452085874
15693200,752,France,Female,36,7,0,2,1,0,184866.86,0,0.175410930370875
15624596,534,France,Female,23,5,104822.45,1,0,1,160176.47,0,0.0491388248417018
15807167,635,France,Male,42,1,146766.72,2,0,1,164357.1,0,0.104374564255944
15660301,491,Germany,Male,70,6,148745.92,2,1,1,17818.33,0,0.646631516918963
15593094,516,France,Male,27,9,0,1,1,0,142680.64,1,0.0759736706565664
15618239,530,France,Female,48,0,0,1,1,0,85081.09,0,0.415195923334465
15574137,687,Spain,Male,35,3,0,2,1,1,176450.19,0,0.0450121649822489
15614740,684,France,Female,41,6,135203.81,2,1,1,121967.88,0,0.135562455662938
15574071,706,Germany,Male,23,2,93301.97,2,0,1,127187.04,0,0.0513054566399256
15671148,490,Germany,Male,33,5,96341,2,0,0,108313.34,0,0.260124568865539
15721921,796,France,Male,44,8,165326.2,1,1,1,57205.55,0,0.104459635407361
15717995,849,France,Male,27,0,0,2,0,1,157891.86,0,0.0233692433486069
15632050,779,France,Female,41,10,99786.2,1,1,0,86927.53,0,0.285389542823383
15647111,794,Spain,Female,22,4,114440.24,1,1,1,107753.07,0,0.0388193865815127
15759991,748,Spain,Male,36,4,141573.55,1,1,0,82158.14,0,0.170222188262235
15790204,663,Spain,Female,22,9,0,1,1,0,29135.89,1,0.0756304596205887
15686780,645,Spain,Female,55,1,133676.65,1,0,1,17095.49,0,0.34972077859694
15640491,464,France,Female,33,10,147493.7,2,1,0,100447.53,0,0.22076278449279
15783225,737,France,Male,54,9,0,1,1,0,83470.4,1,0.318472840693254
15734438,590,France,Female,29,4,0,2,1,0,121846.81,0,0.125402017664853
15688760,522,Germany,Female,37,3,95022.57,1,1,1,129107.59,0,0.225611504511423
15768124,648,France,Female,34,3,0,1,1,0,54726.43,0,0.17633120401111
15661330,754,France,Male,37,6,0,1,1,1,116141.72,0,0.0479697837376795
15781272,669,France,Male,50,4,149713.61,3,1,1,124872.42,1,0.143073197000237
15573888,648,Germany,Female,43,1,107963.38,1,0,0,186438.86,1,0.59010850878129
15575858,763,France,Male,40,3,0,2,1,0,134281.11,0,0.151580043710062
15645937,790,Spain,Male,32,3,0,1,1,0,91044.47,0,0.0975255614619873
15702337,581,France,Male,37,7,0,2,1,1,74320.75,0,0.0464807960026234
15764537,703,France,Male,43,8,0,2,1,0,9704.66,0,0.160538947641067
15619616,571,France,Female,33,9,102017.25,2,0,0,128600.49,0,0.202406682445295
15585133,657,Spain,Female,27,8,0,2,0,0,6468.24,0,0.105990839804842
15573971,737,France,Male,44,7,0,2,0,0,57898.58,0,0.187090822082795
15579433,793,Spain,Male,29,8,96674.55,2,0,0,192120.66,0,0.09448437101072
15777045,783,Spain,Female,44,3,81811.71,1,1,0,164213.53,1,0.353649931482037
15611580,751,Spain,Male,33,4,79281.61,1,1,0,117547.76,0,0.128767065700643
15614778,579,France,Male,31,6,0,2,1,0,26149.25,0,0.0858881064252126
15771750,655,Germany,Female,36,10,122314.39,1,1,0,9181.66,0,0.391896546935984
15593280,614,Germany,Male,43,8,140733.74,1,1,1,166588.76,0,0.213626279170802
15569274,678,Germany,Male,49,2,116933.11,1,1,0,195053.58,1,0.554693913768732
15654408,562,Spain,Male,41,5,165445.04,2,1,0,85787.31,0,0.245730091644409
15657468,711,Germany,Female,53,5,123805.03,1,1,0,102428.51,0,0.714814375640996
15614213,620,France,Male,37,0,107548.94,1,1,0,71175.94,0,0.189443390396631
15589869,437,France,Male,49,9,111634.29,2,0,1,166440.32,0,0.158290859200082
15693205,691,Germany,Female,41,8,109153.96,3,1,1,148848.76,1,0.215512670030378
15797113,552,Spain,Female,34,4,0,2,1,0,140286.69,0,0.178621094694035
15676958,765,Germany,Male,34,5,86055.17,2,1,1,104220.5,0,0.0904950903885747
15739592,707,Germany,Female,51,10,98438.23,1,0,0,70778.63,1,0.654306181390581
15656263,764,Spain,Male,29,5,0,2,1,0,65868.28,0,0.0708239018476921
15636872,585,France,Female,32,8,144705.87,2,0,0,171482.56,0,0.212689261597526
15589435,784,France,Male,31,7,0,2,1,1,143204.41,0,0.0284813985011089
15640464,605,France,Male,41,5,91612.91,1,1,1,28427.84,0,0.0848697314534343
15723851,699,Spain,Male,40,2,0,1,1,0,78387.32,0,0.168930996349608
15722122,544,France,Female,40,7,0,1,0,1,161076.92,0,0.112439458241035
15696852,803,France,Female,32,9,192122.84,1,1,1,54277.45,1,0.0803281492511726
15634936,735,France,Male,41,7,179904,1,1,1,137180.95,0,0.0988447119216247
15575935,673,France,Male,59,0,178058.06,2,0,1,21063.71,1,0.299635793131123
15634491,652,France,Male,30,2,176166.56,2,1,1,152210.81,0,0.0484120900523499
15628530,694,France,Male,42,3,156864.2,2,0,0,88890.75,0,0.248162884600669
15678720,741,France,Female,44,7,0,2,1,1,190534.76,0,0.116329374703693
15627999,590,Spain,Male,30,3,0,2,1,0,83090.35,0,0.0880533416806901
15571244,809,Spain,Female,33,3,0,2,0,1,141426.78,0,0.0615920101373829
15739931,523,France,Male,34,2,161588.89,1,1,1,51358.66,0,0.0681625779664154
15806256,540,France,Male,48,2,109349.29,1,1,0,88703.04,1,0.338576395270865
15787258,596,Spain,Female,29,6,0,2,1,0,116696.77,0,0.123518048757025
15706463,597,France,Female,36,9,0,2,1,1,7156.09,0,0.0664967447379332
15691004,407,Spain,Male,37,1,0,1,1,1,49161.12,1,0.0640475448134099
15792228,748,France,Male,60,0,152335.7,1,1,0,126743.33,1,0.557662970645591
15733447,562,France,Female,51,1,124662.54,1,1,1,65390.46,1,0.279052160595477
15679062,734,Germany,Female,47,10,91522.04,2,1,1,138835.91,0,0.296794337222428
15594409,710,France,Male,45,1,0,2,1,1,36154.66,0,0.0817082743197183
15613816,539,Spain,Female,39,6,62052.28,1,0,1,59755.14,0,0.125450182060384
15681991,542,France,Male,32,7,107871.72,1,1,0,125302.64,0,0.133764273118723
15796074,717,France,Female,36,2,99472.76,2,1,0,94274.72,1,0.22206237743413
15625941,682,Spain,Female,50,10,128039.01,1,1,1,102260.16,0,0.239423194595095
15615016,515,France,Male,33,2,0,2,1,1,136028.97,0,0.0416836062762653
15748414,526,Spain,Female,33,8,114634.63,2,1,0,110114.38,1,0.20660939264707
15751203,702,France,Male,26,5,56738.47,2,1,1,100442.22,1,0.0236476211180317
15662658,651,Germany,Male,34,2,90355.12,2,0,0,193597.94,0,0.268165221704958
15574868,792,Germany,Male,36,5,115725.24,2,0,0,1871.25,0,0.268209841732193
15790282,817,Germany,Male,58,3,114327.59,2,1,1,42831.11,0,0.365842381090249
15762927,674,Germany,Female,36,6,100762.64,1,1,0,182156.86,0,0.411350696167124
15803456,641,France,Female,40,9,0,1,0,0,151648.66,1,0.247292765931699
15771857,513,Spain,Male,39,7,89039.9,2,1,1,146738.83,0,0.0728191294829444
15700601,561,France,Male,34,1,78829.53,1,1,1,12148.2,0,0.054632304330644
15569670,627,Germany,Male,30,6,112372.96,1,1,1,118029.09,0,0.0897105654683643
15772341,682,Germany,Male,81,6,122029.15,1,1,1,50783.88,0,0.784908303968907
15661548,683,France,Female,29,0,157829.12,1,0,0,129891.66,0,0.205055129036858
15787597,420,Germany,Female,31,1,108377.75,2,1,1,9904.63,0,0.151928819705473
15806913,670,France,Female,54,2,95507.12,1,1,1,63213.31,0,0.285768548756868
15804862,505,Germany,Male,43,6,127146.68,1,0,0,137565.87,0,0.454439375509379
15792986,580,Germany,Male,24,1,133811.78,1,1,0,17185.95,1,0.16551335376432
15625632,577,France,Male,36,3,121092.47,2,0,1,143783.46,0,0.0685567813633306
15727703,773,Germany,Male,34,10,126979.75,1,0,0,36823.28,0,0.248074455105302
15606273,616,France,Male,37,5,144235.73,2,0,0,154957.66,1,0.190398990952879
15799652,763,France,Female,38,0,152582.2,2,0,0,31892.82,0,0.278339707415772
15715047,640,Spain,Male,43,9,172478.15,1,1,0,191084.4,1,0.281472073872296
15784687,592,France,Male,36,1,126477.42,1,0,0,179718.17,0,0.19460010417035
15615322,528,Spain,Male,43,7,97473.87,2,1,1,159823.16,0,0.100325468241037
15722072,630,France,Male,53,5,138053.67,1,0,1,114110.97,0,0.208498883876527
15646784,529,France,Female,31,2,164003.05,2,1,1,60993.23,0,0.0851159663348735
15644692,546,France,Female,47,8,0,1,1,1,66408.01,1,0.161703709350568
15670354,753,France,Female,62,6,0,2,1,1,136398.9,0,0.324160057100638
15716357,772,Spain,Female,39,4,122486.11,2,1,1,140709.25,0,0.115002533701291
15786717,567,France,Male,36,1,0,2,0,0,8555.73,0,0.127718507769868
15771383,628,Germany,Female,45,6,53667.44,1,1,0,115022.94,0,0.541921413505719
15649793,658,France,Male,20,7,0,2,0,0,187638.34,0,0.0423432532794525
15731543,679,Spain,Male,58,9,109327.65,1,1,1,3829.13,0,0.229842738819883
15684516,629,Spain,Male,34,1,121151.05,1,0,0,119357.93,0,0.171881974182113
15677249,731,Spain,Male,42,9,101043.63,1,1,1,192175.52,0,0.0891932552708914
15581525,775,Germany,Male,33,3,83501.66,2,1,0,128841.31,0,0.222857501896234
15628420,660,Spain,Male,33,2,80462.24,1,0,0,150422.35,0,0.146921239561551
15600478,752,France,Male,39,3,0,1,1,0,188187.05,0,0.158865371872853
15594502,655,France,Male,37,6,109093.41,2,1,0,1775.52,0,0.154628677031888
15784361,543,Spain,Female,46,5,140355.6,1,1,1,85086.78,0,0.215581402258997
15767626,811,France,Male,42,10,0,2,1,1,3797.79,0,0.0516530899816532
15632521,689,Germany,Male,45,0,130170.82,2,1,0,150856.38,0,0.462310384401366
15665088,531,France,Female,42,2,0,2,0,1,90537.47,0,0.124292645484793
15652084,515,France,Male,40,0,109542.29,1,1,1,166370.81,0,0.0997874425899843
15574761,466,France,Female,41,3,33563.95,2,1,0,178994.13,1,0.307256297187535
15729515,782,France,Male,36,1,148795.17,2,1,1,195681.43,0,0.0636539864110145
15682070,611,France,Male,64,9,0,2,1,1,53277.15,0,0.247025165661706
15743817,621,Germany,Male,40,8,174126.75,3,1,0,172490.78,1,0.353916063552498
15572158,604,Spain,Male,41,3,0,1,0,0,11819.84,0,0.194660339664868
15584477,655,Spain,Female,35,1,106405.03,1,1,1,82900.25,0,0.105274654377292
15614893,689,Spain,Male,38,2,0,1,1,1,82709.8,0,0.0585887090197794
15665963,681,Spain,Male,30,2,128393.29,1,1,1,180593.45,0,0.0482698087571893
15612524,643,Germany,Male,41,2,127841.52,1,1,0,172363.41,0,0.417637451949787
15596962,617,France,Female,24,4,137295.19,2,1,1,91195.12,0,0.0466636287116328
15744942,638,Spain,Female,55,2,155828.22,1,0,1,108987.25,1,0.367247043681103
15573278,743,France,Male,39,6,0,2,1,0,44265.28,0,0.133229038776504
15717056,828,Germany,Female,25,7,144351.86,1,1,0,116613.26,0,0.23468709083163
15795881,776,Spain,Male,35,8,106365.29,1,1,1,148527.56,0,0.0529054062764386
15758939,540,Germany,Male,35,7,127801.88,1,0,1,84239.46,0,0.131073199979561
15792250,616,Germany,Female,45,4,122793.96,1,1,1,62002.04,0,0.32809100238026
15740406,628,Germany,Male,38,10,113525.84,1,1,0,46044.48,1,0.30974192655866
15768137,667,Spain,Female,23,6,136100.69,2,0,0,169669.33,1,0.118284744104058
15569120,615,France,Male,30,7,0,2,1,1,156346.84,0,0.0299441360607809
15723721,543,France,Male,30,4,140916.81,1,1,0,157711.18,0,0.133026844792733
15777122,553,France,Female,31,4,0,2,1,1,89087.4,0,0.0534125599137365
15742681,554,Germany,Male,26,4,121365.39,1,1,1,8742.36,0,0.0689952860707844
15582090,684,Spain,Female,36,4,0,1,1,0,117038.96,0,0.210530871343755
15711254,452,France,Female,35,7,0,2,1,0,164241.67,0,0.192266077533734
15775067,606,France,Male,47,3,93578.68,2,0,1,137720.56,1,0.125314696254177
15602851,629,France,Male,40,9,0,1,1,0,106.67,0,0.154464982432712
15802857,659,Spain,Female,33,8,115409.6,1,0,1,1539.21,0,0.0810863774230495
15701175,493,France,Female,33,8,90791.69,1,1,1,59659.53,0,0.0825880556937582
15783019,794,France,Female,62,9,123681.32,3,1,0,173586.63,1,0.617271299108494
15728912,554,France,Female,44,6,92436.86,1,1,0,126033.9,0,0.374828638002607
15585580,796,Germany,Female,52,9,167194.36,1,1,1,62808.93,1,0.441199124923338
15583480,807,France,Female,36,4,0,2,0,1,147007.33,0,0.0720381013378236
15620341,500,Germany,Male,44,9,160838.13,2,1,0,196261.64,0,0.466030680364114
15613886,722,Spain,Male,43,1,0,1,1,0,44560.17,1,0.203934014283722
15792916,559,Spain,Female,40,7,144470.77,1,1,1,18917.95,0,0.142564106900342
15710408,584,Spain,Female,38,3,0,2,1,1,4525.4,0,0.0863697254353002
15598695,834,Germany,Female,68,9,130169.27,2,0,1,93112.2,0,0.681393023204289
15649354,754,Spain,Male,35,4,0,2,1,1,9658.41,0,0.0385638060244285
15737556,590,France,Male,43,7,81076.8,2,1,1,182627.25,1,0.0883281048208281
15671610,740,France,Male,36,7,0,1,1,1,13177.4,0,0.0422858620599657
15625092,502,Germany,Female,57,3,101465.31,1,1,0,43568.31,1,0.786210046230133
15741032,733,France,Male,48,5,0,1,0,1,117830.57,0,0.105973481954568
15750014,755,Germany,Female,37,0,113865.23,2,1,1,117396.25,0,0.195614324618356
15784761,554,Spain,Female,46,7,87603.35,3,0,1,96929.24,1,0.165070670798743
15768359,534,France,Male,36,4,120037.96,1,1,0,36275.94,0,0.17397650189075
15805769,656,Spain,Male,33,4,0,2,1,0,116706,0,0.0988684803381046
15719508,575,Germany,Male,49,7,121205.15,4,1,1,168080.53,1,0.229257981117346
15609011,480,Spain,Male,47,8,75408.33,1,1,0,25887.89,1,0.303370273580169
15703106,575,France,Male,40,5,0,2,1,1,122488.59,0,0.0604402108665585
15626795,672,France,Female,40,3,0,1,1,0,113171.61,1,0.258156661159308
15773731,758,Spain,Female,35,5,0,2,0,0,100365.51,0,0.171671267834568
15756196,682,France,Male,50,6,121818.84,2,0,1,124151.37,0,0.14793434964197
15687903,501,France,Female,29,8,0,2,1,0,112664.24,0,0.125731965854595
15777599,746,Germany,Male,34,6,141806,2,1,1,183494.87,0,0.104117280358061
15754577,556,France,Female,51,8,61354.14,1,1,0,198810.65,1,0.477749352285905
15584113,823,Germany,Female,53,4,124954.94,1,0,1,131259.6,1,0.466714948684576
15669589,491,Germany,Female,68,1,95039.12,1,0,1,116471.14,1,0.753692123607061
15632793,638,France,Female,29,9,103417.74,1,1,1,15336.4,0,0.05833065711671
15711130,734,France,Male,45,2,0,2,1,0,99593.28,0,0.201701868659546
15615254,555,France,Male,40,10,43028.77,1,1,0,170514.21,0,0.186319405708212
15720583,745,Germany,Female,44,0,119638.21,1,1,1,34265.08,1,0.306961031596161
15780432,728,France,Male,37,3,122689.51,2,0,0,106977.53,1,0.165795201877047
15673223,626,France,Male,44,10,0,2,0,0,164287.86,0,0.195041941550557
15807989,681,Germany,Male,37,8,73179.34,2,1,1,25292.53,0,0.100822642232339
15761168,478,France,Female,38,4,171913.87,1,1,0,51820.87,1,0.331668927997429
15651272,709,France,Male,38,5,0,2,1,1,81452.29,0,0.0481187108325943
15812832,562,Germany,Male,33,8,92659.2,2,1,0,1354.25,0,0.216563486915499
15680517,769,Germany,Female,34,7,137239.17,1,1,1,71379.92,1,0.168703082735852
15750569,684,Germany,Female,46,3,102955.14,2,1,0,154137.33,0,0.575508438639084
15690743,536,France,Female,61,8,65190.29,1,1,1,64308.49,1,0.386397328538308
15627741,631,Germany,Female,29,2,96863.52,2,1,1,31613.35,0,0.11927214879594
15712121,657,Spain,Male,34,5,154983.98,1,1,0,27738.01,0,0.15930127381481
15805429,699,Germany,Male,59,3,106819.65,1,0,1,163570.25,0,0.445969227330759
15814923,606,Spain,Male,38,7,128578.52,1,1,1,193878.51,0,0.0785640722900946
15589230,612,France,Female,63,2,126473.33,1,0,1,147545.65,0,0.500584960991272
15775490,660,France,Female,38,5,110570.78,2,1,0,195906.59,0,0.262231756770779
15749727,829,Spain,Male,50,7,0,2,0,1,178458.86,0,0.106965670881806
15619238,567,Spain,Male,29,8,0,2,1,0,156125.72,0,0.080366708910713
15593468,850,France,Female,33,3,0,2,1,1,11159.19,0,0.0521144932091748
15718454,712,Spain,Female,44,2,0,2,0,0,45738.94,0,0.298883238913278
15789498,562,France,Male,30,3,111099.79,2,0,0,140650.19,0,0.116016176962925
15744691,755,France,Female,29,3,0,3,1,0,4733.94,0,0.100024970244936
15708289,793,Spain,Male,25,3,100913.57,1,0,0,10579.72,0,0.0772437659574341
15790412,471,Spain,Male,26,8,0,2,1,1,179655.87,0,0.0241105311824272
15741416,707,France,Male,42,2,16893.59,1,1,1,77502.56,0,0.0741655974871186
15598894,784,Spain,Male,38,10,122267.85,1,0,0,145759.93,0,0.183827937155732
15663294,703,France,Male,32,1,125685.79,1,1,1,56246.72,0,0.0503762059561486
15572728,704,Spain,Male,36,8,127397.34,1,1,0,151335.24,0,0.171743504154506
15706729,662,France,Male,38,0,105271.56,1,0,1,179833.45,0,0.0819326725096555
15674433,636,Germany,Female,28,2,115265.14,1,0,0,191627.85,0,0.323195586645235
15641170,640,Spain,Male,36,4,0,1,0,0,173016.46,0,0.146348266483035
15806284,739,Spain,Male,31,1,0,2,1,1,58469.75,0,0.0302803100031705
15690958,767,Germany,Male,23,2,139542.82,1,0,1,28038.28,0,0.0565805452979734
15606386,753,Germany,Female,46,3,111512.75,3,1,0,159576.75,1,0.554816705051328
15682322,714,France,Male,37,9,148466.93,2,0,1,151280.96,0,0.0651939518018267
15579915,707,France,Male,29,4,0,2,1,0,139953.94,0,0.0759129704280711
15681928,577,France,Female,35,4,108155.49,1,1,0,105407.79,0,0.248680935602172
15734005,633,France,Female,42,1,0,2,1,0,56865.62,0,0.267199728178254
15650432,849,Germany,Male,41,10,84622.13,1,1,1,198072.16,0,0.143737897277599
15592578,614,Spain,Female,41,7,146997.64,2,0,0,137791.18,0,0.34951638439035
15671243,558,France,Female,47,9,0,2,1,0,103787.28,0,0.335331791587393
15775709,832,France,Female,27,10,98590.25,1,1,0,30912.89,0,0.11513109604909
15702631,567,France,Female,26,2,0,2,1,1,78651.55,0,0.0391201237446285
15602282,587,Germany,Female,45,8,134980.74,1,1,1,123309.57,1,0.34302227741648
15717879,712,Spain,Female,79,5,108078.56,1,1,1,174118.93,0,0.725394160278468
15740878,655,Spain,Female,29,9,0,2,0,1,85736.26,0,0.0439555736555921
15794468,641,France,Female,42,6,0,2,0,0,121138.77,0,0.2624393065917
15773277,676,France,Male,35,5,106836.67,2,1,0,84199.78,0,0.135277051019718
15572657,472,France,Male,29,8,102490.27,1,0,1,181224.56,0,0.0454850870238298
15800295,644,Germany,Male,34,9,112746.54,2,0,0,141230.07,0,0.24711234625992
15672397,598,France,Male,38,0,125487.89,1,0,0,158111.71,0,0.223304342973727
15684921,792,Spain,Male,25,8,142862.21,1,1,1,130639.01,0,0.0291337474191353
15720676,700,France,Female,37,7,0,2,1,0,17040.82,0,0.178134344255361
15731829,616,France,Male,34,10,0,2,1,0,25662.27,0,0.0939400548714964
15732672,743,Spain,Male,35,6,79388.33,1,1,1,193360.69,0,0.053988960272802
15692406,427,France,Male,37,5,0,2,1,1,121485.1,0,0.0541158808190095
15764405,731,France,Male,29,10,0,2,1,1,162452.65,0,0.0235586251062651
15757537,610,France,Female,31,6,107784.65,1,1,1,141137.53,0,0.0738069167079418
15793307,724,Spain,Female,41,4,142880.28,3,0,0,185541.2,1,0.312580564484494
15660679,653,Spain,Female,38,9,149571.94,1,1,0,118383.18,0,0.296865539196634
15666856,774,France,Male,49,1,142767.39,1,1,1,8214.41,0,0.150985359034046
15687372,547,Germany,Male,49,8,121537.71,2,1,0,46521.45,1,0.504644073862484
15667289,719,Spain,Male,50,2,0,2,0,0,10772.13,0,0.278303227883514
15624641,740,Spain,Male,43,9,0,1,1,0,199290.68,1,0.193137419361995
15734610,543,France,Male,42,4,89838.71,3,1,0,85983.54,1,0.201593268491949
15631882,688,Germany,Male,45,9,103399.87,1,0,0,129870.93,0,0.443239824500152
15642709,474,France,Female,30,9,0,2,0,0,63158.22,0,0.138115693334598
15811026,505,Germany,Male,43,5,136855.94,2,1,0,171070.52,0,0.432051294280774
15596303,688,France,Female,39,0,0,2,1,0,53222.15,1,0.229125500354476
15787255,650,Germany,Female,55,2,140891.46,3,1,1,179834.45,1,0.48083639325574
15617166,610,France,Male,37,0,0,1,1,0,114514.64,0,0.153213587162731
15742442,705,Spain,Female,46,5,89364.91,1,0,1,139162.15,0,0.189885538183763
15758692,669,France,Female,29,7,146011.4,1,0,0,50249.16,0,0.174648953879716
15568238,650,Spain,Male,20,8,0,2,1,1,113469.65,0,0.0143432839869838
15730353,550,Germany,Male,29,9,145294.08,2,1,0,147484.13,0,0.205268650322441
15731555,595,Germany,Female,45,9,106000.12,1,0,0,191448.96,1,0.592155193187583
15582404,572,Spain,Female,26,5,0,2,1,0,119381.41,0,0.110017804858877
15721462,622,Spain,Female,58,2,0,2,1,1,33277.31,0,0.288514000458917
15632899,662,Spain,Male,20,9,104508.77,2,0,0,73107.53,0,0.0524266145933909
15808526,783,Germany,Female,58,3,127539.3,1,1,1,96590.39,1,0.539490012993449
15694349,714,Spain,Male,44,7,0,1,0,1,6923.11,0,0.0794943932175639
15718465,671,Germany,Male,51,3,96891.46,1,1,0,176403.33,1,0.562860087928466
15682995,600,France,Female,32,1,78535.25,1,1,0,64349.6,0,0.199532685845658
15584776,847,Spain,Female,37,9,112712.17,1,1,0,116097.26,0,0.241886419674578
15777772,650,Spain,Male,55,9,119618.42,1,1,1,29861.13,0,0.200930398711097
15576156,710,Spain,Female,28,6,0,1,1,0,48426.98,0,0.120830645412472
15646756,682,France,Female,33,8,74963.5,1,1,1,32770.56,0,0.0708308894437347
15742886,642,France,Male,26,1,138023.79,2,0,1,117060.2,0,0.0340000282462417
15586135,536,Spain,Female,28,4,0,1,1,1,136197.65,0,0.0535438071443093
15616152,754,France,Female,47,1,185513.67,1,1,0,27438.83,0,0.470050086755514
15721460,678,France,Male,60,8,185648.56,1,0,0,192156.54,1,0.582686820043306
15727317,533,Germany,Female,49,1,102286.6,3,1,0,69409.37,1,0.626475898419581
15649536,741,Germany,Male,38,4,128015.83,1,1,0,58440.43,0,0.329044031310192
15754929,757,France,Male,31,10,39539.39,2,0,0,192519.39,0,0.0867484142540445
15572051,721,France,Male,40,3,0,1,1,1,144874.67,0,0.06522717659904
15668142,700,France,Male,37,3,77608.46,2,1,1,175373.46,0,0.0587354910388157
15701176,663,France,Male,26,5,141462.13,1,1,0,440.2,0,0.0886475421818641
15708422,677,Spain,Female,35,0,0,2,0,0,76637.38,0,0.19245485984
15655632,655,France,Male,27,2,131691.33,1,1,0,49480.66,0,0.100281382677244
15744606,832,Spain,Male,29,8,93833.86,1,0,1,10417.87,0,0.0323148599814023
15612140,721,Spain,Female,46,7,137933.39,1,1,1,67976.57,0,0.195973985521703
15656086,542,Spain,Male,54,8,105770.14,1,0,1,140929.98,1,0.219232516450087
15655298,654,Spain,Female,54,5,0,2,0,1,47139.06,0,0.232705371409181
15644796,821,Spain,Female,38,8,0,2,0,1,126241.4,1,0.0776428997723934
15726250,508,France,Female,38,3,166328.65,2,0,1,22614.19,0,0.135230315867227
15764432,588,Germany,Female,42,2,164307.77,1,1,0,48498.19,0,0.574737574476827
15631721,691,Germany,Male,38,9,163965.69,2,0,1,103511.26,0,0.145624220722817
15707479,664,France,Male,40,7,125608.72,1,1,0,122073.48,0,0.209292480034388
15579826,439,France,Female,66,9,0,1,1,0,65535.56,0,0.707559193971792
15668104,479,Spain,Male,37,6,118433.94,1,0,1,160060.9,0,0.0837103045467525
15641604,850,France,Female,55,10,98488.08,1,1,0,155879.57,1,0.520101168444483
15587240,518,France,Male,40,4,0,2,0,1,194416.58,0,0.0705177632843968
15680767,717,Germany,Female,64,10,98362.35,2,1,1,21630.21,0,0.585564257226406
15601594,698,France,Female,51,6,144237.91,4,1,0,157143.61,1,0.445848917272699
15589969,850,France,Male,34,6,0,1,0,1,52796.31,0,0.0378157950500503
15703728,700,Spain,Male,47,4,0,1,1,0,121798.52,1,0.251520810076479
15617790,626,France,Female,29,4,105767.28,2,0,0,41104.82,0,0.160989783785731
15662500,774,Spain,Male,32,9,0,2,1,0,10604.48,0,0.0790652322391628
15778526,719,Spain,Female,48,5,0,2,0,0,78563.66,0,0.351078288659209
15670584,646,Spain,Male,31,2,0,1,1,1,170821.43,1,0.0380844620640045
15748069,485,France,Female,25,3,134467.26,1,1,1,113266.09,0,0.0586636045304887
15680597,784,Germany,Male,38,1,138515.02,1,1,1,171768.76,0,0.155220373157912
15628992,850,Germany,Male,32,2,128647.98,2,0,0,54416.18,0,0.224446605298709
15719624,669,France,Female,38,9,121858.98,1,1,0,130755.34,0,0.270827592305699
15812767,731,Spain,Male,70,3,0,2,1,1,141180.66,0,0.350091013244084
15689201,721,France,Female,49,1,120108.56,1,0,1,183421.76,0,0.250120471248794
15614716,515,France,Female,37,0,196853.62,1,1,1,132770.11,0,0.158937262799195
15683618,774,France,Female,35,3,121418.62,1,1,1,24400.37,0,0.0910137967899214
15799631,585,Spain,Male,36,10,0,2,1,1,180318.6,0,0.0437901267368924
15692259,695,France,Female,29,9,0,2,1,0,111565.45,0,0.110447316460903
15590966,729,Germany,Female,42,4,97495.8,2,0,0,2002.5,0,0.491723954758354
15656426,713,France,Female,42,3,0,2,0,0,82565.01,0,0.26586641918937
15675256,555,Spain,Male,33,5,127343.4,1,0,1,121789.3,0,0.0620655135641264
15751185,699,Spain,Female,50,0,158633.61,1,1,0,193785.87,0,0.540045582456742
15789582,587,France,Male,55,9,0,1,1,0,64593.07,0,0.354579360116032
15651103,762,Spain,Female,69,9,183744.98,1,1,1,196993.69,0,0.592538013535207
15672299,510,France,Male,44,6,0,2,1,1,175518.31,0,0.0838036298055791
15772250,842,Spain,Male,46,9,0,1,0,0,17268.02,0,0.204079061354167
15763922,608,France,Male,31,7,79962.92,2,1,0,60901.72,0,0.0986573059179406
15633870,850,France,Female,36,10,0,2,1,1,100750.03,0,0.0594191906268161
15624323,642,France,Male,36,4,0,2,1,1,195224.91,0,0.0470983986946767
15688612,850,France,Male,33,7,140956.99,1,0,0,3510.18,0,0.126893337129747
15694644,455,Spain,Female,43,6,0,1,1,1,81250.79,0,0.140078486100754
15587174,726,France,Male,29,7,0,2,1,1,91844.14,1,0.0250689459610989
15579559,544,Spain,Male,30,8,145241.63,1,1,1,80676.83,0,0.048904107866688
15775430,651,Germany,Male,31,7,138008.06,2,1,0,129912.74,0,0.217033795743038
15623695,814,France,Female,31,4,0,2,1,1,142029.17,0,0.0482132859777013
15760849,537,France,Male,39,2,0,2,1,1,137651.6,0,0.0600342193207564
15813095,553,France,Male,37,2,0,2,1,0,33877.29,0,0.130612779708309
15705281,800,Spain,Male,38,9,0,1,1,0,78744.39,0,0.128642629346065
15812594,791,France,Male,34,7,0,2,1,0,96734.46,0,0.0893391544124059
15626322,699,Spain,Female,29,9,127570.93,2,1,0,164756.81,0,0.157755101703982
15723105,756,France,Female,28,6,0,1,1,1,164394.65,0,0.0427680144339997
15588449,591,Spain,Female,27,5,107812.67,1,0,1,162501.83,1,0.0656079288084371
15794849,850,Germany,Male,22,7,91560.58,2,0,0,10541.38,0,0.0988865874440309
15620000,760,Germany,Male,34,6,121303.77,2,1,1,59325.21,0,0.0967046241276723
15799720,569,Spain,Male,43,8,161546.68,2,0,1,178187.28,0,0.112816430687707
15711287,661,Spain,Female,35,5,128415.45,1,1,0,142626.49,0,0.25371695627769
15613102,670,France,Female,31,2,57530.06,1,1,1,181893.31,1,0.0704362514388083
15621440,694,France,Male,38,1,0,2,0,1,156858.2,0,0.0562195508316273
15677146,728,France,Female,28,4,142243.54,2,1,0,33074.51,0,0.146694921709172
15801169,764,Germany,Female,39,9,138341.51,1,1,0,50072.94,1,0.444351936178788
15722425,639,France,Male,32,9,0,2,1,0,111340.36,0,0.0857117233548039
15682421,683,France,Female,30,2,0,2,0,1,100496.84,1,0.0508810397587636
15691910,663,Spain,Male,30,4,0,3,1,0,101371.05,0,0.0750568647580158
15721779,826,Spain,Male,41,5,146466.46,2,0,0,180934.67,0,0.218709013554893
15579548,735,Spain,Male,36,5,0,2,1,0,105152.17,0,0.118521002059973
15681075,682,France,Female,58,1,0,1,1,1,706.5,0,0.296169093405963
15607884,663,France,Female,39,8,0,2,1,1,101168.9,0,0.0847055530922943
15767757,562,Spain,Female,29,9,120307.58,1,1,1,6795.61,0,0.0635093000686527
15791550,696,France,Male,27,4,87637.26,2,0,0,196111.35,0,0.0839759821851127
15658589,850,Spain,Male,38,2,94652.04,1,1,1,171960.76,0,0.0689261085391878
15670822,719,France,Female,22,7,114415.84,1,1,1,177497.4,0,0.0386091655279738
15629744,804,France,Female,71,8,0,2,0,1,147995.96,0,0.478942458143497
15660768,604,France,Male,40,1,84315.02,1,0,0,36209.1,0,0.216619004553775
15726310,782,Spain,Female,27,3,0,2,1,0,143614.01,0,0.104165749812592
15641298,512,Germany,Male,42,9,93955.83,2,1,0,14828.54,0,0.363779934547116
15625675,569,France,Male,36,1,67087.69,1,1,0,154775.7,0,0.171182804378753
15713354,597,Germany,Female,22,6,101528.61,1,1,0,70529,1,0.203540826076029
15633866,753,Germany,Male,30,1,110824.52,1,1,1,57896.27,0,0.0853984014903888
15704231,430,France,Female,33,8,0,1,1,1,69759.91,0,0.0691100341897475
15735400,756,France,Male,28,8,179960.2,1,1,0,89938.08,0,0.103481474619472
15632826,493,France,Male,38,3,134006.77,1,1,0,89578.32,0,0.219135920098834
15751022,777,Germany,Female,37,10,121532.17,2,1,1,73464.88,0,0.169361107368287
15664737,779,Spain,Female,38,7,0,2,1,1,138542.87,0,0.0775763549627945
15681126,702,Spain,Female,38,2,0,1,1,1,161888.63,0,0.0965580172102381
15738954,551,France,Male,35,7,129717.3,2,0,0,86937.2,0,0.156085792683893
15662263,749,Germany,Male,22,4,94762.16,2,1,1,42241.54,0,0.0408203635011432
15621611,742,Germany,Male,55,5,155196.17,1,0,1,121207.66,1,0.398063133111958
15783752,752,Germany,Male,29,4,129514.99,1,1,1,102930.46,0,0.0787370793468133
15709474,740,Germany,Female,57,3,113386.36,2,1,1,65121.63,1,0.49661817413008
15701280,576,France,Male,24,3,0,1,0,1,78498.04,1,0.0229802343874799
15671104,637,Spain,Male,43,3,172196.23,1,1,1,104769.96,0,0.125021177171809
15796434,724,France,Male,28,5,97612.12,1,1,1,96498.14,0,0.0324588332375451
15781505,685,France,Male,20,4,104719.94,2,1,0,38691.34,0,0.048999705181198
15625819,625,France,Female,38,7,0,1,1,0,164804.02,0,0.229974653709967
15753174,571,Germany,Male,37,9,139592.98,3,1,0,104152.65,1,0.283088291290582
15654067,584,Spain,Female,29,4,0,2,1,0,88866.92,0,0.130333910934206
15724719,550,France,Female,22,7,139096.85,1,1,0,129890.94,0,0.119300225568412
15624695,662,Spain,Female,72,7,140301.72,1,0,1,179258.67,0,0.65044693525188
15718216,803,Spain,Male,43,3,0,1,1,0,72051.44,0,0.188168212144769
15586300,615,France,Male,66,7,0,2,1,1,74580.8,0,0.288181760376151
15783349,481,Spain,Male,39,1,111233.09,1,1,1,123995.15,0,0.0926953079349078
15725767,701,France,Male,23,3,0,2,1,0,38960.59,0,0.0472967443963998
15791925,751,France,Male,29,10,147737.63,1,0,1,94951.27,0,0.0376086145168159
15793585,675,France,Male,35,8,0,2,1,1,56642.97,0,0.0363420893965019
15576641,733,Germany,Male,40,5,125725.02,2,1,1,50783.1,0,0.148656589207962
15749519,822,France,Male,38,6,128289.7,3,1,0,9149.96,1,0.138808364824019
15684960,559,France,Female,46,5,0,1,1,0,21006.1,1,0.346153409078314
15591286,731,Germany,Female,49,4,88826.07,1,1,1,33759.41,1,0.365211782438736
15668323,678,France,Female,41,1,143443.61,1,1,0,196622.28,1,0.366347692437625
15608528,645,France,Female,68,9,0,4,1,1,176353.87,1,0.391408429024589
15645184,701,France,Male,29,2,0,2,1,0,176943.59,0,0.0785370963704295
15702566,554,Spain,Male,26,8,149134.46,1,1,1,177966.24,0,0.0376814912109129
15660840,723,France,Male,30,3,124119.54,1,1,0,162198.32,0,0.11879922710407
15750811,766,Germany,Male,44,3,116822.7,1,0,0,197643.24,0,0.445300980510397
15733842,597,France,Female,24,1,103219.47,1,1,0,60420.07,0,0.127936470993715
15581526,574,France,Male,41,1,0,2,0,0,70550,0,0.185677697460496
15662751,655,Germany,Female,40,0,81954.6,1,1,1,198798.44,1,0.259343513814074
15684319,780,Germany,Female,37,10,95196.26,1,1,0,126310.39,1,0.391399551241195
15702190,672,Spain,Male,43,5,0,2,1,1,64515.5,0,0.070241222409778
15588517,717,France,Male,38,7,0,2,1,1,158580.05,0,0.0488825205841556
15801863,521,France,Female,32,2,136555.01,2,1,1,129353.21,0,0.0849816104550156
15584271,633,France,Male,59,5,0,1,1,1,137273.97,0,0.220798796628304
15700366,669,France,Male,39,3,119452.03,1,1,1,171575.54,0,0.0826364222437495
15804038,740,France,Male,44,9,0,1,0,1,96528,1,0.0745333898709961
15720820,462,Germany,Female,24,9,69881.09,2,0,1,64421.02,0,0.0834538189458971
15743759,619,France,Male,39,5,0,2,1,1,158444.61,0,0.0552512249664573
15749947,665,France,Female,44,7,0,2,1,1,66548.58,0,0.113457631959297
15670496,655,Spain,Female,27,9,0,2,0,0,108008.05,0,0.107148265346115
15746664,463,Spain,Male,20,8,204223.03,1,1,0,128268.39,0,0.0808309048752076
15745533,799,France,Female,63,1,110314.21,2,1,0,37464,1,0.664945148118857
15761497,713,Spain,Female,48,1,163760.82,1,0,0,157381.14,1,0.507126973841541
15628600,807,Germany,Female,31,1,141069.18,3,1,1,194257.11,0,0.134534977823267
15627002,728,France,Male,38,1,115934.74,1,1,1,139059.05,0,0.0763641091591554
15614635,582,France,Male,52,2,151457.88,1,0,1,40893.61,0,0.214378773305889
15731281,704,Germany,Female,35,3,154206.07,2,1,1,40261.49,0,0.182449872268153
15814022,714,France,Female,26,9,89928.99,1,1,0,46203.31,0,0.114773062076394
15659194,628,France,Male,30,8,89182.09,1,1,1,13126.9,0,0.0369693166017631
15745030,809,Germany,Male,41,1,79706.25,2,1,0,165675.01,0,0.333363342287073
15691817,547,Spain,Female,44,5,0,3,0,0,5459.07,1,0.288115097839449
15707488,560,France,Female,27,5,0,2,1,0,131919.48,0,0.1118737993142
15784700,811,France,Male,31,7,117799.28,1,1,1,182372.35,0,0.0403582680464873
15710397,584,France,Male,26,4,0,2,1,0,147600.54,0,0.065009113315931
15687648,691,France,Male,28,1,0,2,0,0,92865.41,0,0.0745554074830023
15732281,680,Germany,Male,34,6,146422.22,1,1,0,67142.97,1,0.276099876070064
15607230,588,Germany,Male,33,9,150186.22,2,1,1,65611.01,0,0.103568949658507
15567630,721,Germany,Male,40,6,100275.88,1,1,0,138564.48,1,0.354722554977299
15587507,850,France,Male,47,6,0,1,1,0,187391.02,1,0.232323206348851
15733904,529,France,Male,32,9,147493.89,1,1,0,33656.35,0,0.13642172144622
15709511,622,France,Male,43,8,0,2,1,0,100618.17,0,0.176290274311269
15579616,683,France,Female,42,8,0,2,0,1,198134.9,0,0.111541556680646
15694852,575,France,Male,29,4,121823.4,2,1,1,50368.87,0,0.0376858651249325
15589924,577,Spain,Female,40,1,0,2,1,1,108787,0,0.109641986118974
15799300,510,Germany,Male,31,0,113688.63,1,1,0,33099.41,1,0.251066807758751
15731330,652,Spain,Female,40,7,100471.34,1,1,1,124550.88,0,0.129609469263768
15694129,569,Germany,Female,28,3,100032.52,1,1,0,5159.21,1,0.290721966597298
15620372,687,Spain,Male,31,3,0,2,0,0,48228.1,0,0.0912225642921519
15744622,822,France,Male,32,8,116358,1,1,0,108798.36,0,0.111770231582612
15799815,656,Germany,Female,23,4,163549.63,1,0,1,21085.12,0,0.0986481388533968
15759250,745,Germany,Male,51,3,99183.9,1,1,1,28922.25,0,0.279220252254068
15732643,386,Spain,Female,53,1,131955.07,1,1,1,62514.65,1,0.346751385861809
15690540,684,Spain,Female,41,1,134177.06,1,0,0,177506.66,0,0.375046159551362
15803078,635,Spain,Female,38,1,0,2,1,0,90605.05,0,0.219641520417164
15652180,582,France,Male,30,2,0,2,1,1,132029.95,0,0.0319974400697975
15741195,613,Spain,Male,19,5,0,1,1,1,176903.35,0,0.015620266690219
15743490,795,Germany,Female,56,9,94348.94,1,1,0,29239.29,1,0.707116879339642
15575510,659,France,Female,32,2,155584.21,1,0,1,153662.88,0,0.0997328934194172
15732610,745,France,Female,28,6,0,2,1,0,154389.18,0,0.105836750896319
15602909,604,Spain,Female,41,10,0,2,1,1,166224.39,0,0.103460381959497
15734058,509,Germany,Male,32,9,170661.47,1,1,1,21646.2,0,0.111273628783664
15801788,706,Germany,Female,29,6,185544.36,1,1,0,171037.63,0,0.335960210257037
15702462,619,Spain,Female,44,6,52831.13,1,1,1,112649.22,1,0.154591752816068
15683416,572,Germany,Male,51,8,97750.07,3,1,1,193014.26,1,0.265042624125222
15794187,695,France,Male,36,6,114007.5,2,1,0,118120.88,0,0.144153819916849
15792989,543,France,Female,71,1,104308.77,1,1,1,25650.04,0,0.605743696756855
15613734,640,France,Female,33,6,84719.13,2,1,1,113048.79,0,0.0729681948992547
15606177,672,France,Male,39,2,0,2,1,0,87372.49,0,0.148164965287226
15636700,701,France,Male,39,9,140236.98,1,0,1,146651.99,0,0.0816976127701757
15645766,634,Spain,Male,25,9,0,2,1,1,8227.91,0,0.0190172201306896
15671345,531,Spain,Female,42,6,75302.85,2,0,0,57034.35,0,0.326161263711853
15652469,699,France,Male,27,1,0,2,1,0,93003.21,0,0.0670364268116915
15749638,605,France,Female,51,9,104760.82,1,1,1,165574.54,1,0.247137935928706
15728706,534,France,Female,49,7,0,1,1,0,13566.48,1,0.389763761976313
15735439,449,Spain,Female,31,1,113693,1,0,0,82796.29,0,0.232738744117163
15778696,684,Spain,Female,36,5,174180.39,1,1,0,119830.08,0,0.282949166327127
15624744,622,Germany,Male,42,9,115766.26,1,0,0,72155.85,1,0.402318011650318
15584338,714,France,Female,40,0,0,2,1,0,62762.12,0,0.240473789201006
15726178,712,Spain,Female,48,8,0,2,1,0,183235.33,0,0.345517861917246
15794939,783,France,Female,72,5,121215.9,2,1,1,105206.48,0,0.564514589977826
15788068,743,Germany,Male,45,10,144677.19,3,1,0,22512.44,1,0.374387550299645
15572956,683,France,Male,36,5,115350.63,1,1,1,122305.91,0,0.0649006875131825
15780386,654,Spain,Male,40,5,105683.63,1,1,0,173617.09,0,0.213838258419211
15791114,700,France,Male,37,1,135179.49,1,1,0,160670.37,0,0.189490639218469
15708046,744,Spain,Male,31,0,117551.23,1,1,0,158958.9,0,0.130879036748758
15719779,645,Germany,Male,25,1,157404.02,2,1,0,93073.04,0,0.172001591180234
15591550,525,Spain,Male,36,3,77910.23,1,1,0,67238.01,0,0.17509964690975
15639368,732,France,Male,25,0,110942.9,1,0,0,172576.56,0,0.0908142336791924
15699830,721,France,Female,40,7,0,2,1,1,122580.48,0,0.0875646713620635
15569264,622,France,Male,32,5,179305.09,1,1,1,149043.78,0,0.0608897348998488
15595158,654,Germany,Male,31,5,150593.59,2,1,1,105218.45,0,0.0944839651821669
15599126,529,France,Female,43,0,123815.86,1,1,1,78463.99,1,0.189459001380484
15650575,720,Spain,Female,59,6,0,2,1,1,160849.43,1,0.293443208122353
15641490,850,Germany,Female,25,8,69385.17,2,1,0,87834.24,0,0.181639153270007
15680234,667,Germany,Male,27,2,138032.15,1,1,0,166317.71,0,0.204160589315486
15592230,620,France,Male,41,3,0,2,1,1,137309.06,0,0.0670657775635305
15626212,616,France,Male,29,9,0,1,1,1,166984.44,0,0.0295405451454897
15700627,637,Germany,Female,46,2,143500.82,1,1,0,166996.46,1,0.640832349442878
15782641,710,Spain,Female,29,3,119670.18,1,1,0,188022.44,0,0.177182322103087
15784445,717,Spain,Male,33,1,99106.73,1,0,0,194467.23,0,0.147858434736107
15813681,786,Germany,Male,24,2,120135.55,2,1,1,125449.47,0,0.0503668462596989
15596649,651,France,Female,39,8,0,1,1,0,137452.57,0,0.236010496663872
15700460,530,France,Female,55,4,120905.03,1,0,1,123475.88,1,0.351515536364349
15724076,815,Spain,Female,57,5,0,3,0,0,38941.44,1,0.467555699184826
15784000,715,Germany,Female,34,9,102277.52,1,0,0,177852.57,1,0.368845082044354
15733966,496,Germany,Female,55,4,125292.53,1,1,1,31532.96,1,0.524339817169432
15612667,680,Spain,Male,42,0,0,1,1,0,136377.21,0,0.206568111373577
15654025,646,France,Female,51,4,101629.3,1,0,0,130541.1,0,0.514978455990212
15589431,807,Germany,Male,47,1,171937.27,1,1,1,65636.92,0,0.269987239874868
15578238,727,France,Male,47,7,0,2,1,0,193305.35,0,0.227009604010758
15566269,787,France,Male,25,5,0,2,1,0,47307.9,0,0.0521145935931638
15639217,806,France,Male,34,6,0,2,0,0,100809.99,0,0.0977464414293963
15688644,603,France,Male,31,1,129743.75,1,1,0,109145.2,0,0.137358876279586
15662426,649,Spain,Male,32,1,0,1,0,1,91167.19,1,0.0417571371738464
15720511,547,Germany,Male,41,3,151191.31,1,1,0,175295.89,1,0.437807143852383
15567246,684,Germany,Male,32,3,102630.13,2,1,1,127433.47,0,0.0925104272680723
15647965,477,France,Female,57,9,114023.64,2,1,1,71167.17,1,0.334405303287593
15679048,558,Germany,Male,41,2,124227.14,1,1,1,111184.67,0,0.19653682044302
15675749,695,France,Female,23,1,0,2,1,1,141756.32,0,0.0307402935419501
15782181,592,Spain,Male,35,6,80285.16,1,1,0,72678.75,1,0.147227153693776
15795738,789,France,Male,31,4,175477.15,1,1,1,172832.9,0,0.0491784613687556
15773751,597,France,Female,29,1,132144.35,1,1,0,158086.33,0,0.191122575896352
15655436,839,Germany,Male,47,2,136911.07,1,1,1,168184.62,1,0.251290405047163
15691396,405,Germany,Male,31,5,133299.67,2,1,1,72950.14,0,0.101504953202084
15796958,658,France,Male,39,7,0,2,1,0,48378.4,0,0.131373756298771
15801832,684,Germany,Male,42,1,117691,1,1,1,23135.65,1,0.183102238493397
15661349,633,France,Male,35,10,0,2,1,0,65675.47,0,0.102742297266058
15719265,589,France,Male,46,9,0,2,1,0,170676.67,0,0.216510225149564
15779985,750,Germany,Female,37,1,133199.71,2,1,1,27366.77,0,0.193516721218915
15663410,771,Spain,Male,51,5,135506.58,3,1,1,152479.64,1,0.146898488309424
15704144,812,Germany,Male,33,2,127154.14,2,0,1,105383.49,0,0.0982867846525037
15774104,539,Spain,Male,39,2,0,2,1,1,48189.94,0,0.0592988671841374
15812230,670,Germany,Female,42,5,49508.79,3,1,1,100324.01,0,0.202787506888653
15742848,673,France,Male,41,5,0,1,1,1,65657.29,0,0.064581114104131
15745326,538,France,Female,62,3,75051.49,1,0,0,17682.02,1,0.689798572067759
15674541,575,Spain,Male,52,8,123925.23,1,0,0,111342.66,1,0.417398440707665
15728564,682,France,Male,41,6,0,2,0,1,134158.09,1,0.0621692280406152
15580701,712,France,Male,33,3,153819.58,1,1,0,79176.09,1,0.151940692013208
15688973,598,Spain,Female,39,5,0,2,1,1,83103.46,0,0.0924847679130929
15709412,776,Spain,Male,30,6,0,2,0,1,63908.86,0,0.0273791921759649
15607753,606,Spain,Female,23,10,70417.79,1,0,1,90896.04,0,0.0401043674532318
15705352,686,Spain,Male,38,7,111484.88,1,1,1,76076.2,0,0.0698723485887569
15602500,850,Spain,Male,38,1,146343.98,1,0,1,103902.11,0,0.0813649286543769
15672437,642,France,Male,72,1,160541,2,1,1,142223.94,0,0.510669496087237
15720968,606,Germany,Male,27,2,130274.26,2,1,0,147533.09,0,0.188261442533931
15730796,627,France,Female,21,7,98993.02,1,1,1,169156.64,0,0.0360305567773289
15768219,850,Spain,Male,36,0,0,2,1,0,141242.57,0,0.115565262841926
15663883,850,Germany,Male,32,9,141827.33,2,1,1,149458.73,0,0.0830468742058089
15589296,724,France,Female,40,6,110054.45,1,1,1,86950.72,0,0.127060361029938
15586425,579,France,Male,28,4,0,2,1,1,176925.69,0,0.0280315394785136
15679813,727,Spain,Male,28,1,0,1,1,0,40357.39,0,0.0776006422165783
15681410,813,Germany,Female,36,6,98088.09,1,0,1,26687.22,1,0.176251937045991
15668283,642,France,Male,48,9,118317.27,4,0,0,78702.98,1,0.258671752034761
15624072,669,Spain,Male,22,10,0,2,1,0,176163.74,0,0.0457400371069007
15669664,574,Germany,Male,54,1,99774.5,1,0,0,4896.11,1,0.634238789138124
15682728,774,France,Female,32,4,0,2,0,0,114899.13,0,0.14297569864162
15573851,735,France,Female,38,1,0,3,0,0,92220.12,1,0.203574623809467
15733661,639,Spain,Female,27,8,133806.54,2,1,0,6251.3,0,0.135498704908383
15710012,738,Spain,Male,44,2,0,2,1,0,43018.82,1,0.191062970102115
15763327,835,France,Male,32,8,124993.29,2,1,1,27548.06,0,0.036267029668516
15668853,637,Spain,Female,44,0,157622.58,1,1,1,120454.2,0,0.209711436845527
15639303,589,Germany,Male,48,5,126111.61,1,0,1,133961.19,0,0.289950912861662
15691011,591,France,Male,42,9,161651.37,2,1,1,131753.97,0,0.0962024914769575
15638513,723,France,Female,40,7,142856.95,2,0,0,38019.74,0,0.294630915628351
15648933,831,Germany,Male,44,3,111100.98,1,1,1,28144.07,1,0.189275362620429
15628904,733,Spain,Male,35,8,102918.38,1,1,1,45959.86,0,0.0535954691709779
15644788,731,France,Female,30,5,0,2,1,0,189528.72,0,0.127518686600787
15598161,654,France,Male,47,10,0,2,1,0,170481.98,0,0.224262941010041
15745624,828,France,Male,37,4,0,2,1,0,94845.45,0,0.112696372413156
15733169,590,Spain,Male,22,7,125265.61,1,1,1,161253.08,0,0.0261357457748109
15801417,657,France,Male,37,4,82500.28,1,1,1,115260.72,0,0.0622927534047773
15592707,531,Germany,Female,64,2,175754.87,2,1,1,60721.4,0,0.699178072773601
15593954,516,France,Female,47,6,109387.33,1,0,0,121365.45,0,0.463904115548141
15714431,561,France,Male,37,1,100443.36,2,0,1,101693.73,0,0.0696725026671684
15638257,682,Spain,Female,54,0,83102.72,2,1,1,54132.93,0,0.27871105117533
15690939,575,Spain,Male,28,7,0,1,1,1,10666.05,0,0.027568695438247
15723613,623,France,Female,28,4,0,2,1,0,41227.67,0,0.111726978224113
15813640,642,France,Female,40,7,0,2,1,0,10712.82,0,0.214210655093209
15707322,779,France,Female,48,2,115290.27,1,0,0,98912.69,1,0.448130022248323
15588918,671,France,Female,42,6,0,2,1,0,197202.48,0,0.26736036609654
15600357,495,France,Female,40,1,140197.71,2,1,0,150720.39,0,0.35138859968735
15747014,850,France,Female,28,1,105245.34,1,0,1,74780.13,0,0.0563554049991418
15809830,630,France,Male,50,8,0,2,0,1,79377.45,0,0.108656825953528
15662245,588,France,Male,32,1,0,2,1,1,8763.87,0,0.0350746195937533
15651075,562,Germany,Male,35,3,142296.13,1,0,1,177112.7,0,0.150515180233466
15594456,740,Spain,Female,56,4,99097.33,1,1,1,85016.64,1,0.323379009761498
15583462,695,France,Male,28,5,171069.39,2,1,1,88689.4,0,0.0380031236325547
15757661,589,France,Female,39,7,0,2,0,0,95985.64,0,0.225238096948452
15729117,607,France,Female,31,1,102523.88,1,1,1,166792.71,0,0.0800641778851848
15749671,794,France,Male,35,6,0,2,1,1,68730.91,0,0.0353111072160104
15566253,580,Germany,Male,44,9,143391.07,1,0,0,146891.07,1,0.475496230869307
15595153,644,Germany,Female,44,8,106022.73,2,0,0,148727.42,0,0.549197115197998
15698572,636,Spain,Female,36,1,0,1,1,0,43134.58,0,0.212793688736449
15674149,599,Germany,Male,36,3,128960.21,2,1,1,40318.33,0,0.125984104458306
15623082,507,France,Female,35,2,0,2,1,0,97633.93,0,0.197646460111141
15797905,682,France,Female,48,7,0,2,1,0,65069.03,0,0.328694194710417
15746028,714,France,Female,24,7,0,2,1,0,166335,0,0.0818127518713539
15582951,696,France,Female,25,8,126442.59,1,1,0,121904.44,0,0.130776790824799
15616471,599,Spain,Male,51,0,0,1,1,1,175235.99,0,0.155121657465323
15641575,577,France,Male,37,2,127261.35,1,1,0,56185.05,0,0.194720401020763
15638803,733,Spain,Female,32,5,0,2,1,0,131625.14,0,0.145495857668117
15808283,647,France,Female,33,4,0,1,1,0,152323.04,0,0.169008333958648
15811200,831,France,Female,34,2,0,2,0,0,165840.94,0,0.159717470570164
15733476,543,Germany,Male,30,6,73481.05,1,1,1,176692.65,0,0.0848589582865771
15633274,679,France,Male,34,7,160515.37,1,1,0,121904.14,0,0.159187786652806
15582168,713,Germany,Female,61,4,149525.34,2,1,0,123663.63,0,0.819329292489591
15807269,690,Germany,Male,43,2,166522.78,1,0,0,119644.59,1,0.463143311616063
15602979,751,France,Male,29,1,135536.5,1,1,0,66825.33,0,0.112621619916794
15660417,613,Germany,Female,43,10,120481.69,1,0,0,94875.03,1,0.552148608824168
15590199,701,Spain,Male,28,1,103421.32,1,0,1,76304.73,0,0.0401192308221556
15641794,698,France,Male,33,5,135658.73,2,0,1,39755,0,0.0494399445102792
15779174,451,France,Female,36,2,0,2,1,1,180142.42,0,0.0856786506748688
15785547,665,France,Male,28,8,191402.82,2,1,0,83238.4,0,0.101005774430072
15795124,726,Germany,Male,50,9,94504.35,1,0,1,5078.9,0,0.251216047607839
15718912,608,Germany,Female,44,5,126147.84,1,0,1,132424.69,1,0.333517201438236
15592028,549,France,Female,46,7,0,1,1,1,109057.56,0,0.158453703442638
15580227,803,France,Male,33,6,0,2,1,0,115676.61,0,0.0897913455637886
15657830,663,France,Male,43,4,87624.03,2,1,0,149401.33,0,0.224923565011836
15798256,558,France,Female,45,1,153697.53,2,0,0,89891.4,1,0.427599153684235
15643819,714,France,Female,25,4,0,2,0,0,82500.84,0,0.0940323562877011
15754301,704,France,Male,39,5,0,1,1,0,6416.92,0,0.142416612773841
15726855,805,Germany,Female,45,9,116585.97,1,1,0,189428.75,1,0.553645966596908
15755225,659,Germany,Male,34,9,134464.58,2,1,0,178833.34,0,0.253031731848388
15725221,738,Germany,Male,62,10,83008.31,1,1,1,42766.03,0,0.429784241778731
15789055,635,Spain,Male,35,2,113635.16,1,1,0,90883.12,0,0.164330889636977
15617507,530,Spain,Female,36,7,0,2,1,0,80619.09,0,0.198543278241558
15668894,661,Germany,Male,41,5,122552.48,2,0,1,120646.4,0,0.171147811297838
15589563,531,Spain,Male,31,2,118899.45,2,0,0,41409.36,0,0.134551090293533
15693162,694,France,Female,29,5,99713.87,1,0,0,112317.89,0,0.166296853854389
15750099,731,France,Female,36,6,0,1,0,0,152128.36,0,0.197554005348264
15795540,556,France,Female,36,2,134208.22,1,0,1,177670.57,0,0.12531001265196
15794941,647,Germany,Female,41,1,85906.65,3,1,0,189159.97,0,0.464224533264275
15611848,850,Germany,Male,32,3,137714.25,1,0,1,159403.68,0,0.104242639259003
15581237,573,Spain,Male,33,1,160777.9,1,1,1,149536.15,0,0.0702430305476336
15738150,591,France,Male,45,5,0,2,1,1,155492.87,0,0.0844007502125892
15678571,723,France,Male,21,4,0,2,0,0,24847.02,0,0.0419762499255308
15736124,617,France,Male,25,1,102585.88,2,1,1,115387.4,0,0.0281740137327482
15623202,704,Germany,Female,39,10,102556.18,2,1,0,171971.25,1,0.428235444732978
15804201,457,Germany,Male,42,4,126772.57,1,0,1,126106.4,0,0.218677181627841
15596863,787,Germany,Female,38,3,158373.23,1,1,1,28228.35,0,0.232320223032372
15696277,651,France,Female,34,9,0,2,1,0,138113.71,0,0.156906038709289
15748608,612,Germany,Male,42,5,141927.1,1,1,1,43018.98,0,0.19400739726598
15723864,828,Spain,Male,47,1,109876.82,2,1,0,83611.45,1,0.276114018640324
15802390,724,France,Female,34,2,0,2,1,1,118863.38,0,0.0611835821193693
15774336,648,Germany,Male,44,9,111369.79,2,1,1,91947.74,0,0.177781100418512
15648766,569,Spain,Male,35,3,116969.35,1,0,0,94488.82,0,0.181628094856484
15659094,765,Germany,Female,34,8,136729.51,2,0,0,47058.21,0,0.35531315871348
15606397,577,Germany,Female,44,1,152086.15,1,0,1,44719.5,1,0.365315420159235
15642619,603,Spain,Male,46,2,0,2,1,0,174478.54,0,0.244856221241584
15666032,568,Spain,Male,28,1,127289.28,1,0,0,45611.51,0,0.121018941348964
15595842,748,Germany,Male,45,2,119852.01,1,0,0,73853.94,1,0.467465212331915
15753837,573,Spain,Male,38,4,0,2,1,1,196517.43,0,0.0565646150244755
15783882,771,Spain,Female,41,5,0,2,0,1,92914.67,0,0.097263740819994
15799790,763,France,Male,35,9,0,1,1,1,31372.91,0,0.0367907524735189
15628155,410,France,Female,35,7,117183.74,1,1,1,109733.73,0,0.111250748324158
15703778,728,France,Male,33,8,129907.63,1,0,1,36083.96,0,0.0494419610909741
15722322,655,Spain,Female,78,2,0,2,0,1,188435.38,0,0.657134423012553
15639278,580,Germany,Female,36,6,145387.32,2,1,1,169963.2,1,0.209384934252964
15568487,712,France,Male,35,7,124616.23,1,1,1,69320.97,0,0.0577563179964494
15682084,680,France,Male,31,9,0,2,1,0,36145.53,0,0.0763447077602482
15642821,383,Spain,Female,48,8,95808.19,1,0,0,137702.01,1,0.494787956865703
15601387,721,France,Male,35,10,0,2,1,0,71594.26,0,0.0991127591604692
15642515,620,France,Female,42,1,0,2,0,1,65565.92,0,0.119007874370246
15710421,774,Spain,Female,36,8,117152.3,1,0,0,101828.39,0,0.243601350137847
15726774,563,France,Male,35,3,106250.72,1,0,0,39546.32,0,0.166335253703053
15649078,850,Germany,Female,27,8,111837.78,2,1,1,110805.79,0,0.0899227559129595
15641877,681,France,Male,47,9,97023.21,1,1,1,2168.13,0,0.113528156961444
15796496,631,France,Female,31,8,137687.72,1,1,0,190067.12,0,0.196560963661004
15815690,614,Spain,Female,40,3,113348.5,1,1,1,77789.01,0,0.13871319381087
15631739,704,Spain,Male,24,10,122109.78,1,1,1,127654.37,0,0.0267403584405213
15625584,786,France,Male,32,2,120452.4,2,0,0,79602.86,0,0.121271867241082
15802466,534,France,Female,53,7,0,2,1,1,80619.17,0,0.21063553103374
15697028,590,Spain,Male,34,0,65812.35,2,0,1,160346.3,0,0.0554018564638302
15575759,583,Spain,Female,40,3,54428.37,1,1,0,109638.78,1,0.308681093627935
15567442,656,France,Female,75,3,0,2,1,1,1276.87,0,0.570725498994808
15746805,597,France,Male,33,9,0,2,1,0,49374.82,0,0.090881000166187
15636330,588,Germany,Female,48,1,143279.58,2,1,0,31580.8,1,0.650768003458995
15714970,667,Germany,Male,32,0,103846.65,1,1,0,20560.69,0,0.243308641344387
15653784,627,France,Male,37,2,125190.86,1,0,1,84584.69,0,0.0774352250674816
15693543,708,France,Female,33,8,0,2,0,1,15246.83,0,0.0539153655767413
15773283,641,France,Male,65,6,38340.02,1,1,0,32607.77,1,0.557230347264905
15742534,527,Germany,Female,28,2,123802.98,2,1,1,155846.69,0,0.129905758887563
15569878,592,France,Male,37,3,96651.03,1,1,1,3232.82,0,0.0685889887218435
15729454,465,France,Male,33,8,0,2,1,0,177668.55,0,0.106010569439825
15578375,628,France,Male,39,6,0,2,0,0,134441.6,0,0.153421540418054
15785559,678,France,Male,43,1,133237.21,1,1,0,111032.79,1,0.26307039160143
15649414,570,France,Female,61,6,142105.35,1,1,1,45214.04,0,0.438023256481856
15701605,815,France,Male,37,1,166115.42,1,1,0,67208.3,0,0.186882175971823
15686696,817,France,Female,37,6,81070.34,2,1,0,80985.88,0,0.207877222649821
15625586,717,France,Male,35,4,0,1,1,1,167573.06,0,0.0455450354473285
15654975,641,France,Female,53,0,123835.52,2,0,1,160110.65,0,0.303316271734806
15782993,624,France,Male,51,10,123401.43,2,1,1,127825.25,0,0.148003532065427
15774382,579,Germany,Male,49,4,169377.31,1,1,1,123535.05,0,0.315911809359545
15689602,698,France,Male,38,2,130015.24,1,1,1,41595.3,0,0.0747762583652452
15756155,645,France,Male,32,4,0,2,0,1,97628.08,0,0.0343401698016732
15812647,691,France,Male,34,8,133936.04,2,1,0,91359.79,0,0.127701732334438
15736043,638,France,Male,34,6,114543.27,1,1,1,97755.29,0,0.0543637697845927
15696744,705,France,Female,31,3,119794.67,1,0,0,182528.44,0,0.204889593296657
15602572,720,France,Male,33,9,0,2,1,1,142956.48,0,0.0330179162296391
15674765,553,Spain,Male,44,4,0,1,1,0,10789.3,0,0.221491175786209
15678725,658,France,Female,29,8,0,2,0,1,130461.09,0,0.0446726340064012
15694444,648,Germany,Female,32,8,157138.99,3,1,0,190994.48,1,0.33271088389971
15795878,636,Spain,Male,45,3,0,2,1,1,159463.8,0,0.0862681608481143
15735346,527,Germany,Female,41,10,136733.24,1,1,1,57589.29,0,0.269917839046909
15687094,717,Germany,Female,28,9,82498.14,2,0,0,40437.67,0,0.23697216943048
15790067,614,Spain,Male,39,3,151914.93,1,0,0,56459.45,0,0.230035905133227
15605742,737,France,Male,43,0,80090.93,1,1,0,39920,1,0.234976886417353
15566740,587,Spain,Male,51,3,83739.32,1,0,1,148798.45,0,0.187114636807931
15664897,682,France,Female,35,2,181166.44,1,1,1,63737.19,1,0.1147778671389
15585777,710,France,Male,38,3,130588.82,1,1,1,154997.64,0,0.0790204021606452
15650864,507,France,Male,42,6,0,2,1,0,34777.23,0,0.179123743629595
15806709,609,Germany,Male,33,6,94126.67,1,0,0,93718.16,0,0.252019024747564
15633818,786,France,Male,32,9,0,2,1,0,133112.41,0,0.0808206497569011
15713845,688,France,Male,38,7,148045.68,1,1,0,175479.92,1,0.196649420826461
15639662,710,France,Male,38,2,0,2,1,0,96.27,0,0.130306450291162
15567013,779,Spain,Male,33,3,0,2,1,0,30804.68,0,0.0949413468376484
15777784,733,France,Female,44,6,168165.84,1,0,1,197193.49,0,0.191571184811047
15800251,583,Germany,Female,26,10,72835.56,2,1,0,96792.15,0,0.211652138018244
15651315,627,France,Male,41,3,0,2,1,0,132719.8,0,0.17086421288492
15651450,666,Germany,Male,31,3,123212.08,2,1,1,112157.31,0,0.0895218121993422
15784218,620,Spain,Male,38,0,0,2,1,1,38015.34,0,0.0538455545828832
15572398,614,Spain,Female,39,6,0,2,1,1,164018.98,0,0.0961764277946709
15707962,606,France,Male,40,6,119501.88,2,1,0,46774.94,0,0.193326715698982
15705663,700,Germany,Female,39,5,144550.83,2,1,1,189664.43,0,0.234245851167959
15645355,677,Germany,Male,34,3,126729.41,1,1,1,26106.39,1,0.115242148466774
15729557,850,Germany,Male,36,5,119984.07,1,1,0,191535.11,1,0.284110077949678
15631436,564,France,Male,35,4,0,1,1,0,158937.55,0,0.133464358589525
15583073,771,Spain,Female,56,2,0,1,1,1,25222.6,1,0.266276048634729
15614361,620,Spain,Male,42,9,121490.05,1,1,1,29296.74,0,0.0946362129350431
15724684,610,Spain,Male,46,5,91897.8,1,1,0,54394.28,0,0.285819757376439
15700083,609,Spain,Male,39,2,139443.75,2,1,0,9234.06,0,0.202980835398311
15636541,683,Germany,Male,35,5,144961.97,1,0,1,26796.73,0,0.129507723530689
15796015,633,Germany,Male,42,3,126041.02,1,0,1,11796.89,0,0.193118286528648
15787222,676,Germany,Male,28,1,69459.05,2,1,1,128461.29,0,0.0640774238415002
15594270,693,France,Male,38,7,198338.77,2,1,1,14278.18,0,0.0757152146771339
15701524,709,France,Male,36,0,0,2,1,0,46811.77,0,0.118722393993604
15645847,569,Germany,Male,35,2,109196.66,3,1,0,109393.19,1,0.266900250601997
15708867,684,Spain,Female,38,3,134168.5,3,1,0,3966.5,1,0.250101554174324
15613140,565,France,Male,34,6,0,1,1,1,63173.64,0,0.0433841228927415
15628893,681,France,Male,29,8,0,1,1,0,66367.33,0,0.0763319852652279
15764073,503,Spain,Female,36,9,0,2,1,1,16274.67,0,0.0721073746416905
15782879,656,France,Male,40,2,0,2,1,1,180553.48,0,0.0605137631206908
15635964,566,Germany,Male,65,4,120100.41,1,1,0,107563.16,1,0.798048995077746
15726087,592,France,Female,62,5,0,1,1,1,100941.57,0,0.367719471585412
15726313,687,Spain,Female,50,5,0,2,1,0,110230.4,0,0.38601072791149
15578073,686,Spain,Male,22,8,0,2,0,0,142331.85,0,0.0485252244253211
15786249,616,Spain,Male,30,2,0,2,1,0,199099.51,0,0.0891355007620165
15812850,494,Spain,Male,67,5,0,2,1,1,85890.16,0,0.323488836138804
15596972,534,France,Male,38,3,0,1,0,0,143938.27,0,0.172349545278155
15620579,695,Spain,Female,31,8,0,2,0,1,131644.41,0,0.0526036741406227
15768270,579,Spain,Female,31,9,0,2,1,0,112395.98,0,0.13611916296536
15656597,432,Germany,Male,38,2,135559.8,2,1,1,71856.3,0,0.164249138155277
15699446,816,Germany,Female,25,2,150355.35,2,1,1,35770.84,0,0.0919879535303485
15615004,730,France,Female,37,1,0,2,1,1,124364.63,0,0.0795371481973822
15704771,593,France,Female,35,6,133489.12,2,1,1,78101.29,0,0.0929784217073248
15588372,715,Germany,Female,37,9,105489.31,1,0,0,143096.49,1,0.43142886316477
15681439,775,Germany,Male,25,10,60205.2,2,1,0,14073.11,0,0.110445971684026
15607509,539,France,Male,38,5,0,2,1,0,47388.41,0,0.141732386324093
15670343,576,Spain,Male,19,6,0,2,0,0,72306.07,0,0.0412097440756374
15597968,617,Spain,Male,50,7,0,1,1,0,184839.7,1,0.308589063500151
15658432,688,France,Male,40,6,0,1,1,1,47886.44,0,0.05962265745281
15616431,608,France,Male,33,4,0,1,0,1,130474.03,0,0.0437219013725037
15796957,597,Spain,Male,35,9,0,3,0,1,73181.39,1,0.0371416160651841
15815552,670,France,Female,42,6,112333.63,1,1,1,65706.86,0,0.140693028213835
15631871,616,Germany,Female,57,7,116936.81,1,1,1,104379.36,0,0.538691427002367
15635870,579,Germany,Female,50,5,117721.02,1,0,1,192146.63,1,0.4481773837963
15596713,786,France,Male,37,7,165896.22,2,1,1,66977.68,0,0.063142758120482
15684211,704,Spain,Female,44,9,153656.85,1,1,0,158742.81,0,0.392748702945771
15760521,796,France,Female,50,1,94164,1,1,1,189414.74,0,0.230595652560397
15608408,598,Spain,Male,39,1,0,2,1,0,159130.32,0,0.165978711108599
15804721,602,France,Male,49,0,191808.73,1,0,0,97640.2,0,0.416077047728976
15730272,619,France,Male,58,5,152199.33,1,1,1,86022.09,0,0.271447180758246
15741988,492,Germany,Female,52,8,125396.24,1,1,0,10014.72,1,0.707062345390162
15771728,641,Germany,Male,41,7,104405.54,3,1,0,17384.21,0,0.311643216224534
15605113,518,France,Female,27,1,133801.49,1,1,1,143315.57,0,0.0711206454543598
15661945,623,Spain,Female,40,4,0,3,1,0,31669.18,0,0.221809553085246
15783816,733,France,Female,28,5,0,2,0,0,12761.16,0,0.10465893334778
15721207,625,Germany,Male,42,6,100047.33,1,1,0,93429.95,0,0.38893393114412
15764072,759,France,Female,31,1,109848.6,1,1,1,42012.55,0,0.0695768209815043
15689412,604,France,Female,32,7,127849.38,1,1,0,15798.7,0,0.200446948079562
15798385,512,Spain,Female,46,3,0,2,1,1,56408.14,0,0.150973257142967
15775339,520,France,Female,29,8,95947.76,1,1,0,4696.44,0,0.157944992508117
15585256,805,Spain,Male,26,2,0,2,1,1,25042.1,0,0.0208720938564867
15797329,626,France,Male,43,4,137638.69,1,1,0,130442.08,1,0.263943855402613
15780220,656,France,Male,38,10,0,1,1,1,136521.82,0,0.0504299389511574
15648951,785,Spain,Male,41,7,0,2,1,1,199108.88,0,0.0597231567603065
15752409,553,France,Male,31,6,0,2,0,0,124596.63,0,0.0919276047831473
15807524,569,France,Female,44,4,0,2,0,0,134394.78,0,0.308982057507599
15766649,670,France,Male,38,10,89416.99,1,0,0,144275.39,0,0.170653858622296
15696812,586,Spain,Male,42,6,0,2,1,1,123410.23,0,0.0701465801579453
15581295,617,Spain,Female,45,1,0,1,1,0,143298.06,0,0.363177764245382
15663234,508,France,Female,60,7,143262.04,1,1,1,129562.74,0,0.436278504403286
15741417,624,Spain,Female,35,7,119656.45,2,1,1,4595.05,0,0.0861928539595456
15695174,654,France,Male,29,4,132954.64,1,1,1,146715.07,0,0.0424735369306932
15665168,681,Germany,Female,44,3,105206.7,2,1,1,163558.36,0,0.292823385489422
15601503,578,Spain,Male,28,4,0,2,0,0,6947.09,0,0.077598693893452
15706131,621,Spain,Female,37,9,83061.26,2,1,0,9170.54,0,0.221865195471059
15782758,632,France,Male,40,5,147650.68,1,1,1,199674.83,0,0.0931680845343208
15591091,644,France,Male,44,5,73348.56,1,1,0,157166.79,1,0.252974592365839
15715877,821,France,Male,28,2,0,2,1,0,46072.52,0,0.0631424103785049
15756918,754,France,Female,38,2,0,2,0,0,3524.69,0,0.200585294855851
15746662,568,Spain,Female,27,1,116320.68,1,0,1,45563.94,0,0.0658200367350123
15626679,584,France,Male,33,3,0,2,0,1,59103.13,0,0.0394758449076051
15793343,549,France,Female,29,8,0,2,1,1,189558.44,0,0.0457746190226483
15576774,729,France,Female,38,7,0,2,0,0,45779.9,0,0.201294053260758
15801316,523,France,Male,61,8,66250.71,1,1,1,21859.06,0,0.263259218469749
15800514,477,Germany,Female,24,2,95675.62,2,0,0,162699.7,1,0.245261898792348
15662232,675,Germany,Male,42,2,92616.64,2,1,0,8567.18,0,0.361803436681962
15737778,782,Spain,Female,41,4,0,1,1,0,132943.88,0,0.257959170093782
15782096,616,Spain,Female,36,6,0,1,1,1,12916.32,1,0.0767681359536044
15783522,738,Spain,Female,37,8,100565.94,1,1,1,128799.86,0,0.0990971231238939
15785373,717,Spain,Female,42,5,190305.78,1,1,0,99347.8,1,0.381116447902762
15756272,526,Germany,Female,35,9,118536.4,1,1,0,40980.87,1,0.401180601708497
15615245,660,France,Male,19,5,127649.64,1,1,1,40368.65,0,0.0196997051515925
15600174,525,France,Male,35,7,165358.77,1,0,1,94738.54,0,0.0751178404448493
15752956,629,Spain,Male,29,6,0,2,1,1,88842.8,0,0.0268572737649721
15644882,616,Germany,Female,36,10,78249.53,1,1,0,136934.91,0,0.393183558362999
15766272,521,Germany,Female,61,0,125193.96,1,1,1,109356.53,0,0.647983233410552
15800620,691,France,Female,29,9,0,2,0,0,199635.93,0,0.116747571631792
15569764,687,Germany,Female,41,2,154007.21,1,1,0,158408.23,0,0.559691986044737
15747458,677,Spain,Female,43,3,133214.88,2,1,1,95936.84,0,0.158143061945951
15573171,695,Spain,Male,63,1,146202.93,1,1,1,126688.83,1,0.370539855243989
15736769,663,France,Female,27,9,0,2,1,0,150850.29,0,0.0994870736302996
15763381,496,France,Male,30,0,90963.49,1,0,1,27802,0,0.0468045839249029
15814430,747,Spain,Male,41,9,0,1,1,0,32430.94,1,0.153074315382241
15638607,546,France,Female,52,2,0,1,1,0,137332.37,1,0.481426095808883
15737133,706,Spain,Male,68,4,114386.85,1,1,1,28601.68,0,0.402265455633747
15613945,472,France,Female,26,5,0,2,1,0,108411.66,0,0.111782476490472
15659937,703,France,Female,40,7,0,2,0,1,122518.5,0,0.0931607947883912
15765287,850,France,Female,38,2,0,2,1,0,9015.07,0,0.183652906760485
15661723,667,Spain,Male,71,4,137260.78,1,0,1,94433.08,1,0.501423995839545
15766064,559,France,Male,33,9,111060.05,2,1,0,110371.84,0,0.123365841471446
15649616,636,Spain,Male,60,7,124447.73,1,1,1,141364.62,1,0.294206135320157
15719017,672,France,Female,34,8,0,2,1,1,16245.25,0,0.0562489026775159
15720919,667,France,Male,42,7,0,1,0,1,108348.94,1,0.0720076567091135
15706706,648,Germany,Male,33,7,135310.41,2,0,1,171668.2,0,0.105809657647475
15709653,497,France,Male,32,8,0,2,1,0,67364.42,0,0.0932556870799829
15805104,743,France,Female,73,6,0,2,0,1,107867.38,0,0.517065395299636
15622442,619,France,Male,29,5,0,2,1,0,194310.1,0,0.0800694281919286
15572801,639,Spain,Male,34,5,139393.19,2,0,0,33950.08,0,0.153364972998075
15767598,540,Spain,Male,28,8,0,2,0,0,197588.32,0,0.0783258130523583
15757897,766,France,Female,26,3,104258.8,1,1,1,428.23,0,0.0462310564291103
15568104,749,France,Female,26,6,0,2,0,1,34948.77,0,0.0346653833467576
15763414,655,Germany,Male,32,9,113447.01,1,1,0,82084.3,0,0.226462587872277
15732265,630,France,Male,33,9,0,2,1,0,64804.59,0,0.0900025348469896
15621974,778,Germany,Female,33,4,111063.73,2,1,0,83556.65,0,0.3320803047876
15803947,757,Germany,Female,30,6,161378.02,1,0,0,71926.28,1,0.329781127513308
15720706,529,Spain,Female,39,2,82766.43,1,1,1,122925.44,0,0.134740408527458
15759290,620,Spain,Male,29,9,0,2,1,0,13133.88,0,0.0694684573672436
15651664,615,France,Female,61,1,104267.7,1,1,0,62845.64,1,0.686736261416278
15795132,735,France,Female,25,3,91718.8,1,0,0,28411.23,0,0.120594697559017
15811565,705,Spain,Female,47,3,63488.7,1,0,1,28640.92,1,0.184544552324892
15713774,644,Spain,Female,46,6,12459.19,1,0,0,156787.34,1,0.368937487399658
15691840,505,Germany,Female,37,6,159863.9,2,0,1,125307.87,0,0.239087555952166
15682021,471,Germany,Male,23,6,104592.55,2,1,0,131736.23,0,0.142908793229709
15612931,722,Spain,Female,50,4,132088.59,1,1,1,128262.14,0,0.257364298784025
15676707,577,Spain,Female,39,4,0,2,1,0,91366.42,0,0.236698507823359
15601383,744,Spain,Male,44,5,120654.68,1,1,0,82290.81,0,0.263293970214524
15662662,573,France,Female,30,6,0,2,1,0,66190.21,0,0.130293139748258
15752694,653,France,Female,32,4,83772.95,1,0,1,23920.65,0,0.0740120508524972
15590683,660,France,Female,31,6,172325.67,1,0,1,45438.38,0,0.087057143492664
15773591,787,France,Male,46,7,117685.31,2,1,1,93360.35,0,0.0994103038228973
15723620,617,France,Male,41,7,0,2,0,1,14496.67,0,0.0604728745684829
15671779,567,France,Male,39,5,0,2,0,0,168521.72,0,0.159847564370196
15672966,682,Spain,Female,64,9,0,2,1,1,103318.44,0,0.360858600121142
15624667,684,France,Male,35,6,135871.5,1,1,1,87219.41,0,0.061006324789111
15812888,447,France,Male,41,3,0,4,1,1,197490.39,1,0.0601587789349767
15724154,625,Germany,Female,49,4,128504.76,1,1,0,126812.63,1,0.669954922766406
15749540,585,France,Male,36,7,0,2,1,0,94283.09,0,0.116740839218587
15621063,516,France,Female,42,8,56228.25,1,1,0,46857.52,0,0.316687179046801
15661626,732,Germany,Female,45,6,98792.4,1,1,0,81491.7,1,0.55726205414921
15698703,628,Germany,Male,40,5,181768.32,2,1,1,129107.97,0,0.179186274143641
15801431,682,Spain,Female,48,9,101198.01,1,1,1,49732.9,0,0.193492714959268
15649451,746,France,Male,25,9,0,2,0,1,88728.47,0,0.0185384138433117
15626156,655,France,Female,60,3,0,2,1,1,86981.45,0,0.314494963774237
15606158,644,France,Female,39,9,0,1,1,0,3740.93,0,0.222110832094081
15589496,778,France,Male,34,5,139064.06,2,0,0,67949.32,0,0.138843340604237
15730345,617,France,Female,35,2,104508.1,1,1,1,147636.46,0,0.101774147106903
15572038,660,Germany,Male,35,9,113948.58,1,1,0,188891.96,1,0.286972893442511
15643439,537,France,Male,47,10,0,2,0,1,25482.62,0,0.0931977326435716
15604158,554,France,Female,39,10,0,2,1,1,18391.93,0,0.0848144521836418
15657396,806,France,Male,31,9,0,2,0,1,140168.36,0,0.027923355932958
15709478,611,Germany,Male,37,1,117524.72,2,0,1,161064.29,0,0.144884117618816
15628824,665,France,Female,37,5,160389.82,1,0,1,183542.08,0,0.132906352525894
15814519,648,France,Female,37,7,0,2,1,0,194238.92,0,0.192620499873766
15636520,692,France,Male,27,1,125547.53,1,0,0,7900.46,0,0.100797469218187
15794414,507,Spain,Male,46,6,92783.68,1,1,1,51424.29,0,0.123883211401485
15643671,696,Germany,Male,49,5,97036.22,2,1,0,152450.84,1,0.491447074950721
15700650,681,France,Male,34,3,0,2,0,0,55816.2,0,0.106294355138083
15680224,687,France,Female,26,6,0,2,1,1,32909.13,0,0.0335195434478059
15784286,641,Spain,Male,40,5,102145.13,1,1,1,100637.07,0,0.0820671453034827
15693996,507,France,Female,33,1,113452.66,1,0,0,142911.99,0,0.253165372530839
15764343,688,Spain,Female,46,8,155681.72,1,1,0,26287.21,0,0.414922532595227
15704168,535,Germany,Male,38,8,127475.24,1,0,0,60775.76,1,0.352443846096507
15680197,701,France,Male,41,10,0,2,1,1,146257.77,0,0.0563853635070048
15633729,488,France,Male,43,10,112751.13,1,1,1,28332,0,0.101806879734734
15577683,539,France,Female,29,4,0,2,1,1,100919.19,0,0.0496048675154582
15800746,674,France,Male,45,7,144889.18,1,1,1,102591.9,1,0.115980767340285
15788686,538,Spain,Male,40,8,0,2,1,1,25554.4,0,0.0572401394938712
15742798,829,France,Female,22,7,150126.44,1,1,0,152107.93,1,0.104339222145932
15596647,768,France,Male,54,8,69712.74,1,1,1,69381.05,0,0.165835236892495
15756070,585,Spain,Female,44,4,0,2,0,1,101728.46,0,0.134899306546693
15775116,581,France,Male,31,3,0,2,0,0,89040.61,0,0.0924442369993396
15575428,682,Germany,Female,35,2,117438.92,2,1,1,16910.98,0,0.177080173534416
15654074,653,France,Male,38,8,119315.75,1,1,0,150468.35,0,0.186628377757759
15695872,712,France,Female,30,1,89571.59,1,1,1,177613.19,0,0.0688661963003491
15568885,620,Germany,Female,34,8,102251.57,1,1,0,120672.09,0,0.383477600294365
15725036,709,France,Male,42,9,118546.71,1,0,1,77142.85,0,0.0894263372295672
15632665,832,France,Male,61,2,0,1,0,1,127804.66,1,0.236536302610588
15571476,635,Spain,Male,38,0,103257.14,1,0,0,158344.63,0,0.219618143890737
15776850,749,Spain,Female,43,1,124209.02,1,1,1,167179.48,0,0.170283502653177
15623649,629,Spain,Male,32,3,0,2,1,1,15404.64,0,0.034708688333363
15751131,836,Spain,Female,41,7,150302.84,1,1,1,156036.19,0,0.14026008688471
15688128,542,Spain,Male,34,8,108653.93,1,0,1,144725.14,0,0.061596876740169
15678412,645,France,Female,45,8,85325.93,1,0,0,22558.74,0,0.367842911416787
15770291,844,France,Female,29,8,0,2,0,0,147342.03,0,0.106507543564355
15583392,747,Germany,Male,37,9,135776.36,3,1,0,85470.45,1,0.264842982280865
15690731,645,France,Male,40,6,131411.24,1,1,1,194656.11,0,0.0893823177861624
15697948,752,Spain,Female,36,3,0,2,1,1,48505.1,0,0.0696843654889549
15608328,760,Spain,Female,41,6,0,2,0,0,101491.23,0,0.247714158196548
15766378,714,Germany,Female,45,9,106431.97,2,1,1,164117.69,0,0.278850957839319
15600813,717,France,Male,50,9,90305.76,1,1,1,124626.57,0,0.140821976278196
15706217,645,Germany,Male,28,7,117466.03,2,1,1,34490.06,0,0.0656867634836946
15601417,681,France,Male,32,3,148884.47,2,1,1,90967.37,0,0.0492161036928605
15610972,681,Germany,Female,44,4,91115.76,2,0,0,24208.84,1,0.533213993832823
15674620,679,Germany,Female,37,8,77373.87,2,0,1,174873.09,0,0.183313630459778
15785350,528,Spain,Male,23,7,104744.89,1,1,0,170262.97,0,0.0764424495411399
15749119,710,France,Female,31,3,0,2,1,1,112289.06,0,0.0499834760621584
15756535,733,Germany,Male,39,5,91538.51,1,1,1,93783,0,0.137886754057071
15700965,724,France,Female,32,6,0,2,1,1,150026.79,0,0.0522289422857754
15791851,726,France,Female,34,0,185734.75,1,1,1,102036.82,0,0.107589576093708
15717156,520,France,Male,30,3,143396.54,2,1,1,898.51,0,0.0436136129658704
15740846,556,France,Male,40,5,125909.85,1,1,1,95124.4,0,0.0893317245333389
15573284,579,France,Female,45,2,0,2,0,0,11514.39,0,0.330733699848056
15729083,674,France,Male,36,2,154525.7,1,0,1,27468.72,0,0.0722864306662439
15611612,570,France,Female,29,0,0,1,1,0,37092.43,0,0.145240359705234
15694381,631,France,Male,51,8,100654.8,1,1,0,171587.9,0,0.363209689848023
15651737,623,Spain,Male,44,1,83325.77,1,0,1,80828.78,0,0.116471747775949
15663168,665,France,Male,35,8,110934.54,1,1,0,169287.99,0,0.152706090201068
15643426,523,Spain,Female,36,8,113680.54,1,0,0,13197.44,0,0.268874253644887
15618245,706,Germany,Male,31,1,117020.08,2,1,0,54439.53,0,0.21855391279269
15717527,619,France,Female,49,9,145359.99,1,1,0,38186.85,0,0.465125468711333
15793478,593,Germany,Female,39,8,151391.68,1,1,0,27274.6,1,0.4829346506477
15642248,608,Spain,Male,66,8,123935.35,1,1,1,65758.19,0,0.384102488833983
15640377,526,France,Female,36,0,0,2,1,0,97767.63,0,0.21190933164254
15723950,684,Spain,Male,40,2,70291.02,1,1,1,115468.84,1,0.0790061295611417
15590327,604,Germany,Female,42,10,166031.45,1,1,0,98293.14,0,0.558940626478638
15706199,636,Germany,Male,36,6,96643.32,1,0,0,182059.28,0,0.307506433300287
15671514,669,Spain,Female,33,8,0,2,0,1,128538.05,0,0.0604799918154574
15727041,624,France,Male,71,7,0,2,1,1,108841.83,0,0.361934988791986
15738063,631,France,Male,29,2,0,2,1,1,18581.84,0,0.0267902997633799
15711733,753,France,Male,48,4,0,2,0,1,146821.42,0,0.0989127849148584
15652320,588,France,Male,40,5,0,2,0,0,100727.68,0,0.164047702426847
15634180,729,Germany,Male,26,4,97268.1,2,1,0,39356.38,0,0.14622090570403
15694566,602,France,Female,42,10,0,2,0,0,169921.11,1,0.264737667661004
15726103,689,Germany,Female,55,1,76296.81,1,1,0,42364.75,1,0.725299023900176
15646351,486,Spain,Male,27,7,0,2,1,0,28823.04,0,0.0703235426386441
15730044,809,Germany,Female,42,6,64497.94,3,0,1,182436.81,1,0.208983329570119
15795186,562,France,Male,38,5,0,1,1,0,115700.2,0,0.15043509609755
15784890,763,Spain,Female,32,8,0,2,1,0,16725.53,0,0.126469213487132
15694125,669,France,Male,57,5,0,2,1,1,56875.76,0,0.168038399393549
15565891,709,France,Male,39,8,0,2,1,0,56214.09,0,0.133039743176845
15674254,554,Spain,Female,45,4,0,2,1,1,193412.05,0,0.148727687903079
15775206,699,France,Male,37,10,0,2,0,0,83263.04,0,0.114926905757847
15797627,732,Spain,Male,54,0,134249.7,1,0,1,13404.4,0,0.215385893405042
15649853,625,France,Female,45,3,0,1,1,1,184474.15,1,0.153465849920449
15610379,599,France,Male,30,9,105443.68,1,1,1,121124.53,0,0.0411430136887535
15659800,584,Spain,Female,50,1,0,1,0,1,152567.75,1,0.227578007029819
15716236,499,France,Male,35,10,0,2,1,0,10722.54,0,0.10727069357477
15672053,526,Spain,Male,38,2,0,2,0,0,58010.98,0,0.15771913438232
15663933,625,Germany,Female,35,5,86147.46,2,1,0,163440.8,1,0.376311960557439
15814236,537,Spain,Female,38,1,96939.06,1,1,1,102606.92,0,0.127987676907208
15583597,696,Spain,Male,47,1,106758.6,1,1,1,80591.18,0,0.139077194737784
15607395,679,France,Female,33,9,112528.65,2,1,0,177362.45,0,0.192412350397841
15694556,684,France,Male,60,2,116563.58,1,1,0,120257.7,1,0.542574616447697
15744109,850,France,Male,32,4,0,1,1,1,180622.02,0,0.0331171738568783
15800688,495,Spain,Female,42,7,0,2,0,0,130404.53,0,0.286162959450966
15810878,537,Spain,Female,38,6,141786.78,1,0,1,147797.54,0,0.140334729186699
15587835,850,France,Male,41,3,136416.82,1,0,1,57844.26,0,0.0896810200670904
15763515,513,France,Male,30,5,0,2,1,0,162523.66,0,0.087021986444225
15725882,618,Germany,Female,40,1,133245.52,2,1,1,54495.82,0,0.250920308995498
15788022,802,Germany,Female,41,4,90757.64,2,0,1,169183.66,0,0.22821668030649
15663917,547,France,Male,43,1,92350.36,1,0,1,80262.91,0,0.112723891160706
15656865,613,Germany,Male,69,9,78778.49,1,0,1,8751.59,0,0.589428529034045
15667971,592,Germany,Female,34,6,102143.93,2,1,1,102628.98,0,0.163005346581377
15800366,546,France,Male,29,5,0,1,1,1,94823.95,0,0.030410674179803
15717231,721,Germany,Male,37,4,98459.6,1,0,0,90821.66,0,0.30872809811658
15643188,671,Germany,Female,47,7,114603.76,2,1,0,153194.32,1,0.593892366594205
15671351,624,Spain,Male,35,2,0,2,1,0,87310.59,0,0.12025573778656
15573628,751,Germany,Female,51,7,148074.79,1,1,0,146411.41,1,0.694654054475738
15698953,636,Spain,Male,36,1,0,3,1,1,74048.1,1,0.0431159005654408
15753888,607,Spain,Female,62,8,108004.64,1,1,1,23386.77,1,0.419269316779948
15737961,509,Germany,Female,29,0,107712.57,2,1,1,92898.17,0,0.135086554169465
15801701,653,Spain,Male,35,9,0,2,1,1,45956.05,0,0.0372795250086209
15684419,709,Spain,Female,37,8,0,3,1,0,71738.56,0,0.170634130409646
15794266,559,France,Male,32,9,145303.52,1,1,0,103560.98,0,0.135518242062265
15810711,684,Germany,Male,37,4,138476.41,2,1,1,52367.29,0,0.125442336441201
15771270,635,France,Female,27,8,127471.56,1,1,1,152916.05,1,0.0565023076311964
15607786,709,France,Male,26,6,156551.63,1,0,1,4410.77,0,0.0342019585028028
15624519,656,Germany,Female,49,9,97092.87,1,1,0,74771.22,1,0.628444695846684
15799910,793,France,Male,32,2,0,2,1,0,193817.63,1,0.0880252449634204
15602479,609,Spain,Male,37,5,129312.79,1,1,1,26793.82,0,0.0739164953248194
15617419,618,Germany,Female,29,10,100315.1,2,1,1,32526.64,0,0.108459825229275
15657603,850,France,Female,35,6,81684.97,1,1,0,824,0,0.192544588635999
15570379,669,Spain,Male,51,3,88827.53,1,0,0,85250.77,1,0.385481440247622
15772996,594,Germany,Male,40,0,152092.44,2,1,1,83508.93,0,0.176703099979636
15729574,616,Spain,Male,71,4,0,2,1,1,173599.38,0,0.389901717562324
15737267,676,France,Female,49,1,0,1,1,0,79342.31,1,0.397198397937517
15799128,608,Spain,Female,38,9,102406.76,1,0,1,57600.66,0,0.11383759194472
15813327,710,France,Male,21,4,109130.96,2,1,1,56191.99,0,0.0184609724616166
15711921,695,France,Male,29,5,0,2,1,1,6770.44,0,0.0245518730748821
15654300,530,Germany,Male,33,9,75242.28,1,0,1,101694.67,0,0.102974259609705
15569945,509,Spain,Male,29,1,0,2,1,0,69113.14,0,0.0898154015995976
15569666,517,France,Female,45,4,0,1,0,0,172674.36,1,0.373982081742157
15681887,758,Germany,Male,33,0,129142.54,2,1,1,26606.28,0,0.0978627334304751
15608873,665,France,Male,51,2,0,1,0,0,53353.36,0,0.322560665336362
15762091,631,Germany,Female,22,6,139129.92,1,1,1,63747.51,0,0.0847329169321122
15722053,576,Spain,Male,33,3,0,2,0,1,190112.05,0,0.0425809197955679
15782100,544,Spain,Male,22,3,66483.32,1,0,1,110317.39,0,0.0248485060225166
15765300,596,Germany,Male,40,5,62389.03,3,1,0,148623.43,1,0.299787452784955
15743570,481,France,Female,34,5,0,2,1,1,125253.46,0,0.0692457086324653
15608541,498,France,Male,46,1,91857.66,1,1,0,101954.78,1,0.318924222809644
15750671,512,Spain,Male,31,6,0,2,1,0,168462.26,0,0.0951938541060193
15813659,594,France,Female,56,7,0,1,1,0,26215.85,1,0.501146738173605
15757867,570,France,Female,30,10,176173.52,1,1,0,97045.32,1,0.196898568921013
15652914,721,Spain,Male,38,7,0,1,0,1,53534.8,0,0.0543346876637581
15723818,453,France,Female,37,4,131834.76,2,1,0,8949.2,0,0.274004680919479
15713819,562,France,Male,48,3,92347.96,1,1,1,163116.75,0,0.146764666988771
15656484,682,France,Male,40,4,0,2,1,1,140745.91,0,0.0585290217728972
15778515,748,France,Male,40,3,95297.11,1,0,0,171515.84,0,0.205895273594082
15803840,729,France,Female,32,9,0,2,0,0,150803.44,0,0.135252980121303
15735339,663,France,Male,39,4,0,1,1,0,76884.05,0,0.152793691090375
15600392,735,France,Female,53,8,123845.36,2,0,1,170454.93,1,0.26836744826819
15625740,627,Germany,Male,62,3,143426.34,2,1,1,143104.3,0,0.508951315758784
15663817,713,France,Male,46,5,0,1,1,1,55701.62,0,0.089465447003191
15734461,562,Germany,Male,31,2,112708.2,1,0,1,186370.3,0,0.109030378480292
15780142,632,France,Male,43,2,100013.51,1,1,0,24275.32,0,0.241677497152881
15709920,479,France,Female,33,2,208165.53,1,0,0,50774.81,1,0.293402296915394
15684248,658,Spain,Male,21,7,0,2,0,1,154279.87,0,0.0161168443803191
15643158,598,France,Female,40,9,0,1,1,0,68462.59,1,0.244464565221632
15693902,597,France,Male,19,2,0,2,1,1,91036.74,0,0.0140585899299508
15578307,512,France,Female,33,6,121685.31,2,1,1,83681.97,0,0.0859288879067635
15585379,704,France,Male,39,2,111525.02,1,1,0,199484.96,0,0.211502728477364
15758510,474,France,Male,26,6,0,2,0,0,152491.22,0,0.0698259999953331
15692918,604,Germany,Male,36,10,113546.3,1,1,1,134875.37,0,0.124476302265553
15705301,683,France,Male,41,6,95696.52,2,1,1,184366.14,0,0.0774266837504125
15718231,537,France,Male,28,0,88963.31,2,1,1,189839.93,0,0.0373879343021079
15567991,794,Spain,Male,31,0,144880.34,2,0,1,175643.44,0,0.0501676213426389
15772650,732,France,Male,55,9,136576.02,1,0,1,3268.17,1,0.19916301092278
15574795,495,France,Female,38,2,63093.01,1,1,1,47089.72,0,0.119721124824067
15706036,552,Germany,Male,38,10,132271.12,2,1,1,46562.02,0,0.133664937699223
15723856,602,France,Female,29,3,88814.4,2,1,1,62487.97,0,0.0572063916994823
15812920,607,Germany,Male,40,5,90594.55,1,0,1,181598.25,0,0.167239815437063
15691287,675,Germany,Female,33,0,141816.25,1,1,0,64815.05,1,0.398613517851683
15804797,443,France,Female,54,3,138547.97,1,1,1,70196.23,1,0.339921933314082
15708650,727,France,Female,31,2,52192.08,2,0,1,160383.47,0,0.0616191498047687
15712777,482,France,Male,38,4,124976.19,1,1,0,35848.12,0,0.205833024468958
15786469,686,France,Female,34,1,0,2,1,0,87278.48,0,0.164517991164817
15669219,588,Germany,Male,35,3,104356.38,1,1,0,94498.82,0,0.296789067378431
15641004,605,Spain,Female,48,10,150315.92,1,0,1,133486.36,0,0.243324597801975
15648067,583,France,Male,39,1,129299.28,2,1,0,73107.6,0,0.205613726858091
15704014,738,Germany,Male,37,7,140950.92,2,1,0,195333.98,0,0.300184154030449
15645136,744,Spain,Male,30,1,128065.12,1,1,0,121525.48,0,0.123908886087882
15709604,781,France,Male,23,2,107433.48,1,1,0,173843.21,0,0.0700069528234999
15713637,699,France,Male,34,2,117468.67,1,1,0,185227.42,0,0.154314909281079
15793901,639,France,Female,27,2,0,2,0,0,125244.18,0,0.113385554528074
15569759,583,France,Female,27,4,0,3,1,0,163113.41,0,0.10707253729055
15712930,587,France,Male,42,1,0,1,0,0,123006.91,0,0.210471732848151
15586504,694,France,Male,40,9,0,2,1,0,40463.03,0,0.139349367000075
15677317,570,France,Female,29,4,153040.03,1,1,1,131363.57,1,0.0771998260266587
15664270,692,Germany,Male,45,6,142084.04,4,1,0,188305.85,1,0.398787915996916
15731519,511,France,Female,30,5,0,2,1,0,143994.86,0,0.139267585842889
15745623,788,France,Male,32,4,112079.58,1,0,0,89368.59,0,0.123320177998629
15813862,526,Spain,Male,66,7,132044.6,2,1,1,158365.89,0,0.381869045073156
15641934,749,Spain,Female,46,9,66582.81,1,1,0,78753.12,1,0.359610095352387
15713043,691,France,Female,33,6,0,2,1,1,100408.31,0,0.0556708700510066
15700749,481,France,Female,39,6,0,1,1,1,24677.54,0,0.100922283883477
15697567,752,France,Male,33,4,0,2,1,1,39570.78,0,0.0324993497476106
15715414,658,France,Female,38,6,102895.1,1,0,0,155665.76,0,0.283719666432171
15639530,679,Spain,Male,42,2,0,1,1,1,168294.27,0,0.0798611129480827
15726058,754,Germany,Male,27,7,117578.35,2,0,1,87908.01,0,0.0610196612718269
15725665,679,France,Male,47,10,198546.1,2,1,0,191198.92,1,0.318898391951806
15698872,633,Spain,Female,39,2,0,2,0,0,191207.03,0,0.252020178564855
15812184,674,France,Female,31,1,0,1,1,0,128954.05,0,0.151816993088064
15742609,600,Germany,Male,28,2,116623.31,1,0,1,59905.29,0,0.0833733447346811
15815043,645,Spain,Male,49,8,0,2,1,0,162012.6,0,0.252843787220468
15640648,698,France,Male,36,6,0,2,0,1,19231.98,0,0.0422638055807366
15627203,508,Spain,Male,54,10,0,1,1,1,175749.36,0,0.170948880861681
15786196,555,France,Female,44,3,105770.7,3,1,0,60533.96,1,0.33660025773191
15612095,751,France,Female,48,9,0,1,1,0,137508.42,1,0.3527768842512
15674368,738,France,Female,39,1,94435.45,2,0,1,189430.86,0,0.119360162385019
15783477,706,Germany,Female,39,8,112889.91,1,0,1,6723.66,0,0.21719324785372
15757559,595,France,Female,53,7,0,2,1,0,41371.68,1,0.427166127592236
15591036,577,Germany,Female,43,3,127940.47,1,0,0,125140.72,1,0.598203643409973
15761241,578,Germany,Female,36,8,129745.1,1,1,1,143683.75,0,0.206852057785273
15695078,699,France,Male,32,3,0,2,1,1,170770.44,0,0.0338762962966913
15645744,826,France,Female,30,5,0,2,0,1,157397.57,0,0.0459957983793477
15566988,656,Germany,Female,46,7,141535.52,1,1,0,50595.15,1,0.612944418999286
15749300,556,France,Female,47,2,139914.27,1,1,1,50390.98,0,0.22733910678166
15594340,569,France,Male,41,4,120243.49,1,1,0,163150.03,1,0.247947827891558
15607065,765,France,Male,34,9,91835.16,1,0,0,138280.17,0,0.133104779572688
15778089,544,Spain,Male,37,2,0,2,0,0,135067.02,0,0.147986149265888
15773723,588,Spain,Female,22,9,67178.19,1,1,1,163534.75,1,0.0361731379693443
15697035,740,Spain,Female,31,8,0,2,0,0,86657.48,0,0.13155618086968
15679668,850,Spain,Male,38,7,115378.94,1,0,1,162087.82,0,0.0695557549853464
15709861,766,Germany,Male,30,4,127786.28,2,1,1,28879.3,0,0.0745663375138364
15791958,849,France,Female,41,6,0,2,1,1,169203.51,1,0.087714429745721
15791030,612,France,Female,33,0,64900.32,2,1,0,102426.12,0,0.189152682788666
15695339,517,Germany,Male,53,0,109172.88,1,1,0,54676.1,1,0.629060342894901
15658813,645,France,Female,55,7,0,2,1,1,18369.33,0,0.224076119552208
15715709,696,Germany,Male,43,4,114091.38,1,0,1,159888.1,0,0.205279604833432
15722533,716,France,Female,40,3,0,2,0,1,167636.15,0,0.098429998989836
15683118,590,France,Male,32,9,0,2,1,0,138889.15,0,0.0902312240476571
15672798,656,France,Female,45,7,145933.27,1,1,1,199392.14,0,0.196658350951237
15680112,473,Germany,Female,35,7,131504.73,1,1,0,189560.43,0,0.448436779437897
15714575,742,Germany,Female,44,8,107926.02,1,0,1,17375.27,1,0.282466458581626
15806808,834,Germany,Female,57,8,112281.6,3,1,0,140225.14,1,0.695511836564836
15590637,721,France,Male,41,7,0,2,0,1,61018.85,0,0.0598073401222399
15657535,590,Spain,Male,29,10,0,1,1,1,51907.72,1,0.0287582844683311
15696141,516,Spain,Female,31,7,0,1,1,0,47018.75,0,0.156382245880208
15811947,850,France,Male,33,0,124781.67,1,0,1,33700.52,0,0.0496199855727554
15649024,748,France,Female,39,9,132865.56,1,1,1,59636.43,1,0.115790974451939
15594928,798,Germany,Female,38,4,129055.13,1,1,0,157147.59,0,0.460806601750041
15765532,612,Germany,Male,76,6,96166.88,1,1,1,191393.26,0,0.727012621900394
15741719,540,France,Female,40,3,165298.12,1,0,1,199862.75,0,0.174962293566558
15665629,719,Spain,Female,33,7,0,2,1,0,20016.59,0,0.144110716359581
15728917,598,France,Male,48,6,120682.53,1,1,0,30635.52,1,0.320735697015799
15762993,796,Spain,Male,32,5,102773.15,2,0,1,117832.88,0,0.0415009119455947
15571193,579,Germany,Male,42,0,144386.32,1,1,1,22497.1,1,0.21772287078932
15653521,850,Germany,Female,40,7,104449.8,1,1,1,747.88,0,0.209836362269055
15802220,599,Spain,Male,35,6,137102.65,1,0,0,76870.81,0,0.172316185461713
15644132,724,France,Female,30,9,142475.87,1,1,1,107848.24,0,0.0677704139429437
15600832,508,France,Female,43,9,0,1,1,0,103726.71,0,0.305339890074586
15797919,773,Spain,Male,37,2,103195.2,2,1,0,178268.36,0,0.159559067254508
15603743,526,France,Male,28,1,112070.44,1,0,1,126281.83,0,0.0452159570227153
15579714,542,France,Female,29,7,0,2,0,1,196651.72,0,0.0515997320203578
15634295,470,France,Male,35,1,96473.59,1,0,0,5962.3,0,0.177183395186036
15786680,805,Spain,Male,37,5,0,2,1,0,21928.81,0,0.111527461717044
15623499,548,Germany,Male,49,9,108437.89,1,0,0,127022.87,1,0.542450156247932
15691823,672,France,Male,37,5,153195.59,1,1,1,162763.01,0,0.0758723494595648
15809279,773,France,Male,45,8,96877.21,1,1,1,113950.51,0,0.0965594487072955
15758039,614,France,Male,44,6,0,2,0,1,104930.46,0,0.0778326173042174
15807163,537,France,Female,38,10,0,1,0,0,52337.97,1,0.221933552862612
15631639,704,France,Female,40,6,95452.89,1,0,1,179964.55,0,0.133238356309859
15713770,586,Spain,Male,41,3,63873.56,1,1,0,83753.64,0,0.216197788255537
15698167,677,France,Female,24,0,148298.59,2,0,0,182913.95,0,0.138853980517583
15781710,558,Spain,Female,31,7,0,2,1,0,166720.28,0,0.144420006187126
15801296,634,Germany,Female,37,7,143258.85,2,1,0,192721.98,0,0.433036331308708
15704378,655,Germany,Male,37,9,121342.24,1,1,1,180241.44,0,0.13511850742041
15767891,619,Germany,Female,28,6,99152.73,2,1,0,48475.12,0,0.254417248971484
15640667,662,France,Female,41,4,0,2,1,0,126551.48,0,0.251499874730216
15702145,705,Spain,Male,33,7,68423.89,1,1,1,64872.55,0,0.0438231362248468
15679738,527,Spain,Female,35,8,0,1,1,0,98031.53,1,0.199600684656429
15636634,630,Germany,Female,25,7,79656.81,1,1,0,93524.22,0,0.229636928368112
15809227,850,France,Male,35,2,0,2,1,1,56991.66,0,0.0354957979476907
15601811,668,France,Female,53,10,110240.04,1,0,0,183980.56,1,0.539150324234397
15625494,573,France,Female,32,9,125321.84,2,1,1,130234.63,0,0.0754356419573553
15723737,680,France,Male,27,3,0,1,1,0,32454.26,0,0.0691812313205943
15682955,758,France,Female,32,2,84378.9,1,1,1,75396.43,0,0.0714039989400172
15758856,597,France,Male,45,7,0,2,0,0,167756.45,0,0.214450748805427
15746065,580,Germany,Male,35,10,136281.41,2,1,1,24799.47,0,0.107524165503858
15783865,622,France,Male,59,5,119380.37,1,1,1,60429.43,0,0.263200941446669
15745455,638,Germany,Male,62,4,108716.59,2,1,1,74241.09,0,0.464135179870674
15583033,640,France,Female,20,4,0,2,0,1,78310.82,0,0.0255485789085582
15644212,644,Spain,Male,28,0,0,2,1,0,119419.37,0,0.0788812976951101
15735688,753,France,Female,31,6,106596.29,1,0,0,91305.77,0,0.178689782504697
15658577,629,France,Female,37,10,99546.25,3,0,1,25136.95,1,0.0847985884714813
15606887,775,France,Female,30,5,0,1,1,0,193880.6,1,0.137163690293726
15783026,701,France,Female,41,2,0,1,1,0,47856.78,0,0.257520190147776
15579892,708,Spain,Male,19,7,112615.86,1,1,1,4491.77,0,0.0182743463093419
15802088,521,Spain,Female,22,10,0,1,1,1,101311.95,0,0.0302270696752454
15589323,636,France,Female,24,9,0,2,0,1,38830.72,0,0.0308097653889464
15636395,529,France,Female,31,5,0,2,1,0,26817.23,0,0.14276405043748
15712772,757,France,Male,28,3,75381.15,1,1,1,199727.72,0,0.0332095007272932
15700937,767,Spain,Female,24,5,0,2,1,1,67445.85,0,0.0293741183621057
15766659,525,Spain,Male,33,5,0,2,1,0,161002.29,0,0.108434916295529
15814033,759,Spain,Male,38,1,0,2,1,0,20778.39,0,0.12835901969283
15783007,520,Germany,Female,45,1,123086.39,1,1,1,41042.4,1,0.35164934391597
15654183,738,France,Female,26,3,0,2,1,0,67484.16,0,0.0954975980581665
15609899,548,Spain,Male,37,4,0,1,1,0,121763.68,0,0.155535729037019
15747323,535,Spain,Male,48,9,109472.47,1,1,0,157358.43,1,0.333102876489013
15582591,615,Spain,Male,59,4,155766.05,1,1,1,110275.17,0,0.309850275562202
15738835,850,Germany,Male,38,7,101985.81,2,0,0,43801.27,0,0.271340315326768
15782404,487,France,Female,34,2,96019.5,1,0,0,9085,0,0.241258625953644
15697480,731,France,Male,30,7,0,2,0,1,143086.09,0,0.027927750727007
15697045,726,Spain,Female,35,9,0,2,0,1,100556.98,0,0.0646525555068598
15781234,609,France,Female,35,2,147900.43,1,1,0,140000.29,0,0.268998422477742
15579891,714,France,Male,52,4,100755.66,1,1,1,186775.25,0,0.179782974245169
15805690,694,Spain,Female,35,7,0,1,1,0,133570.43,1,0.18244195056365
15612139,786,France,Female,33,0,83036.05,1,0,1,154990.58,1,0.084720687340257
15568834,698,Spain,Male,27,6,125427.37,2,0,0,27654.44,0,0.0901690006939683
15709917,601,France,Female,46,3,98202.76,1,0,0,137763.93,0,0.430975115377963
15718843,769,Spain,Male,41,1,72509.91,1,1,0,25723.73,0,0.200266779219848
15799494,850,Germany,Male,44,3,140393.65,2,0,1,186285.52,0,0.196427292223004
15673439,646,Spain,Female,50,5,142644.64,2,1,1,142208.5,1,0.248294025656058
15669011,659,France,Female,44,9,23503.31,1,0,1,169862.01,1,0.141391098489813
15581388,487,Spain,Male,33,8,145729.71,1,1,0,41365.85,0,0.160525627096633
15743153,740,Germany,Female,40,2,122295.17,2,1,1,30812.84,0,0.225160669549272
15579787,686,France,Male,39,4,0,2,1,0,155023.93,0,0.147963256193703
15759966,612,Spain,Female,36,5,119799.27,2,1,0,159416.58,0,0.249346828757117
15601045,655,Spain,Male,37,8,163708.58,2,0,0,76259.23,0,0.186650421498468
15764021,617,France,Male,34,1,61687.33,2,1,0,105965.25,0,0.126728047156382
15687218,674,France,Female,27,4,79144.34,1,0,1,50743.83,0,0.0528405499454678
15626452,711,Spain,Male,32,5,0,2,1,1,147720.27,0,0.0339397880785316
15700964,624,Germany,Female,27,7,104848.68,1,1,1,167387.36,0,0.113923021485154
15768887,597,Spain,Male,26,5,0,2,0,1,95159.13,0,0.0235157695272692
15735358,682,Spain,Male,46,4,0,1,1,1,4654.28,0,0.0917910603502768
15749472,775,France,Male,45,8,0,1,1,0,130376.68,0,0.198934595085578
15685872,727,France,Female,29,1,146652.01,1,1,1,173486.39,0,0.0733603132705651
15760851,629,France,Male,31,6,0,2,1,0,93881.75,0,0.0828882385652695
15734588,684,France,Male,46,0,0,2,1,1,36376.97,0,0.0870638036183388
15784594,549,Germany,Female,37,1,130622.34,2,1,1,128499.94,0,0.222298381027904
15606435,593,Germany,Male,69,2,187013.13,2,0,1,105898.69,0,0.674993299821876
15790247,536,Spain,Male,40,9,0,2,1,1,11959.03,0,0.0560808417333575
15676433,707,France,Female,36,6,0,1,0,0,98810.78,0,0.199060394426458
15625905,592,Spain,Male,41,0,0,2,1,0,65906.07,0,0.18260837025064
15626414,703,France,Male,44,6,98862.54,1,1,0,151516.7,0,0.252930307548863
15623220,723,Spain,Female,45,4,0,2,1,0,37214.39,0,0.300686665887373
15752857,452,Germany,Male,52,1,98443.14,2,0,0,92033.98,0,0.599151377893389
15677908,552,Spain,Male,42,4,0,2,0,0,195692.3,0,0.202862610197612
15773013,633,France,Female,47,0,0,1,1,1,6342.84,1,0.162695769939839
15623972,479,Germany,Female,23,9,123575.51,1,0,1,95148.28,0,0.099975407200924
15738627,768,France,Male,25,6,0,2,1,1,21215.67,0,0.0173330528457204
15643392,742,France,Male,31,4,105239.1,1,1,1,19700.24,0,0.0411075729338931
15684868,668,Germany,Male,56,9,110993.79,1,1,0,134396.64,1,0.633632191984967
15627854,707,Spain,Male,44,3,0,2,1,1,135077.01,0,0.0796006228148003
15669253,754,Spain,Male,39,7,157691.98,2,1,0,133600.89,1,0.193409699884543
15758023,544,Germany,Male,47,5,105245.21,1,0,0,99922.08,1,0.508649228852336
15574558,718,Spain,Male,32,8,0,2,1,1,41399.33,0,0.0310894891069677
15635256,762,France,Male,31,7,117687.35,1,1,1,159344.43,0,0.0427654198218574
15680399,772,France,Male,23,2,0,2,1,0,18364.19,0,0.0459911889766553
15674720,691,Germany,Female,37,7,123067.63,1,1,1,98162.44,1,0.206283756577503
15580249,502,France,Male,45,0,0,1,0,0,84663.21,0,0.265999475404891
15675431,563,France,Female,34,6,0,2,0,0,36536.93,0,0.171802380947278
15698285,676,France,Female,41,4,101457.14,1,1,1,79101.67,0,0.136398387563417
15810775,576,Spain,Male,52,2,100549.43,2,1,1,16644.16,0,0.16745682207403
15678173,629,Spain,Male,35,4,174588.8,2,0,1,158420.14,0,0.0715365229705303
15665222,625,Spain,Male,52,8,121161.57,1,1,0,48988.28,0,0.389953389458623
15803908,628,France,Male,45,9,0,2,1,1,96862.56,0,0.0745753266699049
15586039,471,Germany,Female,36,5,90063.74,2,1,1,96366.7,0,0.196668709954348
15802570,811,France,Female,45,5,0,2,1,1,146123.19,0,0.116743699611092
15781451,504,France,Male,42,3,134936.97,2,0,0,135178.91,0,0.257836104052408
15721019,687,France,Female,24,3,110495.27,1,1,0,158615.41,0,0.125519572331305
15738588,660,Germany,Female,37,2,133200.09,1,0,0,71433.88,0,0.467889038085899
15730657,548,France,Female,41,4,82596.8,1,0,1,55672.09,0,0.143800065285467
15739292,609,Germany,Male,31,9,103837.75,1,1,1,150218.11,0,0.088514573069661
15725945,659,Spain,Female,42,2,0,1,0,0,162734.31,1,0.308598317332586
15813159,526,France,Male,52,8,93590.47,1,0,1,21228.71,1,0.172011864568998
15636820,725,Germany,Male,40,8,104149.66,1,1,0,62027.9,0,0.336670324197466
15603880,519,Germany,Male,38,1,114141.64,1,1,1,60988.21,1,0.165842765264346
15619494,562,Germany,Female,31,9,117153,1,1,1,108675.01,0,0.151121154201012
15596992,482,Germany,Male,45,7,156353.46,1,1,0,72643.95,1,0.504072016643213
15735025,535,Spain,Male,37,3,175534.78,2,1,1,9241.52,0,0.0780078220295451
15730759,561,France,Female,27,9,135637,1,1,0,153080.4,1,0.157856814119874
15752912,661,France,Female,30,7,0,2,1,0,72196.57,0,0.119853945589984
15711316,771,France,Male,27,2,0,2,1,1,199527.34,0,0.0232834951540918
15738785,545,France,Male,26,7,0,2,0,1,156598.23,0,0.02363586701523
15777896,850,Germany,Female,33,2,83415.04,1,0,1,74917.64,0,0.146633894122791
15628963,601,Germany,Male,43,3,141859.12,2,1,1,111249.62,0,0.206033163043142
15742126,712,Germany,Male,38,7,132767.66,2,1,1,59115.77,0,0.126797795860431
15575623,589,France,Female,31,10,110635.32,1,1,0,148218.86,0,0.190709367776407
15741652,600,Spain,Male,37,8,177657.35,1,1,1,77142.32,0,0.0790700035026431
15738884,642,Germany,Male,41,4,157777.58,1,1,0,67484.6,0,0.408736633137704
15615050,575,Germany,Male,47,9,107915.94,2,1,1,63452.18,1,0.223443383638903
15803005,570,Germany,Female,57,5,86568.75,1,0,1,103660.31,0,0.534498979670654
15743498,532,Germany,Male,52,9,137755.76,1,1,0,163191.99,1,0.602649374121762
15720463,796,France,Male,30,2,137262.71,2,1,0,62905.29,0,0.102751742308247
15588695,833,Spain,Male,32,6,0,1,1,1,44323.22,1,0.0327703318276813
15665802,642,Spain,Female,36,6,0,2,1,1,97938.59,0,0.0735172581586474
15571144,655,France,Male,28,10,0,2,0,1,126565.21,0,0.0249045289990546
15750731,736,Germany,Male,50,9,116309.01,1,1,0,185360.4,1,0.52188614987824
15605134,617,France,Female,34,0,131244.65,2,1,0,183229.02,0,0.245349880015392
15626044,762,Germany,Male,28,3,125155.83,2,1,1,106024.02,0,0.0696032537500933
15737910,703,Germany,Male,35,5,140691.08,2,1,0,167810.26,0,0.276986521170116
15761076,507,France,Male,41,3,58820.32,2,1,1,138536.09,0,0.0797006263770929
15710105,581,Germany,Female,26,3,105099.45,1,1,1,184520,1,0.11663179586058
15577402,593,France,Male,31,9,0,2,0,1,20492.16,0,0.0309150022403439
15803337,648,France,Male,23,9,168372.52,1,1,0,134676.72,0,0.0763208578256319
15654372,462,Germany,Male,34,1,94682.56,2,1,0,138478.2,0,0.284783337785913
15585867,596,Spain,Male,36,2,0,2,0,1,125557.95,0,0.0527740078211155
15662488,627,France,Female,44,5,0,2,1,0,82969.61,1,0.290688741503285
15604813,494,France,Male,40,7,0,2,0,1,158071.69,0,0.0670400085862782
15611644,627,France,Male,73,0,146329.73,1,0,1,43615.67,0,0.554554653162168
15674928,850,Spain,Male,37,2,0,2,1,0,119969.99,0,0.121294066283108
15656100,632,France,Female,49,5,167962.7,1,0,0,140201.21,0,0.521593492933936
15764293,490,France,Male,33,1,0,2,1,1,80792.83,0,0.0403714740299994
15636423,715,France,Male,40,7,0,1,1,1,141359.11,0,0.0605905571687622
15607629,679,France,Male,48,8,0,2,1,0,23344.94,0,0.226745681539436
15577313,619,France,Male,44,3,116967.68,1,1,0,5075.17,1,0.270998413230742
15714493,465,Spain,Female,33,6,0,2,1,1,95500.98,0,0.0661067891491863
15643359,736,Spain,Male,32,7,0,1,0,1,79082.62,0,0.0359802263102884
15687913,501,Germany,Female,34,7,93244.42,1,0,1,199805.63,0,0.193724372410289
15790935,535,France,Female,29,5,0,2,0,1,52709.55,0,0.0474300546733527
15708693,759,France,Female,33,2,0,2,1,0,56583.88,0,0.147189069485057
15672016,819,France,Male,35,1,0,2,0,1,3385.04,0,0.0387974088890451
15727605,533,Germany,Male,43,4,80442.06,2,0,1,12537.42,0,0.181023711868661
15651144,632,Germany,Female,35,2,150561.03,2,0,0,64722.61,0,0.427686701517907
15749401,686,France,Male,60,9,0,3,1,1,75246.21,1,0.173116181728735
15691874,687,France,Female,34,9,125474.44,1,1,0,198929.84,0,0.223840292186664
15620735,667,Germany,Female,33,4,127076.68,2,1,0,69011.66,0,0.356761376904025
15769781,699,Spain,Female,25,8,0,2,1,1,52404.47,0,0.0306725280396559
15624611,497,Spain,Male,37,8,128650.11,2,1,1,163641.53,0,0.0728382960570801
15773071,780,Spain,Female,33,6,145580.61,1,1,1,154598.56,0,0.0862377411704809
15720371,652,France,Female,51,3,0,1,1,0,173989.47,1,0.440930516804235
15717984,477,France,Male,47,9,144900.58,1,1,0,61315.37,1,0.329801588230538
15806407,652,France,Female,37,4,0,2,1,0,143393.24,0,0.196197843649566
15785042,488,France,Female,31,8,97588.6,1,0,0,124210.53,0,0.197590657836367
15809302,572,France,Male,24,1,0,2,1,1,151460.84,0,0.0207328241658514
15677550,755,France,Female,38,1,0,2,1,0,20734.81,0,0.200408536756652
15654096,779,Germany,Female,24,10,122200.31,2,1,0,43705.56,0,0.190228134822726
15617320,693,Spain,Female,46,3,151709.33,1,1,0,180736.24,0,0.459145770239174
15653065,530,Spain,Female,22,7,0,2,1,0,104170.48,0,0.0823043661789271
15649112,738,Spain,Female,33,3,122134.4,2,0,1,27867.59,0,0.08086557419721
15690526,690,Germany,Male,31,2,137260.45,2,1,0,55387.28,0,0.223608437829608
15806945,611,France,Female,30,9,88594.14,1,1,0,196332.45,0,0.166285661238056
15670066,643,Spain,Male,34,6,0,2,1,1,116046.22,0,0.0391380975952201
15625761,632,Germany,Male,41,8,127205.32,4,1,0,93874.87,1,0.316847056684022
15761525,727,Spain,Female,31,10,96997.09,2,0,0,76614.04,0,0.157451563334493
15735080,508,France,Female,64,2,0,1,1,1,6076.62,0,0.415578512611084
15619537,550,France,Male,31,5,142200.19,2,1,1,122221.71,0,0.0480752333052893
15598162,754,Germany,Female,39,3,160761.41,1,1,1,24156.03,0,0.250380578835069
15694300,759,France,Male,26,4,0,2,1,0,135394.62,0,0.0581787305284304
15637235,794,Spain,Male,33,8,0,2,0,0,91340.02,0,0.0921021294839695
15612444,549,France,Male,29,3,0,2,1,0,146090.38,0,0.084439167947206
15626457,671,France,Male,31,0,116234.61,1,1,0,172096.08,0,0.135247024123221
15627995,756,Germany,Female,26,5,155143.52,1,0,1,135034.57,1,0.119361861242711
15706128,632,France,Female,21,1,0,2,1,0,84008.66,0,0.0748223642661675
15666430,579,France,Male,38,8,0,2,0,0,91763.67,0,0.1389587522443
15627385,748,France,Male,34,5,84009.47,1,1,1,137001.1,0,0.0499185247984474
15581323,488,Germany,Female,28,7,139246.22,2,1,0,106799.49,0,0.305521047278243
15608109,710,Germany,Male,58,7,170113,2,0,1,10494.64,0,0.421091023802169
15801942,619,Spain,Female,41,8,0,3,1,1,79866.73,1,0.0884436316878249
15567431,773,France,Male,64,2,145578.28,1,0,1,186172.85,0,0.380861004993229
15810167,657,Spain,Male,75,7,126273.95,1,0,1,91673.6,0,0.546355148467795
15644501,579,France,Female,26,10,162482.76,1,1,1,18458.2,0,0.0561154106177972
15785290,542,France,Male,29,9,0,1,1,0,8342.35,0,0.0768514011365694
15611157,709,France,Female,32,2,87814.89,1,1,0,138578.37,0,0.198045975371182
15673837,617,Spain,Male,61,3,113858.95,1,1,1,38129.22,0,0.30791001893249
15656822,568,Germany,Male,43,5,87612.64,4,1,1,107155.4,1,0.152698139215867
15580560,769,France,Female,73,1,0,1,1,1,29792.11,0,0.551758004873049
15760641,608,Germany,Male,26,1,106648.98,1,0,1,7063.6,0,0.0698663875835049
15587584,503,Spain,Male,31,4,0,2,1,1,21645.06,0,0.0349680718732089
15604146,608,Germany,Female,38,8,103653.51,2,1,1,137079.86,0,0.205807866384648
15813974,731,Germany,Male,37,3,116880.53,1,0,0,172718.35,1,0.324329420525291
15746986,850,Germany,Female,40,4,97990.49,2,0,0,106691.02,0,0.43830027768662
15759741,591,Germany,Female,34,4,150635.3,1,1,1,72274.84,0,0.195705871455957
15734892,579,Spain,Male,37,4,0,2,1,1,32246.63,0,0.0490047118540711
15797194,570,France,Male,39,10,129674.89,2,1,0,80552.36,0,0.179221063027706
15723786,709,France,Female,37,9,0,2,1,0,16733.59,0,0.172497015574641
15642726,611,France,Male,53,3,83568.26,1,0,0,1235.49,0,0.403479723397088
15664339,775,Spain,Male,48,4,178144.91,2,0,0,50168.41,1,0.336442176698993
15754526,699,Germany,Male,36,6,147137.74,1,1,1,33687.9,0,0.127098154244775
15703037,618,France,Male,37,5,0,1,0,1,178705.45,1,0.0564473048770448
15751412,704,France,Male,36,3,114370.41,1,0,1,66810.48,0,0.064134275423568
15609558,835,Germany,Female,47,5,108289.28,2,1,1,45859.55,1,0.303102158132843
15572408,714,Germany,Male,39,3,149887.49,2,1,0,63846.36,0,0.348273152631008
15613923,581,Spain,Female,43,4,170172.9,1,0,1,100236.02,0,0.207042164940031
15747000,592,France,Male,27,3,0,2,1,1,19645.65,0,0.023433711999485
15731781,551,France,Male,43,7,0,2,1,0,178393.68,0,0.190543824539705
15727198,689,Germany,Female,28,2,64808.32,2,0,0,78591.15,0,0.254046948049926
15794273,604,France,Female,56,0,62732.65,1,0,1,124954.56,0,0.331401590894268
15804950,514,France,Female,41,7,0,2,1,1,3756.65,0,0.0981119875378682
15576304,698,France,Male,29,5,95167.55,1,1,1,152723.23,0,0.0381970893400786
15645200,581,Germany,Female,54,2,152508.99,1,1,0,187597.98,1,0.776661572716229
15779627,573,Germany,Male,31,0,134644.19,1,1,1,70381.49,0,0.106017269038059
15750755,449,Spain,Female,33,8,0,2,0,0,156792.89,0,0.178281850613465
15569654,850,Germany,Female,31,3,51293.47,1,0,0,35534.68,0,0.289866240225862
15753079,612,France,Male,41,5,0,3,0,0,151256.22,0,0.157770234479989
15684995,690,Spain,Male,49,8,116622.73,1,0,1,51011.29,0,0.147413097544121
15790763,599,Spain,Female,49,2,0,2,1,0,111190.53,0,0.390163358294662
15766458,498,France,Male,33,1,198113.86,1,1,0,69664.35,0,0.185161356305836
15616221,497,France,Female,29,4,85646.81,1,0,0,63233.02,1,0.181615690462341
15776124,802,Spain,Male,51,7,0,1,0,1,40855.79,0,0.118800633251782
15665811,644,France,Male,33,9,141234.98,1,1,0,95673.05,0,0.139708785506093
15729804,714,France,Male,34,10,0,2,1,1,80234.14,0,0.0329171329894968
15714062,690,France,Female,40,9,77641.99,1,0,0,189051.59,1,0.289075027906708
15592197,522,Spain,Male,30,3,0,2,1,0,145490.85,0,0.0951212206330727
15793116,502,Germany,Female,40,7,117304.29,1,0,0,196278.32,0,0.529757099541834
15638231,730,Spain,Female,62,2,0,2,1,1,162889.1,0,0.354590523040858
15697678,590,Germany,Male,36,6,92340.69,2,1,1,174667.58,0,0.117500840700793
15800412,458,Germany,Male,35,9,146780.52,2,1,1,3476.38,0,0.117533758775097
15597610,553,Spain,Male,41,6,144974.55,1,1,1,19344.92,0,0.101836305896494
15726634,479,France,Male,47,1,0,1,1,0,95270.83,0,0.279038221488894
15670866,693,France,Male,31,2,0,2,1,1,107759.31,0,0.0314470761592666
15667462,707,Spain,Male,43,10,0,2,1,0,118368.2,0,0.171423739792049
15662574,636,Spain,Male,37,1,115137.26,1,1,0,52484.01,0,0.19046284283133
15716926,807,France,Male,33,10,101952.97,2,1,0,178153.65,0,0.107135921016956
15603554,513,France,Female,45,0,164649.52,3,1,0,49915.52,1,0.417750062695686
15716800,582,France,Male,31,2,0,2,1,1,33747.03,0,0.0322478381050594
15679429,694,France,Male,32,0,91956.49,1,1,1,59961.81,0,0.0471692781663306
15616122,777,France,Male,39,8,0,2,1,1,18613.52,0,0.0462361440440595
15742172,598,Germany,Male,32,9,123938.6,2,1,0,198894.42,0,0.231149118984934
15792305,762,Germany,Male,46,6,123571.77,3,0,1,57014.17,1,0.188603937458903
15636016,588,France,Female,34,3,120777.88,1,1,1,131729.52,0,0.100904196459786
15733138,663,Germany,Male,42,5,90248.79,1,1,1,79169.73,0,0.171862100026689
15669741,777,France,Male,36,7,0,1,1,0,106472.34,0,0.116765108654599
15616954,592,France,Male,71,4,0,2,0,1,17013.54,0,0.385188571638787
15729238,631,Germany,Male,48,1,106396.48,1,1,1,150661.42,1,0.274365384904461
15718242,725,Germany,Female,47,1,104887.43,1,0,0,86622.56,1,0.624700039618633
15682914,850,France,Male,34,2,72079.71,1,1,1,115767.93,0,0.0464267986577331
15654274,540,France,Male,37,6,0,2,1,0,141998.89,0,0.135081176449262
15691457,674,Spain,Male,36,2,0,2,1,1,182787.17,0,0.0481027052232938
15719649,553,France,Male,38,3,99844.68,1,0,0,187915.7,0,0.209161726044323
15778897,630,France,Female,28,1,0,2,1,1,133267.78,0,0.0441391374021127
15589437,466,France,Male,26,3,156815.71,1,1,1,137476.09,0,0.0428480536971037
15682369,613,France,Male,47,6,146034.74,1,1,1,77146.14,0,0.140978820439165
15626507,558,France,Male,27,1,152283.39,1,1,0,183271.15,0,0.120603873927893
15571995,775,Germany,Female,33,1,118897.1,2,1,1,26362.4,0,0.152087546216354
15673333,698,Germany,Male,52,8,96781.39,1,1,1,153373.71,0,0.299908327761669
15748752,608,Germany,Male,33,1,102772.67,2,1,0,70705.58,0,0.244668342755021
15725302,670,Spain,Female,20,4,0,2,1,0,119759.24,0,0.0682727742994613
15722083,591,Spain,Male,39,8,0,2,0,0,42392.24,0,0.146452456719807
15771442,633,France,Male,40,4,150578,1,0,1,34670.62,1,0.092462220693632
15803633,678,France,Female,46,1,0,2,0,0,82106.19,0,0.329960802301348
15672185,590,France,Male,47,3,0,2,1,0,171774.5,0,0.248791574374726
15806486,705,France,Female,48,0,0,2,0,0,149772.61,0,0.369862012565821
15570895,608,France,Male,42,10,163548.07,1,1,0,38866.85,0,0.249893926749449
15614520,682,France,Female,37,8,148580.12,1,1,0,35179.18,0,0.26810356512213
15687492,596,Germany,Male,32,3,96709.07,2,0,0,41788.37,0,0.232858716024052
15675337,395,Germany,Female,34,5,106011.59,1,1,1,17376.57,1,0.194563938793626
15721047,578,Germany,Male,37,1,135650.88,1,1,0,199428.19,0,0.363805592370243
15589017,547,Germany,Male,55,4,111362.76,3,1,0,16922.28,1,0.599267195031945
15611186,609,France,Male,37,1,39344.83,1,1,1,178291.89,1,0.0650999776626199
15617301,774,Germany,Male,36,9,130809.77,1,1,0,152290.28,0,0.289325334180765
15726046,712,France,Female,27,2,133009.51,1,1,0,126809.15,0,0.156939855959987
15585748,585,Germany,Female,28,9,135337.49,2,1,1,40385.61,0,0.115369350164722
15672826,666,France,Female,32,10,112536.57,2,1,1,34350.54,0,0.0643676381011601
15595162,708,Spain,Female,35,8,122570.69,1,0,0,199005.88,0,0.255385011437381
15650026,513,France,Male,44,1,63562.02,2,0,1,52629.73,1,0.103902361458734
15745826,445,France,Male,37,3,0,2,1,1,180012.39,0,0.0559040353495776
15708610,690,Germany,Male,44,9,100368.63,2,0,0,35342.33,0,0.38287767291551
15624471,850,France,Male,37,6,0,2,1,0,109291.22,0,0.111914174596575
15590097,537,Spain,Female,33,7,136082,1,1,0,62746.54,0,0.238577305420398
15689328,705,Germany,Male,48,9,114169.16,1,0,0,173273.2,1,0.503277020241306
15582154,670,France,Female,45,5,47884.92,1,1,1,54340.24,0,0.155896566549772
15734626,652,Spain,Female,36,1,0,2,1,1,19302.78,0,0.0746958096023704
15702806,696,Spain,Male,24,9,0,1,0,0,10883.52,0,0.0547616750104572
15620756,747,France,Male,49,6,202904.64,1,1,1,17298.72,1,0.165995835282871
15611331,511,France,Female,46,1,0,1,1,1,115779.48,1,0.175060653047862
15576935,743,Spain,Male,43,2,161807.18,2,0,1,93228.86,1,0.112633035511814
15661275,532,Germany,Male,52,3,110791.97,1,1,0,148704.77,1,0.612126371727539
15814940,642,Spain,Female,33,9,0,2,1,1,150475.14,0,0.0565839549179578
15768471,554,Germany,Female,54,6,108755,1,1,0,40914.32,1,0.727423032803398
15697391,604,Spain,Female,34,3,0,2,1,0,38587.7,0,0.17257438577239
15793346,602,France,Female,72,3,0,2,1,1,171260.66,0,0.531395278226499
15608338,757,Spain,Female,55,9,117294.12,4,1,0,94187.47,1,0.479510841825235
15578546,491,Germany,Male,26,4,102251.14,1,1,1,145900.89,0,0.0757984462876439
15656921,850,France,Male,31,4,0,2,0,0,152298.28,0,0.0818377231466291
15761340,521,France,Male,22,5,0,2,1,1,99828.45,0,0.0172411560274441
15591135,726,France,Male,37,2,132057.92,2,1,0,34743.98,0,0.167325457495556
15623219,596,France,Male,33,8,0,1,1,0,121189.3,1,0.107392967063965
15655229,850,Germany,Female,35,7,114285.2,1,0,1,129660.59,0,0.174237239027378
15805884,637,France,Female,41,9,0,2,1,0,145477.36,0,0.233566827886885
15668289,690,Spain,Male,32,2,76087.98,1,0,1,151822.66,0,0.0498061266500404
15568562,689,France,Male,40,8,160272.27,1,1,0,49656.24,0,0.219372902191653
15773276,633,Spain,Male,63,4,114552.6,1,1,0,73856.28,1,0.593258548143797
15622801,555,France,Female,27,8,102000.17,1,1,1,116757,0,0.0569176784316825
15779886,563,Spain,Male,24,7,0,2,0,0,16319.56,0,0.0548525347446972
15713673,494,France,Female,33,1,137853,1,0,1,90273.85,0,0.107625451416545
15783083,534,France,Male,27,9,0,2,1,0,161344.13,0,0.0658360978182292
15742824,696,Germany,Male,42,7,162318.61,1,1,0,121061.89,0,0.414938392804547
15621550,535,Spain,Female,50,1,140292.58,3,0,0,69531.22,1,0.505602940864756
15799480,600,France,Male,34,0,0,2,0,1,3756.23,0,0.040936278057217
15625247,807,France,Female,34,1,0,1,0,0,114448.13,0,0.181959159725359
15755241,714,France,Female,52,2,0,1,0,1,144045.08,1,0.223818198504588
15575679,590,France,Male,24,7,126431.54,1,1,0,58781.11,0,0.0803682629250207
15668235,614,France,Female,41,3,123475.04,1,1,1,179227.52,0,0.157916411265933
15683183,766,Germany,Female,45,6,97652.96,1,1,0,127332.33,0,0.555022871200646
15684592,557,Spain,Male,42,4,0,2,0,1,86642.38,0,0.0757138978959461
15591169,788,Germany,Female,49,4,137455.99,1,1,0,184178.29,1,0.665010911228706
15653455,648,France,Female,38,2,0,2,0,1,9551.49,0,0.0864738636699239
15732563,726,Germany,Female,33,7,99046.31,2,1,1,56053.06,0,0.134497051844437
15656471,773,France,Male,33,9,0,2,1,1,1118.31,0,0.0294426732986099
15598510,583,Germany,Male,27,4,105907.42,2,1,1,195732.04,0,0.0716146206613632
15766427,565,Germany,Male,52,5,97720.35,2,1,0,175070.94,1,0.562606916934699
15785342,705,France,Male,25,9,0,2,0,1,112331.19,0,0.0185942230043058
15641595,685,Spain,Male,43,4,97392.18,2,1,0,43956.83,0,0.224793953461217
15798429,741,France,Male,29,8,0,2,1,1,115994.52,0,0.0234184046701108
15648136,658,Germany,Female,28,9,152812.58,1,1,0,166682.57,0,0.30619319147607
15812482,575,France,Male,27,3,139301.68,1,1,0,99843.98,0,0.103997620118451
15790810,844,France,Female,41,10,76319.64,1,1,1,141175.18,1,0.107756031519439
15687421,559,Spain,Male,67,9,125919.35,1,1,0,175910.95,1,0.676895208608514
15765643,725,France,Male,37,6,124348.38,2,0,1,176984.34,0,0.0632620875170387
15654878,450,France,Male,29,7,117199.8,1,1,1,43480.63,0,0.0427559529544069
15686835,738,Germany,Female,57,9,148384.64,1,0,0,155047.11,1,0.778309967428925
15768340,642,Germany,Female,19,3,113905.48,1,1,1,176137.2,0,0.0710535184933895
15673599,618,Spain,Male,32,5,133476.09,1,0,1,154843.4,0,0.0574551220871917
15689096,590,France,Male,47,0,117879.32,1,1,1,8214.46,0,0.14123848861613
15684294,735,France,Male,50,2,0,2,0,1,147075.69,0,0.11789013747606
15615828,550,France,Male,34,8,122359.5,1,0,0,116495.55,0,0.161500847964122
15746012,729,Spain,Female,28,0,0,2,1,1,31165.06,1,0.0418467892423824
15615797,743,Germany,Male,59,5,108585.35,1,1,1,192127.22,1,0.436434270485096
15788494,555,France,Male,31,8,145875.74,1,1,0,137491.23,0,0.131520700724165
15793856,667,Spain,Female,36,3,121542.57,2,1,1,186841.71,0,0.102175340550604
15629545,790,Spain,Female,41,7,109508.68,1,0,0,86776.38,0,0.316429172297435
15661198,727,Germany,Male,34,2,146407.11,1,1,1,72073.72,0,0.120715394521226
15715117,744,France,Female,39,6,0,1,0,0,10662.58,0,0.22242344559004
15701074,629,Germany,Male,35,8,112330.83,1,1,1,91001.02,0,0.11560934009576
15793046,619,France,Female,35,4,90413.12,1,1,1,20555.21,0,0.0889727893295478
15623744,634,France,Male,34,8,105302.66,1,1,1,123164.97,0,0.0537584508470528
15611329,608,Spain,Female,35,6,0,2,1,1,143463.28,0,0.0725917877421792
15740428,507,France,Female,35,1,0,2,0,0,92131.54,0,0.20215176179245
15781534,536,Germany,Female,35,4,121520.36,1,0,0,77178.42,0,0.434700040785828
15618243,730,Spain,Female,43,1,103960.38,1,1,1,193650.16,0,0.172258495463014
15784161,583,Germany,Male,39,8,102945.01,1,0,0,52861.89,0,0.341423748471332
15700325,644,France,Female,24,8,92760.55,1,1,0,35896.75,0,0.109744279762285
15659064,790,Spain,Male,37,8,0,2,1,1,149418.41,0,0.0433780068642929
15658364,807,Germany,Female,40,1,134590.21,1,1,1,46253.65,0,0.249537711945832
15704340,581,France,Female,37,10,104255.03,1,1,0,86609.37,0,0.252703399520003
15793455,627,Spain,Female,55,6,0,1,0,0,91943.94,1,0.510965788187413
15579777,850,France,Male,41,3,0,2,1,0,128892.36,0,0.153014830266777
15632345,754,France,Female,35,4,0,2,1,0,44830.71,0,0.164417656970006
15814468,551,Germany,Male,50,1,121399.98,1,0,1,84508.44,1,0.322301884827767
15754820,637,Germany,Male,35,8,147127.81,2,1,1,84760.7,0,0.112355436068371
15707505,699,Spain,Male,31,8,125927.51,2,1,0,147661.47,0,0.111458153580851
15699507,542,France,Female,25,7,0,2,0,1,82393.08,0,0.0359483070859448
15799600,640,Germany,Male,48,1,111599.32,1,0,1,135995.58,0,0.279923041750101
15794472,553,France,Female,27,3,0,2,0,0,159800.16,0,0.119337649405616
15646632,741,France,Male,38,9,0,2,1,0,14379.01,0,0.1165085904606
15676353,598,France,Male,35,8,114212.6,1,1,1,74322.85,0,0.0581195760034097
15566312,660,Spain,Female,42,5,0,3,1,1,189016.24,1,0.106741917798256
15570414,618,Spain,Male,41,4,115251.64,1,0,0,136435.75,0,0.253266581928734
15776743,647,France,Male,43,9,0,2,1,1,78488.39,0,0.064264666065319
15674637,491,France,Female,68,3,107571.61,1,0,1,113695.99,0,0.584667287797287
15730418,652,France,Female,32,2,0,2,1,0,54628.11,0,0.146176426858824
15739972,650,Germany,Female,45,9,152367.21,3,1,0,150835.21,1,0.546882515715414
15661591,413,Germany,Male,39,1,130969.77,2,1,1,158891.79,0,0.182917490964751
15675585,416,Germany,Female,25,0,97738.97,2,1,1,160523.33,0,0.112778251008113
15814750,629,Spain,Male,34,8,0,2,1,1,180595.02,0,0.0380473345411289
15593454,678,Spain,Female,40,4,113794.22,1,1,0,16618.76,0,0.314486181274345
15663421,527,Spain,Male,28,6,128396.33,2,1,0,79919.97,0,0.103190800063755
15576196,743,Spain,Female,48,5,118207.69,2,0,0,186489.14,1,0.446746376814679
15677324,683,Germany,Male,73,9,124730.26,1,1,1,51999.5,0,0.667450690631718
15568742,536,France,Female,41,9,0,1,1,0,121299.14,0,0.275052542600132
15693764,663,Spain,Male,52,0,136298.65,1,1,0,144593.3,1,0.433891004712738
15714260,646,France,Female,38,2,0,2,0,0,178752.73,0,0.228914067038208
15798200,707,France,Male,35,2,0,3,1,1,94148.3,0,0.0360103904363957
15656627,602,France,Male,34,5,0,2,1,1,77414.45,0,0.038875737506696
15791111,635,France,Female,47,2,125724.95,2,1,0,63236.97,0,0.41488193742216
15638269,597,France,Male,67,2,0,2,0,1,108645.85,0,0.333831166745403
15807473,503,France,Male,38,1,0,2,1,1,95153.24,0,0.0563669796566233
15708534,524,Spain,Female,64,5,0,1,1,0,136079.64,1,0.685911859235231
15640686,700,France,Male,46,5,95872.86,1,1,0,98273.01,1,0.277472062554754
15588904,692,France,Male,33,9,0,1,1,0,113505.93,1,0.100440567060727
15768763,562,France,Male,37,2,0,1,0,1,52525.15,1,0.0568139090522751
15770543,679,France,Male,37,7,74260.03,1,1,0,194617.98,0,0.157919071431195
15642162,603,Germany,Male,35,1,123407.69,1,1,0,152541.89,1,0.319686789128218
15714046,720,Spain,Male,33,3,123783.91,2,1,1,142903.44,0,0.0497540302084859
15575060,797,France,Male,24,5,0,2,1,0,182257.61,0,0.0513194407843291
15812040,594,France,Male,36,6,153880.15,1,0,0,135431.72,0,0.188712488021447
15812073,529,France,Female,31,7,0,2,1,1,175697.87,0,0.053452230988882
15706810,606,Germany,Female,32,1,106301.85,2,0,1,59061.25,0,0.156371489628059
15584090,621,Spain,Female,40,7,0,2,0,1,131283.6,1,0.103242339595698
15810807,513,France,Female,43,9,0,2,1,0,152499.8,0,0.277257271904001
15582033,753,Germany,Male,44,3,138076.47,1,1,0,15523.09,1,0.439107383697256
15687607,605,France,Female,30,9,135422.31,1,0,1,186418.85,0,0.076677794153409
15588406,574,Spain,Female,37,7,0,2,1,0,32262.28,0,0.202969957585735
15784099,726,France,Female,38,5,126875.62,1,1,0,128052.29,0,0.27500054243935
15701352,611,Spain,Female,28,3,96381.68,2,1,0,181419.29,0,0.156210945211035
15789371,593,Germany,Female,41,4,119703.1,2,1,1,109783.29,0,0.253911754807335
15602845,466,Germany,Male,41,2,152102.18,2,1,0,181879.56,0,0.439091474282877
15707918,741,Germany,Female,36,0,127675.39,2,1,0,74260.16,0,0.407258677330856
15602812,684,Germany,Female,44,2,133776.86,2,0,1,49865.04,0,0.313099833751918
15675888,550,Spain,Female,33,9,72788.03,1,1,1,103608.06,0,0.0797348808809891
15591822,593,Spain,Male,26,9,76226.9,1,1,0,167564.82,0,0.085150346766797
15738501,601,Germany,Male,48,9,163630.76,1,0,1,41816.49,1,0.280948096932641
15585907,676,Spain,Female,30,5,0,2,0,0,179066.58,0,0.142428341060587
15579040,556,France,Female,46,10,0,2,0,0,109184.24,0,0.332018465700613
15804211,719,France,Male,36,3,155423.17,1,1,1,199841.32,0,0.0706018064899289
15736126,850,Germany,Male,55,0,98710.89,1,1,1,83617.17,1,0.343443839102295
15745399,649,Spain,Female,49,2,0,1,1,0,84863.85,1,0.406242769443646
15760749,509,Spain,Male,41,7,126683.8,1,0,1,114775.53,0,0.103150161618209
15637118,684,France,Male,33,4,140700.61,1,1,0,103557.93,0,0.147502791518162
15657829,806,Germany,Male,30,8,168078.83,1,1,0,85028.36,1,0.216607187850882
15738497,729,Spain,Male,44,4,107726.93,2,1,0,153064.87,0,0.242343632297867
15690695,683,France,Female,33,9,0,2,1,1,38784.42,0,0.0522642161271064
15762351,689,Spain,Female,63,1,0,2,1,1,186526.12,0,0.37659836916926
15791172,672,Germany,Female,21,1,35741.69,1,1,0,28789.94,0,0.165112714179162
15598982,602,Germany,Female,53,5,98268.84,1,0,1,45038.29,1,0.470521417204654
15734765,739,France,Female,20,4,133800.98,1,0,1,150245.81,0,0.0370052425536904
15642912,618,France,Female,21,2,125682.79,1,0,0,57762,0,0.11505120202769
15769516,674,France,Female,42,9,0,2,1,0,4292.72,0,0.231624969982075
15789379,762,France,Male,26,6,130428.78,1,1,0,173365.89,0,0.0846697104932803
15695103,790,Spain,Male,37,6,0,2,1,1,119484.01,0,0.0437127517564795
15801924,754,Spain,Female,27,8,0,2,0,0,121821.16,0,0.0999319744815308
15767804,729,France,Male,44,6,0,2,1,0,151733.43,0,0.182614051784006
15718039,606,Germany,Female,47,0,137138.2,2,0,1,53784.22,0,0.376827407151496
15579994,616,France,Male,23,8,73112.95,1,1,1,62733.05,0,0.0227886123657059
15595037,772,France,Male,47,9,152347.01,1,0,1,17671.78,0,0.129564520418352
15600720,652,Spain,Male,41,8,115144.68,1,1,0,188905.43,0,0.232112169093108
15782608,743,France,Male,43,5,0,2,0,0,113079.19,1,0.176279803715449
15566894,793,France,Male,39,3,137817.52,1,0,0,83997.79,0,0.20956247811798
15749123,743,Spain,Male,45,7,157332.26,1,1,0,125424.42,0,0.28720993715967
15668943,746,France,Male,37,2,0,2,1,0,143194.05,0,0.126394770204091
15577423,627,Germany,Female,39,5,124586.93,1,1,0,93132.61,1,0.493831163119819
15623102,713,Spain,Male,38,6,116980.78,2,0,1,76038.38,0,0.0684854056248951
15728012,678,Spain,Female,40,3,128398.38,1,1,0,168658.3,0,0.334838652859067
15683363,540,Spain,Male,39,1,0,1,0,1,108419.41,0,0.0725146179563357
15699335,615,Germany,Female,33,3,137657.25,2,1,1,171657.57,0,0.174025119713779
15574369,415,Spain,Male,53,5,167259.44,1,1,1,22357.25,0,0.244127606425491
15703167,628,France,Female,45,8,0,2,1,0,193903.06,0,0.304725639525017
15754874,700,France,Male,26,4,119009.57,1,1,0,141926.43,0,0.0875906550759538
15723216,623,Germany,Male,33,2,80002.33,1,1,1,104079.62,0,0.102979989847394
15725094,623,France,Female,37,4,140211.88,1,1,1,93832.33,0,0.11930145751091
15647974,679,France,Female,44,3,118742.74,2,1,0,1568.91,0,0.350237830679347
15583371,632,Spain,Male,37,1,138207.08,1,1,0,60778.11,1,0.204431871546242
15772559,790,France,Female,47,10,148636.21,1,0,1,16119.96,1,0.188227949502119
15711251,514,France,Male,45,1,178827.79,1,1,0,60375.18,0,0.340628337802129
15719212,491,France,Male,33,5,83134.3,1,1,0,187946.55,0,0.145070349378447
15764927,753,France,Male,92,3,121513.31,1,0,1,195563.99,0,0.807986770593668
15731412,693,Germany,Female,37,6,95900.04,1,1,1,38196.24,0,0.190271764962028
15719170,679,France,Female,30,1,112543.42,1,1,1,179435.21,0,0.0739825967437051
15596011,529,Spain,Male,34,9,0,1,1,1,93208.22,0,0.0446518830310066
15614834,619,Spain,Female,31,3,141751.82,1,0,1,61531.86,0,0.0895952131102187
15600510,680,Spain,Female,37,6,124140.57,2,1,0,92826.35,0,0.255461747767631
15625706,693,Germany,Male,45,2,116546.59,2,0,0,23140.28,1,0.441247316623863
15781409,834,France,Female,28,6,0,1,1,0,74287.53,0,0.104921173504811
15722583,636,Spain,Female,29,6,157576.47,2,1,1,101102.39,0,0.06674373583789
15677243,538,Spain,Male,43,5,0,2,1,0,126933.73,0,0.200798707738549
15815070,566,Germany,Female,44,5,141428.99,2,0,0,68408.74,0,0.572930897138434
15705899,597,Spain,Male,35,0,127510.99,1,1,1,155356.34,0,0.0720959289057125
15701522,711,France,Female,29,9,0,2,0,1,3234.8,0,0.0398586031462722
15755978,606,France,Male,31,10,0,2,1,0,195209.4,0,0.083018121137392
15722090,615,Spain,Male,51,6,81818.49,1,1,1,169149.38,0,0.16558802175685
15783526,589,France,Male,36,1,100895.54,1,1,1,68075.14,0,0.0653283428526611
15632125,606,Germany,Male,45,5,63832.43,1,1,1,93707.8,0,0.205504876243611
15688395,582,France,Male,29,4,0,2,0,0,156153.27,0,0.0838674106815807
15666975,710,France,Female,36,4,116085.06,1,1,0,58601.61,0,0.246109017033003
15682211,467,France,Male,57,1,0,2,1,1,114448.77,0,0.202638744821831
15637411,749,France,Male,30,1,0,2,0,1,126551.65,0,0.0305327415013408
15591512,564,Germany,Female,33,2,115761.51,1,0,1,112350.21,1,0.194899717650563
15606855,730,Spain,Male,26,6,0,2,1,1,185808.7,0,0.0220960685453809
15763683,678,Germany,Male,32,4,139626.01,1,1,1,118235.52,1,0.104063492426418
15641782,540,France,Female,31,7,0,1,0,1,183051.6,1,0.0637974253667429
15677184,767,France,Female,35,6,115576.44,1,0,1,27922.45,0,0.0902149635467561
15775042,615,France,Female,23,4,0,2,1,0,196476.19,0,0.0855139500699835
15616630,583,Germany,Female,41,5,77647.6,1,1,0,190429.52,0,0.515874500048723
15800233,850,France,Female,40,5,0,2,1,0,35034.15,0,0.199255635950708
15588419,651,Germany,Female,34,10,148962.46,1,1,0,66389.43,1,0.39267056769602
15595557,798,France,Male,22,8,0,2,1,0,107615.43,0,0.0409825703877597
15626143,695,France,Male,37,2,0,2,1,1,99692.65,0,0.0481235763194065
15566030,497,Germany,Male,41,5,80542.81,1,0,0,88729.22,1,0.403626397073254
15701412,739,France,Male,40,4,0,2,0,0,173321.65,0,0.155686799652074
15702464,549,France,Female,34,4,0,2,0,0,139463.57,0,0.184115544658249
15573348,850,France,Male,35,9,102050.47,1,1,1,3769.71,0,0.0470457524908402
15704160,648,Spain,Male,49,5,0,1,1,0,149946.43,1,0.286406588000701
15693704,679,France,Female,24,6,114948.76,2,0,1,135768.25,0,0.0428089086789586
15664752,606,Germany,Male,39,8,136000.45,2,1,0,31708.53,0,0.329345104603108
15628292,850,France,Male,32,4,156001.68,2,1,1,151677.31,0,0.045279678287691
15621195,619,Germany,Male,41,3,147974.16,2,1,0,170518.83,0,0.40516392824005
15668629,719,Spain,Male,44,2,0,2,1,0,196582.19,0,0.206676871324285
15635197,640,Germany,Male,26,5,90402.77,1,1,1,3298.65,0,0.0611466767847515
15592761,710,France,Male,40,5,0,2,0,0,162878.96,0,0.159240464351822
15574283,580,France,Male,31,2,0,2,0,1,64014.24,0,0.0354888616682812
15598097,550,France,Male,44,9,0,2,1,0,26257.01,0,0.190954884853534
15711352,841,France,Female,31,3,162701.65,2,1,1,126794.56,0,0.06997142195205
15620751,760,France,Male,34,2,0,2,1,0,164162.44,0,0.105469811784517
15656717,687,France,Female,30,6,0,2,0,0,179206.92,0,0.133279882581955
15643121,753,Germany,Female,35,5,82453.96,2,0,0,18254.75,0,0.349884139662922
15723671,661,France,Male,35,9,100107.99,1,1,0,83949.68,0,0.140316130057584
15752846,699,France,Male,28,7,0,2,1,1,22684.78,0,0.0220411150697309
15640852,617,Germany,Female,39,5,83348.89,3,1,0,7953.62,1,0.404432345304018
15789313,595,Germany,Female,44,4,96553.52,2,1,0,143952.24,1,0.542456970095588
15793688,669,France,Male,50,9,201009.64,1,1,0,158032.5,1,0.390738497179583
15770405,613,France,Female,27,5,125167.74,1,1,0,199104.52,0,0.159699203585548
15702561,782,France,Male,32,9,0,1,1,1,87566.97,0,0.0309772802994057
15625964,582,France,Female,43,5,153313.67,1,0,0,170563.73,0,0.417639293258148
15761364,679,France,Male,30,9,0,2,1,0,157871.55,0,0.0739935690222469
15590286,611,France,Female,40,2,125879.29,1,1,0,93203.43,0,0.33896854233824
15587978,455,Germany,Female,37,6,170057.62,1,0,1,54398.56,0,0.26827237372647
15773242,621,France,Male,32,1,0,2,1,1,168779.47,0,0.0359823332977693
15761053,596,Germany,Male,48,2,131326.47,1,0,0,1140.02,1,0.535092721525045
15702095,585,Spain,Female,56,1,128472.8,1,1,0,186476.91,1,0.642632541453273
15764253,742,France,Male,32,6,160485.16,1,1,0,29023.03,0,0.128392507939926
15700801,850,Germany,Male,42,6,84445.68,3,0,1,60021.34,1,0.131696698240307
15730590,738,Germany,Female,40,1,115409.18,2,0,0,180456.8,0,0.490132005273932
15643916,619,Spain,Male,46,8,62400.48,1,1,1,132498.39,1,0.112660415309003
15720636,628,France,Female,50,4,143054.56,1,0,1,109608.81,1,0.269915468893053
15795429,487,France,Male,24,7,133628.09,2,1,1,98570.01,0,0.0275164661662373
15609254,513,Spain,Female,41,9,107135.04,2,1,1,160546.58,0,0.141204642312847
15625141,563,Spain,Male,26,7,0,2,0,0,6139.74,0,0.0650383128401714
15810898,803,France,Female,65,2,151659.52,2,0,1,6930.17,0,0.464816728126475
15775797,607,Spain,Female,32,7,0,3,0,1,10674.62,0,0.050005733392607
15795246,628,Germany,Female,51,9,155903.82,2,1,1,71159.84,0,0.406344154837875
15795275,521,Spain,Female,49,4,82940.25,2,0,0,62413.01,1,0.453207964084925
15571869,669,Germany,Female,50,4,112650.89,1,0,0,166386.22,1,0.693079854457122
15694143,686,France,Female,41,10,0,1,1,0,133086.45,0,0.24743861574189
15748231,700,Germany,Male,35,4,95853.39,2,1,0,192933.37,0,0.259242640467844
15632185,663,France,Female,42,1,82228.67,2,1,0,71359.78,0,0.314582648427712
15806249,671,Spain,Female,31,4,0,2,0,1,79270.02,0,0.0528961955010162
15743293,651,Germany,Female,35,1,163700.78,3,1,1,29583.48,1,0.179884608279543
15598157,728,France,Male,34,4,106328.08,1,1,0,88680.65,0,0.142056637513611
15700946,574,France,Female,34,7,152992.91,1,1,1,134691.2,0,0.102216346321894
15722692,464,France,Male,38,3,116439.65,1,1,0,75574.48,0,0.209489664906869
15696506,604,Spain,Male,27,9,101352.78,1,0,0,30252.3,0,0.0918433782231656
15728823,836,Spain,Female,37,10,0,2,1,0,111324.41,0,0.169528709072431
15808851,511,Germany,Female,75,9,105609.17,1,0,1,105425.18,0,0.813339156539771
15675231,518,France,Female,45,8,0,2,1,1,36193.07,0,0.130521885276016
15732299,756,France,Male,67,4,0,3,1,1,93081.87,0,0.267359444742787
15706269,489,France,Female,47,8,103894.38,2,1,1,107625.46,0,0.192818989175167
15590078,622,Spain,Male,27,9,139834.93,1,1,1,152733.89,0,0.0378360047909721
15776985,652,France,Female,36,6,112518.71,2,0,1,110421.31,0,0.0947317384045539
15756743,625,France,Female,37,7,115895.42,1,1,0,48486.25,0,0.255943279527516
15782364,521,Spain,Female,39,3,146408.68,1,0,0,72993.67,0,0.349288285395534
15604093,546,France,Male,34,4,165363.31,2,1,1,25744.13,1,0.0611859896998073
15749328,697,France,Female,45,1,0,2,1,0,46807.62,1,0.301059365841955
15656322,571,Germany,Male,33,3,71843.15,1,1,0,26772.04,0,0.247544874532709
15685564,748,Spain,Male,35,5,105492.53,1,1,1,150057.2,0,0.0578256008063202
15785831,591,France,Male,35,7,183027.25,1,1,1,56028.79,0,0.0677784245092745
15796218,814,Germany,Male,29,1,131968.57,2,1,1,147693.92,0,0.0738318161343016
15716218,709,France,Female,45,3,104118.5,1,0,1,174032,0,0.187458687057079
15572735,433,Spain,Male,27,2,0,2,1,1,153698.65,0,0.0304139747065408
15633840,781,France,Male,20,0,125023.1,2,1,1,108301.45,0,0.0195473067906607
15608760,656,France,Female,30,4,74323.2,1,1,1,22929.08,0,0.0625468386220532
15627848,683,France,Male,38,7,109346.13,2,1,0,102665.92,0,0.165226723473258
15792029,620,France,Male,32,6,0,2,1,0,56139.09,0,0.0869447218123646
15617331,637,Germany,Female,39,3,109698.41,1,1,1,88391.29,1,0.244748659302176
15651740,525,Spain,Female,30,5,0,2,0,1,149195.44,0,0.0572153580684997
15636407,793,Germany,Female,34,5,127758.09,1,1,0,143357.03,0,0.381858173287683
15607526,638,Germany,Male,50,1,102645.48,1,1,0,168359.98,1,0.568186543348972
15632576,520,France,Male,31,4,93249.4,1,1,0,77335.75,0,0.127099815622592
15581505,641,France,Male,35,5,0,2,1,0,93148.93,0,0.113240405496734
15612207,840,Germany,Female,51,1,87779.83,1,0,1,36687.11,1,0.402967331820804
15707242,504,Spain,Male,40,5,0,2,0,0,146703.36,0,0.178073439132649
15721937,686,France,Male,38,0,138131.34,1,0,1,115927.85,0,0.084638361540362
15773852,533,Germany,Male,38,4,70362.52,2,1,1,104189.46,0,0.128656980479529
15719778,577,France,Female,32,1,0,2,1,0,9902.39,0,0.152150620844239
15650538,445,Germany,Female,48,7,168286.58,1,1,0,16645.77,1,0.685177366968571
15797475,720,France,Male,44,3,86102.27,1,1,0,180134.88,1,0.247693925629458
15780359,643,Germany,Male,25,4,115142.9,1,1,1,148098.95,0,0.0633940100958705
15737104,652,Germany,Female,47,0,126597.89,2,1,1,38798.79,1,0.349930030173373
15789936,663,France,Female,33,2,0,2,1,0,153295,0,0.158787026881954
15709523,525,Germany,Female,30,0,157989.21,2,1,1,100687.67,0,0.16095342927473
15593425,662,Spain,Female,54,1,187997.15,1,0,0,111442.71,1,0.642088715241231
15776725,724,Germany,Male,54,8,172192.49,1,1,1,136902.01,0,0.364378736694345
15604706,581,Germany,Male,38,1,133105.47,1,1,0,105732.9,1,0.375251927548527
15790958,685,Spain,Male,38,4,0,2,1,1,35884.91,0,0.0485007558598663
15747534,595,France,Male,46,10,0,1,1,0,73489.15,1,0.22106939547912
15574237,588,France,Female,21,8,0,2,1,1,110114.19,0,0.0259345236418633
15690332,647,Germany,Male,35,3,192407.97,1,1,1,40145.28,0,0.144573453400828
15661290,785,Germany,Female,38,9,107199.75,1,0,0,146398.51,0,0.434626970323688
15651883,794,Germany,Female,55,6,115796.7,1,1,0,160526.36,1,0.731373788398155
15808905,823,France,Male,37,5,164858.18,1,1,1,173516.71,0,0.06944348762355
15715532,687,Germany,Male,38,4,117633.28,1,0,1,88396.6,0,0.149751059905507
15786078,850,France,Female,28,9,0,2,1,0,185821.41,0,0.0952812529475131
15652401,496,France,Female,36,7,0,2,0,0,108098.28,0,0.204554687272859
15673074,527,Germany,Female,30,6,126663.51,1,1,1,162267.91,0,0.15574325113931
15598744,576,Germany,Female,71,6,140273.47,1,1,1,193135.25,1,0.790675060747403
15785975,525,Spain,Female,60,7,0,2,0,1,168034.9,0,0.336589802750832
15613180,727,Germany,Male,21,8,153344.72,1,1,1,163295.87,0,0.0496411564072523
15584229,671,Germany,Female,23,9,123943.18,1,1,1,159553.27,0,0.0887968861429166
15773804,625,France,Male,39,5,0,1,1,0,99800.87,0,0.154133677333418
15699515,643,Germany,Male,33,7,98630.31,2,1,1,40250.82,0,0.0882683833872102
15705313,707,France,Female,33,2,58036.33,1,1,1,83335.78,0,0.0737861395527928
15693817,539,Spain,Male,28,5,0,2,1,0,48382.4,0,0.074794642187593
15673790,498,Germany,Male,45,7,109200.74,2,0,1,165990.44,0,0.227151410662102
15674868,696,Spain,Female,30,0,0,2,1,1,9002.8,0,0.049471403603107
15692110,758,France,Female,33,7,0,1,1,0,188156.34,0,0.158856567504698
15645904,685,France,Female,33,6,0,2,0,1,186785.01,0,0.0616985585172188
15581332,655,Germany,Female,30,1,83173.98,2,1,1,184259.6,0,0.132809603450078
15808544,747,France,Female,40,3,0,1,0,0,57817.84,1,0.243332170702575
15734948,601,Spain,Male,24,7,0,2,0,0,144660.42,0,0.0574361883637414
15654531,477,France,Male,22,5,82559.42,2,0,0,163112.9,1,0.0680781112130684
15637774,558,France,Male,32,5,73494.21,1,0,0,136301.1,0,0.133019313817937
15677141,586,Spain,Male,29,2,132450.24,1,1,1,36176.63,0,0.0450776901391674
15739578,850,France,Male,49,6,128663.9,1,1,0,65769.3,1,0.307821244033036
15697360,505,France,Female,36,2,79951.9,1,0,1,174123.16,1,0.116320855042476
15655213,591,Germany,Female,51,8,132508.3,1,1,1,161304.68,1,0.445673904661617
15580872,761,Germany,Female,38,1,120530.13,2,1,0,109394.62,0,0.44335116295421
15683213,554,France,Female,35,10,74988.59,2,0,1,190155.13,0,0.0859540962041933
15801188,774,France,Female,47,6,94722.88,1,0,1,61450.96,0,0.180319360618482
15645029,771,Spain,Female,33,5,0,2,1,0,8673.43,0,0.143777431766642
15633181,792,France,Male,31,6,71269.89,2,0,1,125912.77,0,0.0353768202538553
15598259,673,Germany,Female,41,9,98612.1,1,1,0,151349.35,0,0.495126296353428
15576000,765,France,Male,40,6,138033.55,1,1,1,67972.45,0,0.0820319533412351
15766047,748,France,Female,41,2,91621.69,1,1,1,71139.31,0,0.129092142010072
15596339,422,France,Male,54,3,140014.42,1,0,1,86350.97,0,0.256175886341937
15715199,568,Spain,Male,27,5,126815.97,2,0,1,118648.12,0,0.0364332440031669
15615938,502,France,Female,64,3,139663.37,1,0,1,100995.11,0,0.534301959857784
15679991,524,France,Female,28,7,0,2,0,1,147100.72,0,0.0464249783489606
15626135,689,France,Male,34,1,165312.27,1,1,0,155495.63,0,0.175945954518023
15792934,661,France,Male,26,8,0,2,0,0,196875.87,0,0.0610256584795924
15744046,606,Spain,Male,33,8,0,2,1,1,63176.77,0,0.0346923434331589
15700826,678,Germany,Female,54,1,123699.28,2,0,1,105221.76,0,0.484045533370069
15756301,636,Germany,Female,29,3,97325.15,1,0,1,131924.38,0,0.135210853298817
15586517,647,France,Male,32,5,97041.16,1,1,1,23132.73,0,0.0458895694446181
15751297,732,France,Male,36,5,0,2,1,0,161428.25,0,0.113301671273385
15710365,646,France,Male,50,0,104129.24,2,1,0,181794.86,1,0.352645461316914
15679307,559,France,Female,43,1,0,1,0,1,86634.3,0,0.143481754255792
15610753,581,France,Male,28,3,104367.5,1,1,1,29937.75,0,0.0379345939994136
15811036,565,France,Male,46,7,135369.71,1,0,1,140130.22,0,0.135921679566067
15610912,657,Spain,Female,41,6,112119.48,1,1,0,17536.82,0,0.324516122636035
15619932,847,France,Male,66,7,123760.68,1,0,1,53157.16,0,0.353072915971908
15746199,558,France,Female,41,6,0,1,1,1,143585.29,1,0.114343452790856
15584967,596,Spain,Male,57,6,0,2,1,1,72402,0,0.183076565035902
15734365,579,France,Male,39,5,0,2,0,1,39891.84,0,0.0561586555122957
15726960,741,France,Female,36,3,0,2,1,1,89804.83,0,0.0686943853846215
15665177,613,France,Male,44,3,0,2,0,1,136491.72,0,0.0844211174121784
15779915,694,Spain,Male,31,5,0,1,1,0,35593.18,0,0.0888362227148512
15729110,729,Spain,Female,42,7,0,2,1,0,58268.2,1,0.243820448858309
15575399,480,France,Female,42,1,152160.21,2,1,0,101778.9,0,0.390972281568108
15678374,666,France,Female,59,5,0,2,1,1,185123.09,0,0.29788915549466
15792679,575,France,Male,24,2,0,2,1,1,119927.81,0,0.0201531942907698
15668767,850,France,Male,36,3,0,2,1,0,195033.07,0,0.11244102882453
15761886,740,France,Male,36,4,172381.8,1,1,1,86480.29,0,0.0687043840416406
15583076,588,Germany,Male,41,6,106116.56,2,1,0,198766.61,0,0.37806517077816
15815615,681,France,Male,36,5,141952.07,1,1,1,185144.08,0,0.0672476234016179
15591942,611,Spain,Female,33,7,0,2,1,1,3729.89,0,0.058761658209637
15724924,589,France,Female,37,6,138497.84,1,0,1,18988.58,0,0.118829302913474
15762123,717,Spain,Female,34,1,0,2,1,0,119313.74,0,0.169583169263163
15567893,556,Germany,Male,33,3,124213.36,2,1,0,62627.55,0,0.264124593053359
15648989,850,France,Male,37,4,126872.6,1,1,0,197266.58,0,0.172493527065193
15662021,685,Spain,Female,42,2,0,2,0,0,199992.48,0,0.29102700742994
15691627,713,France,Female,37,8,0,1,1,1,16403.41,0,0.0744210420868513
15731751,437,France,Female,26,1,120923.52,1,0,1,78854.57,0,0.0665380323210906
15635277,605,Spain,Male,47,7,142643.54,1,1,0,189310.27,0,0.343144200557285
15655252,758,Germany,Male,41,10,79857.64,1,1,1,78088.17,0,0.142341852002641
15803941,600,France,Male,46,10,95502.21,1,0,0,19842.18,0,0.267614535474089
15714380,827,France,Male,38,5,0,2,0,0,103305.01,0,0.124755588696722
15666559,608,Germany,Male,23,8,197715.93,2,1,1,116124.28,0,0.060156469047349
15799998,608,France,Female,30,8,85859.76,1,0,0,142730.27,0,0.170811312294549
15703763,554,France,Male,44,7,85304.27,1,1,1,58076.52,0,0.101864518360041
15795640,683,Germany,Female,35,1,132371.3,2,0,0,186123.57,0,0.416741033963709
15780056,660,Spain,Male,33,4,0,1,1,0,29664.45,0,0.10463712699932
15777873,628,France,Female,31,5,0,1,0,0,147963.07,1,0.155783716617317
15584749,668,Germany,Male,39,4,79896,1,1,0,38466.39,0,0.329510719467448
15765258,776,France,Female,29,5,0,2,1,1,143301.49,0,0.0408779861977953
15623346,820,France,Male,36,4,0,2,1,0,31422.69,0,0.106259949161923
15614054,665,France,Male,36,1,0,2,0,1,121505.61,0,0.049174095472787
15766185,850,Germany,Male,31,4,146587.3,1,1,1,89874.82,0,0.0881615496069737
15667632,703,France,Female,42,7,0,2,0,1,72500.68,0,0.103726644751286
15599024,506,Spain,Male,32,8,0,2,0,1,182692.8,0,0.0395334774691758
15798709,588,Spain,Male,32,3,109109.33,1,0,1,4993.94,0,0.0514053963653616
15741921,622,Spain,Female,26,8,0,2,1,1,124964.82,0,0.0360308244755085
15793671,606,France,Male,34,5,0,1,1,0,161971.42,0,0.116238390179402
15797900,517,France,Male,56,9,142147.32,1,0,0,39488.04,1,0.481405425167077
15667932,758,Spain,Female,43,10,0,2,1,1,55313.44,0,0.100886447585631
15795933,677,France,Female,49,3,0,2,1,1,187811.71,0,0.169458815115217
15660403,827,Spain,Female,35,0,0,2,0,1,184514.01,0,0.0727850394062209
15736299,729,France,Female,36,8,109106.8,1,0,0,121311.12,0,0.239270927661165
15759034,654,France,Male,36,2,112262.84,1,1,0,12873.39,0,0.163149508342562
15724663,654,Spain,Female,36,5,0,2,0,0,157238.05,0,0.19919568511497
15594556,619,Spain,Male,52,8,0,2,1,1,123242.11,0,0.131878003975213
15737169,642,Spain,Male,26,8,144238.7,1,1,1,184399.76,0,0.0349704729481071
15632472,472,Spain,Female,32,1,159397.75,1,0,1,57323.18,0,0.111436002239121
15722813,470,Spain,Male,30,4,125385.01,1,1,0,68293.93,0,0.132997977892747
15588450,633,France,Female,60,8,69365.25,1,1,1,10288.24,0,0.357052352834429
15736717,602,France,Male,31,7,155271.83,1,1,1,179446.31,0,0.0511853020751771
15680683,640,Spain,Male,29,5,197200.04,2,1,0,141453.62,0,0.125372666863468
15710316,454,Spain,Female,48,5,144837.79,1,1,1,93151.77,0,0.258897629929886
15746333,562,France,Female,57,3,0,3,1,0,6554.97,1,0.49207453641798
15606861,636,France,Male,34,8,0,2,1,0,38570.13,0,0.0989769996988808
15641285,621,Spain,Male,50,3,163085.79,1,0,1,131048.36,0,0.200411097187987
15662908,795,Germany,Male,38,7,125903.22,2,1,1,127068.92,0,0.124646989589047
15814267,550,France,Male,22,6,154377.3,1,1,1,51721.52,0,0.0263829833879499
15614923,630,Spain,Male,41,7,107511.52,1,0,1,46156.87,0,0.0920607573987092
15579223,573,Germany,Male,30,8,127406.5,1,1,0,192950.6,0,0.237890666658283
15651389,561,Spain,Male,24,8,143656.55,1,0,1,180932.46,0,0.034087271428471
15677087,662,France,Female,39,5,138106.75,1,0,0,19596.73,0,0.309310763646461
15665784,637,France,Male,27,9,128940.24,1,1,0,46786.92,0,0.0906742131405861
15576706,651,Germany,Male,37,9,114453.58,1,0,1,175820.91,0,0.142480707329092
15615473,646,France,Female,33,2,0,2,0,0,198208,0,0.176148276834687
15587299,567,France,Female,48,3,0,1,1,0,55362.45,0,0.396154273717606
15655389,638,France,Male,41,1,131762.94,1,1,1,47675.29,0,0.0975416646033111
15784491,725,France,Female,31,6,0,1,0,0,61326.43,0,0.140112196928962
15809999,709,France,Female,41,3,150300.65,2,1,0,71672.86,0,0.313955283433653
15681115,787,Spain,Male,39,10,108935.39,1,1,1,101168.3,0,0.067898288778941
15629390,653,France,Male,37,7,135847.47,1,1,0,144880.81,0,0.185198771445605
15792668,661,Germany,Male,37,7,109908.06,2,1,0,115037.67,1,0.281096031084048
15583863,681,Germany,Male,49,8,142946.18,1,0,0,187280.51,1,0.55676405498075
15681878,436,Germany,Male,45,3,104339.11,2,1,1,183540.22,1,0.236646982008967
15782875,663,France,Male,33,5,157274.36,2,1,1,28531.81,0,0.0490655580867643
15732235,662,France,Male,64,0,98848.19,1,0,1,42730.12,0,0.350752203558274
15735909,607,Germany,Female,39,8,105103.33,1,1,0,104721.5,1,0.463398454480061
15653448,754,France,Male,34,7,0,2,1,1,65219.85,0,0.0340225758419682
15587647,850,Germany,Female,66,0,127120.62,1,0,1,118929.64,1,0.702013146401071
15701037,578,France,Male,39,2,0,2,1,0,70563.9,0,0.151933010444199
15727499,666,Germany,Female,36,3,129118.5,2,0,0,139435.12,0,0.42617952645605
15724838,599,France,Female,43,4,0,1,1,0,170347.1,0,0.309425858279587
15666711,586,France,Female,46,0,0,3,0,1,131553.82,1,0.148310165617694
15588933,825,France,Female,36,3,146053.66,1,1,1,138344.7,0,0.107397116078881
15763111,808,Spain,Female,67,10,124577.15,1,0,1,169894.4,0,0.507449885242196
15805676,515,Spain,Male,29,4,151012.55,2,1,0,9770.97,0,0.112901459674946
15586674,663,Spain,Female,58,5,216109.88,1,0,1,74176.71,1,0.448354265243868
15744553,444,France,Male,34,2,144318.97,1,1,0,112668.06,0,0.181835490489266
15776629,650,France,Female,39,4,0,2,0,0,186275.7,0,0.233408254075039
15647207,609,France,Male,26,7,0,2,1,0,98463.99,0,0.0607707428310897
15715638,824,Germany,Male,77,3,27517.15,2,0,1,2746.41,0,0.65575260520821
15750602,662,France,Male,29,5,147092.65,1,1,0,10928.3,0,0.108658516600813
15766810,699,Germany,Female,51,2,92246.14,2,0,1,91346.03,0,0.396799923040326
15756625,752,France,Female,41,8,0,2,1,0,139844.04,1,0.224667139344128
15639552,603,Germany,Female,40,8,148897.02,1,0,0,105052.9,0,0.528730864597888
15633213,628,Spain,Male,50,8,0,1,0,0,144366.83,1,0.307185566899741
15610416,745,France,Female,36,9,0,1,1,0,19605.18,1,0.177659673526643
15715208,804,Germany,Female,33,10,138335.96,1,1,1,80483.76,0,0.149218088832248
15619608,454,Germany,Female,50,10,92895.56,1,1,0,154344,1,0.678240615088704
15628697,631,Spain,Male,46,9,160736.63,1,0,1,93503.02,0,0.142038704704066
15643826,503,France,Male,32,4,0,2,1,1,153036.97,0,0.0380103426389326
15718588,548,France,Female,37,9,0,2,0,0,98029.58,0,0.201926361686198
15709741,668,France,Male,28,4,107141.27,1,1,0,193018.71,0,0.102364852905401
15723318,619,France,Female,55,0,0,3,0,0,60810.64,1,0.477753032996729
15717328,842,France,Female,37,4,132446.08,2,1,0,87071.18,1,0.232839029073028
15771299,707,France,Female,57,1,92053,1,1,1,164064.44,1,0.341348889886063
15706223,715,Spain,Male,38,2,96798.79,2,1,1,4554.67,0,0.0628124120111938
15612358,573,Germany,Male,35,9,134498.54,2,1,1,119924.8,0,0.117221852947293
15769191,509,France,Male,55,8,132387.91,2,1,1,170360.11,0,0.21367626877647
15618816,670,Germany,Female,40,2,147171.2,1,0,1,69850.04,0,0.28389387320063
15730810,613,Spain,Male,44,9,100524.69,1,1,1,47298.95,0,0.101087430289527
15783463,678,France,Female,26,1,0,2,1,0,45443.68,0,0.0978856942967857
15616213,555,Germany,Female,51,9,138214.5,1,1,0,198715.27,1,0.712749304957001
15611287,777,France,Female,30,4,0,2,0,1,115611.97,0,0.0476669002866677
15786454,552,Spain,Male,55,3,0,1,1,1,40333.94,0,0.177854656228057
15768682,640,Spain,Male,39,3,0,1,1,1,105997.25,0,0.0620011863151713
15766172,541,France,Male,34,3,128743.55,1,1,0,134851.12,0,0.165137350078054
15637646,756,France,Male,31,10,122647.32,1,0,0,61666.87,0,0.112433058897062
15653404,684,Spain,Female,24,9,79263.9,1,0,1,196574.48,0,0.044107392783032
15690546,618,France,Female,42,2,0,4,0,0,111097.39,1,0.243413623700924
15735636,604,France,Female,53,2,121389.78,1,1,1,48201.64,1,0.29624421450835
15605424,624,Spain,Male,38,7,123906.55,1,1,0,135096.78,0,0.200332981079629
15568449,661,Spain,Male,38,7,143006.7,1,1,1,15650.89,0,0.0770992995640779
15688085,627,Spain,Female,28,3,157597.61,1,0,1,34097.22,0,0.0735796419296824
15683483,812,Spain,Male,38,3,127117.8,2,1,1,174822.74,0,0.068177464340082
15659567,473,France,Female,39,9,117103.26,2,1,1,85937.52,1,0.121059845569912
15766667,717,Spain,Male,36,2,102989.83,2,0,1,49185.57,0,0.0583161516649872
15624975,693,Spain,Male,28,1,145118.83,1,0,1,77742.38,0,0.0444305188869935
15660878,705,France,Male,92,1,126076.24,2,1,1,34436.83,0,0.78838576149296
15586557,661,France,Male,41,5,0,1,0,1,88279.6,0,0.0712676761337413
15746183,573,France,Female,27,4,0,2,1,1,157549.6,0,0.04157946119866
15631457,639,France,Male,37,5,98186.7,1,0,1,173386.95,0,0.0720354334443696
15754053,718,France,Female,67,7,0,3,1,1,82782.08,0,0.374469670457506
15645839,570,France,Male,37,6,0,1,1,1,187758.5,0,0.0559027406783928
15689955,461,France,Female,40,7,0,2,1,0,176547.8,0,0.256131520245737
15593510,638,Germany,Female,33,5,129335.65,1,1,1,56585.2,1,0.174600724278695
15654964,608,Spain,Male,48,7,75801.74,1,1,0,125762.95,0,0.312078349566235
15594039,599,Spain,Male,42,6,0,2,1,0,113868.4,0,0.183147650921033
15625929,762,France,Female,44,7,159316.64,1,0,0,24780.13,0,0.385410975033272
15815295,662,France,Female,38,2,96479.81,1,1,0,120259.41,0,0.274752347093209
15621818,747,Germany,Male,29,7,117726.33,1,1,1,175398.34,0,0.0788812874959403
15652700,539,France,Male,39,6,0,2,1,1,86767.48,0,0.0566472218934176
15636860,625,France,Male,43,4,122351.29,1,1,0,71216.6,0,0.258900771164691
15569432,656,France,Female,48,9,0,2,1,1,85240.61,1,0.150006822033758
15751455,469,France,Female,48,5,0,1,1,0,160529.71,1,0.406040650453417
15800583,621,Spain,Female,43,8,0,1,0,0,102806.6,0,0.298714883012075
15770214,754,France,Female,27,7,0,2,1,0,144134.64,0,0.0959046532398127
15613463,679,Germany,Female,50,6,132598.38,2,1,1,184017.98,0,0.402146122120088
15587066,535,France,Male,38,2,119272.29,1,0,0,195896.59,1,0.229318113575958
15693752,487,France,Male,37,2,0,2,1,1,126722.57,0,0.054643463600293
15714874,850,France,Female,42,3,0,2,1,1,176883.42,0,0.0999496884114001
15657809,585,France,Male,55,10,106415.57,3,1,1,122960.98,1,0.175245626617125
15651955,603,France,Male,31,4,0,2,0,1,9607.1,0,0.0324029745040722
15570912,728,Germany,Female,32,9,127772.1,2,1,1,152643.48,0,0.141492218790976
15640266,621,Spain,Male,41,5,104631.67,1,1,1,95551.22,0,0.0922367251057122
15652069,833,France,Male,30,1,0,2,1,0,141860.62,0,0.0772414889645089
15596074,502,France,Male,37,10,0,1,1,1,76642.68,0,0.0528393190555973
15800268,825,Germany,Male,37,6,118050.79,1,0,1,52301.15,0,0.122181667085508
15809847,668,France,Male,46,0,0,2,0,0,29388.02,0,0.224207663833656
15599074,487,Spain,Female,40,6,136093.74,1,0,1,193408.43,0,0.172081189438362
15599591,600,Germany,Female,39,7,88477.36,2,1,0,58632.37,0,0.435968316674592
15776096,606,Spain,Male,34,3,161572.24,1,0,1,191076.22,0,0.0725908798254986
15611669,623,Germany,Male,50,7,126608.37,1,0,1,645.61,1,0.297134095297165
15694098,575,France,Female,54,9,68332.96,1,1,1,144390.75,0,0.275421085122893
15713347,577,Spain,Male,48,6,179852.26,1,1,0,193580.32,0,0.386395800497263
15713094,651,France,Female,25,8,0,2,1,1,126761.2,0,0.0321271752536785
15811978,693,Germany,Male,46,2,104763.41,1,1,1,62368.33,0,0.223700653383828
15799925,800,France,Male,60,6,88541.57,2,1,1,131718.12,0,0.22386118764784
15692575,760,France,Male,38,6,162888.73,1,1,0,91098.76,1,0.192222402968732
15743149,711,France,Female,35,8,0,1,1,1,67508.01,0,0.0657716429660881
15776947,637,Spain,Male,43,8,0,1,1,0,12156.93,1,0.186042681414287
15700656,662,France,Male,32,9,0,2,0,0,65089.38,0,0.0867844134363785
15594515,568,France,Female,44,7,0,2,0,0,62370.67,1,0.303382530546258
15787884,692,France,Female,30,7,0,2,1,1,18826.34,0,0.0420831228195502
15577988,614,France,Female,35,1,0,2,1,1,3342.62,0,0.0713717154387405
15795586,478,France,Male,35,1,92474.05,1,1,0,178626.07,0,0.174270913222899
15677739,562,France,Male,36,6,0,2,1,0,32845.32,0,0.118860271472272
15720134,709,Germany,Male,30,9,115479.48,2,1,1,134732.99,0,0.0728046198344514
15688868,684,France,Female,26,5,87098.91,1,0,0,106095.82,0,0.134857123097242
15642996,546,Germany,Female,42,9,86351.85,2,1,0,57380.13,0,0.486744735611837
15771222,779,France,Female,42,5,0,2,0,0,25951.91,0,0.240610846013308
15605059,576,Germany,Male,63,3,148843.56,1,1,0,69414.13,1,0.786385059192586
15568088,481,Germany,Male,44,3,163714.52,1,1,0,96123.72,0,0.511659389019762
15665943,445,France,Male,25,6,0,2,1,0,119425.94,0,0.0641552172490348
15795571,606,Spain,Male,36,0,94153.56,1,0,1,120138.27,0,0.0710320632797903
15662243,559,France,Male,50,5,162702.35,1,0,0,150548.5,1,0.417982634152081
15593128,608,France,Female,56,10,129255.2,2,1,0,142492.04,1,0.574516020360186
15589739,698,France,Male,41,3,90605.29,1,1,1,14357,0,0.0828660317921762
15787602,568,Spain,Male,39,5,0,2,1,1,129569.92,0,0.0575698325760639
15685019,528,France,Male,29,3,102787.42,1,1,0,55972.56,0,0.112979443824978
15704209,802,France,Female,39,7,120145.96,2,0,1,59497.01,1,0.105222811379978
15605264,669,Germany,Male,47,0,63723.78,2,1,1,181928.25,0,0.227868893700468
15708265,581,Spain,Female,24,10,159203.71,1,1,1,102517.83,1,0.0512298500903001
15740264,640,France,Male,38,9,0,2,1,0,88827.67,0,0.124869501266278
15615477,529,Spain,Female,44,1,0,2,0,0,14161.3,0,0.331159191108947
15727361,547,France,Female,51,1,0,2,1,1,56908.41,0,0.202477716387062
15760216,718,France,Female,49,10,0,1,1,0,184474.72,1,0.36718934926199
15806134,707,Germany,Male,34,9,162691.16,2,1,0,94912.78,0,0.250802667845715
15601351,735,France,Male,43,9,127806.91,1,1,1,73069.59,0,0.0948300074913852
15669262,765,France,Male,43,9,157960.49,2,0,0,136602.8,0,0.237981388592847
15696989,469,Germany,Female,52,8,139493.25,3,0,0,150093.32,1,0.701922020530371
15688498,594,Germany,Female,21,2,87096.82,2,1,0,168186.11,0,0.189035690288221
15686964,675,France,Female,34,10,84944.58,1,0,0,146230.63,0,0.208056456764704
15625035,703,France,Male,50,8,160139.59,2,1,1,79314.1,0,0.150706910019112
15618391,810,France,Male,33,6,0,2,1,1,77965.67,0,0.031531280400979
15591344,715,Spain,Male,42,6,0,2,1,1,128745.69,0,0.0666027549014674
15605455,664,France,Male,40,9,0,2,1,0,194767.3,0,0.150482056062457
15680804,850,France,Male,29,6,0,2,1,1,10672.54,0,0.0220677424880312
15768282,724,Germany,Male,36,6,94615.11,2,1,1,10627.21,0,0.0999523918379086
15685826,563,France,Male,30,7,90727.79,1,1,0,122268.75,0,0.111541815980794
15793491,714,Germany,Male,26,3,119545.48,2,1,0,65482.94,0,0.153276864404293
15797787,614,France,Male,36,1,118311.76,1,1,0,146134.68,0,0.17917848555693
15611171,740,France,Male,33,1,129574.98,1,1,1,123300.38,0,0.0556184584395954
15601627,587,France,Male,33,8,148163.57,1,0,0,122925.4,0,0.158457657974058
15734085,465,Germany,Male,24,5,117154.9,1,1,1,127744.02,0,0.0656530378474231
15809309,689,Spain,Female,40,5,154251.67,1,0,1,118319.5,0,0.150149829092108
15809462,656,France,Male,30,3,0,2,0,1,17104,0,0.0285722646780324
15634628,579,France,Female,33,1,65667.79,2,0,0,164608.98,0,0.209058225435812
15775678,716,France,Female,44,1,0,1,1,1,152108.47,0,0.134964750217773
15579526,551,France,Male,42,1,50194.59,1,1,1,23399.58,0,0.0910763200493337
15779103,527,Germany,Female,39,9,96748.89,2,1,0,94711.43,0,0.43810912467369
15738715,600,France,Female,37,4,0,3,1,0,7312.25,1,0.178711685571548
15593943,685,France,Female,43,1,132667.17,1,1,1,41876.98,0,0.172703384372666
15754574,738,Spain,Male,36,5,0,2,1,1,96881.32,0,0.0417234560565535
15737814,622,France,Male,41,2,127087.06,1,1,0,102402.91,1,0.238296899646516
15670889,528,France,Male,34,1,125566.9,1,1,1,176763.27,0,0.0679672552041322
15629299,546,Germany,Female,52,1,106074.89,1,1,1,23548.45,1,0.466819560941495
15771569,576,Germany,Male,46,4,137367.94,1,1,1,33450.11,0,0.246761448156161
15811927,733,France,Female,38,3,157658.36,1,0,0,19658.43,0,0.294151032117193
15785654,727,Germany,Male,45,6,114422.85,2,1,1,104678.78,1,0.189681009681294
15665524,605,Spain,Male,41,5,103154.66,1,0,0,143203.78,0,0.241926412911904
15736287,586,France,Male,33,9,0,1,1,0,6975.02,0,0.0986662392361986
15765732,564,Spain,Female,24,6,149592.14,1,1,1,153771.8,0,0.0542195924270521
15797381,593,Germany,Female,48,3,133903.12,2,1,1,85902.39,1,0.37071977829692
15598536,736,Germany,Female,26,0,84587.9,1,0,1,188037.76,0,0.113325202024631
15664506,675,Spain,Male,32,8,197436.82,1,1,1,52710.7,0,0.056883591417672
15575619,656,Spain,Female,32,1,104254.27,1,1,1,17034.37,0,0.0836264363138283
15587394,462,France,Male,39,4,140133.08,2,0,0,131304.45,0,0.231356609198223
15654457,685,Spain,Female,30,2,0,3,1,1,172576.43,1,0.0475676044641953
15762793,850,Germany,Female,36,0,136980.23,2,1,1,99019.65,0,0.182213680591509
15658067,636,Germany,Female,48,3,120568.41,1,1,0,190160.04,1,0.661765639006298
15642816,850,France,Female,27,7,43658.33,2,1,1,3025.49,0,0.0354596662155675
15693088,628,France,Female,37,9,0,2,1,1,34689.77,0,0.0709063613594142
15793883,798,France,Male,28,3,0,2,1,0,2305.27,0,0.0606787707438391
15665283,610,France,Female,57,7,72092.95,4,0,1,113228.82,1,0.269682731280416
15680421,591,France,Female,42,10,0,2,0,0,171099.22,0,0.26700511004484
15695148,614,Spain,Female,37,9,0,2,1,1,62023.1,0,0.0747660050561969
15636592,651,France,Male,35,0,181821.96,2,0,1,36923.67,1,0.0705654839781945
15772618,665,France,Male,25,7,90920.75,1,0,1,112256.57,0,0.0275527615159168
15724453,570,France,Male,23,2,0,1,0,0,198830.98,0,0.0644816214620575
15565878,631,Spain,Male,29,3,0,2,1,1,197963.46,0,0.0310330783967334
15609160,586,France,Male,32,1,0,2,0,0,31635.99,0,0.102755509686021
15678460,691,France,Male,30,9,0,1,1,0,49594.02,0,0.0783933180106151
15662571,639,France,Male,35,8,0,2,1,0,170483.9,0,0.110214546876452
15606849,698,France,Female,27,1,94920.71,1,1,1,40339.9,0,0.0550848313019306
15670738,733,Germany,Male,45,2,113939.36,2,1,0,3218.71,0,0.416595488024585
15662641,850,France,Male,19,8,0,1,1,1,68569.89,0,0.0119331215612546
15727539,618,France,Female,31,4,0,2,1,0,29176.04,0,0.134865830566594
15651020,473,France,Female,25,6,110666.42,2,0,0,46758.42,0,0.134125386563495
15673877,490,France,Male,39,1,0,3,1,0,171060.01,1,0.155743157294196
15760865,754,Germany,Female,48,7,141819.02,1,1,0,93550.53,1,0.624924490495111
15705009,649,France,Female,56,8,156974.26,1,1,0,89405.26,1,0.604451058072982
15657540,578,France,Male,50,5,151215.34,2,1,0,169804.4,0,0.375126512678365
15707441,690,Spain,Male,26,8,116318.23,1,1,1,83253.05,0,0.0303439450045671
15694765,610,Germany,Male,49,6,113882.33,1,1,0,195813.81,1,0.53998133445854
15649086,596,France,Male,42,7,0,2,1,1,121568.37,0,0.0671955359106834
15650488,492,France,Female,48,6,127253.98,1,1,1,92144.09,1,0.238816637656083
15760924,575,Spain,Male,41,2,100062.39,1,0,0,126307.25,0,0.246844795026091
15700263,569,France,Male,66,2,0,1,1,0,130784.2,1,0.594031252177477
15806922,674,Spain,Female,41,4,126605.14,1,1,1,166694.93,0,0.150718757170651
15637522,507,France,Female,31,0,106942.08,1,0,1,44001.11,0,0.0880990246938876
15636548,457,Spain,Male,44,7,0,2,0,0,185992.36,0,0.231182261306473
15566891,584,Germany,Female,41,3,88594.93,1,1,0,178997.89,0,0.532753755993603
15627185,744,Germany,Male,29,6,123737.04,2,1,0,141558.04,0,0.187343980549262
15754012,687,France,Female,35,1,110752.15,2,1,1,47921.22,0,0.0872457503754752
15627514,688,Spain,Female,46,3,0,2,0,1,104902.68,0,0.150566703193287
15661433,519,France,Male,34,5,0,1,1,0,68479.6,0,0.121191129174692
15610653,733,Spain,Female,38,5,0,2,1,1,1271.51,0,0.0783153908406637
15667002,666,Spain,Male,43,5,0,2,1,0,29346.1,0,0.180753609573879
15709199,511,Spain,Female,40,1,0,1,1,1,184118.73,0,0.125215046257961
15710087,705,Germany,Female,54,3,125889.3,3,1,0,96013.5,1,0.692882713267313
15679884,544,France,Male,48,10,78314.63,3,1,1,103713.93,1,0.107197842573379
15784180,564,France,Female,36,7,206329.65,1,1,1,46632.87,1,0.125096207852563
15808849,702,France,Male,40,7,145536.9,1,0,1,135334.24,0,0.0868911836714691
15751549,658,Germany,Male,31,2,77082.65,2,0,0,13482.28,0,0.20222525168495
15588235,654,France,Female,24,8,145081.73,1,1,1,130075.07,0,0.0491348636498272
15640418,649,Germany,Female,41,4,115897.73,1,1,0,143544.48,0,0.526768654679347
15721116,597,Spain,Male,24,0,108058.07,2,1,1,187826.11,0,0.0294389897686396
15599084,782,France,Male,33,7,191523.09,1,1,1,167058.75,0,0.0590373436952499
15773394,644,France,Male,38,3,0,2,1,1,79928.41,0,0.0501036442302421
15625713,679,Spain,Female,39,7,91187.9,1,0,1,6075.36,0,0.118822938349105
15766417,678,France,Female,60,2,0,2,1,1,43821.56,0,0.302316343945657
15622578,806,France,Male,34,5,113958.55,1,0,1,32125.98,0,0.0516621087350271
15799924,668,Spain,Male,43,1,147167.25,1,0,0,141679.73,0,0.290100482001167
15618363,659,Germany,Male,29,9,82916.48,1,1,1,84133.48,0,0.0713597880717893
15637138,660,France,Male,34,1,0,2,1,0,9692.58,0,0.105789425155641
15781665,601,France,Female,37,5,0,1,0,0,20708.6,0,0.214440417050634
15804853,781,France,Female,48,0,57098.96,1,1,0,85644.06,1,0.399314997537295
15651627,628,Germany,Male,39,1,115341.19,1,1,1,107674.3,1,0.167699674395263
15680685,751,France,Male,30,3,165257.2,1,0,0,134822.05,0,0.131571295113506
15808930,531,France,Female,37,1,0,1,1,0,4606.97,0,0.222994891346848
15570970,647,France,Female,42,9,0,2,1,1,51362.82,0,0.101403807380851
15679961,708,Spain,Male,46,7,68799.72,1,1,1,39704.14,0,0.104818738969685
15705458,550,Spain,Male,39,2,116120.19,2,1,1,195638.13,0,0.0849950447976692
15750396,670,France,Male,33,1,0,2,1,1,86413.11,0,0.0361949693603612
15679928,592,France,Female,31,2,84102.11,2,0,1,116385.24,0,0.0715510258725723
15711181,589,France,Female,50,4,0,2,0,1,182076.97,0,0.196393630225754
15698324,725,France,Female,33,4,0,1,1,1,67879.8,0,0.0610951472966159
15807433,570,France,Female,43,9,0,2,0,1,11417.26,0,0.109724604674552
15636590,575,France,Male,46,1,0,2,1,1,65998.26,0,0.0950654224898482
15628950,501,Germany,Male,25,6,104013.79,1,1,0,114774.35,0,0.173586826144812
15617206,431,Germany,Male,42,8,120822.86,2,1,0,126153.24,0,0.411445055918438
15603741,719,Spain,Male,40,4,128389.12,1,1,1,176091.31,0,0.0913339908179207
15742607,850,Germany,Male,36,7,102800.72,1,1,1,87352.43,0,0.106126050866089
15747821,554,Germany,Female,31,6,135470.9,1,1,0,107074.81,0,0.358194977526881
15612043,418,France,Male,36,7,90145.04,1,1,1,69157.93,0,0.0675070003033569
15809558,715,Spain,Male,31,7,0,1,1,1,149970.59,0,0.032239166813853
15803750,750,Spain,Female,33,3,161801.47,1,0,1,153288.97,1,0.0986069517099534
15704681,766,Germany,Male,37,2,99660.13,2,0,1,147700.78,0,0.124902464217566
15667392,652,Spain,Female,38,6,123081.84,2,1,1,188657.97,0,0.116321488878594
15738889,658,France,Male,42,8,102870.93,1,0,1,103764.55,1,0.0909060524891058
15598838,659,France,Female,37,1,151105.68,1,1,1,140934.57,0,0.131208526134016
15579109,574,Germany,Male,35,5,163856.76,1,1,1,15118.2,0,0.139526398882161
15799042,611,France,Male,38,7,0,1,1,1,63202,0,0.0522565933561579
15697042,738,Spain,Male,35,8,127290.61,1,1,0,16081.62,0,0.145882535458985
15696605,571,France,Male,49,4,180614.04,1,0,0,523,0,0.394014184147151
15802274,686,France,Female,44,7,55053.62,1,1,0,181757.19,0,0.330463517686752
15596808,679,Spain,Male,33,4,96110.22,1,1,0,1173.23,0,0.133281176015403
15705403,617,Spain,Female,46,3,106521.49,1,0,1,86587.37,0,0.209036682835051
15732903,673,France,Male,39,7,82255.51,2,1,0,109545.56,0,0.163012414158004
15581968,745,France,Female,33,1,0,2,1,1,174431.01,0,0.0620032828099338
15683892,677,Germany,Female,26,3,102395.79,1,1,0,119368.99,0,0.260194995545956
15595447,613,Spain,Male,39,8,118201.41,1,1,0,23315.59,0,0.199918529319173
15569249,576,France,Female,55,6,44582.07,3,0,1,67539.85,1,0.255206081205011
15656188,584,Spain,Female,30,5,0,2,1,1,185201.58,0,0.0536221822855641
15689661,663,France,Male,22,6,0,2,0,1,131827.15,0,0.016730167140124
15644934,466,France,Male,26,9,105522.06,1,1,0,10842.46,0,0.088041515468478
15721793,510,Germany,Female,50,7,123936.54,1,1,1,23768.01,0,0.418804672803728
15687413,619,Spain,Female,38,6,0,2,1,1,117616.29,0,0.085548674750831
15761286,696,Germany,Female,66,7,119499.42,2,1,1,174027.3,0,0.659603594124769
15658240,554,France,Female,44,9,135814.7,2,0,0,115091.38,0,0.380398350916774
15706232,595,France,Male,52,9,0,1,1,1,106340.66,1,0.135185280749214
15583394,659,Germany,Male,39,8,106259.63,2,1,1,198103.32,0,0.142077962719299
15715643,662,France,Male,44,8,0,2,1,1,175314.87,0,0.0733357602573426
15644856,556,Spain,Male,38,2,115463.16,1,1,0,150679.65,0,0.216897146744763
15785488,701,Spain,Female,39,9,0,2,1,1,110043.88,0,0.0810146381330034
15711571,587,Spain,Male,42,5,120233.83,1,1,0,194890.33,0,0.260150975181214
15778604,571,France,Female,47,7,0,2,0,0,112366.98,0,0.345430385066655
15751180,539,France,Female,40,7,81132.21,1,1,0,167289.82,0,0.304907995355733
15748360,644,Germany,Female,34,10,122196.99,2,1,1,182099.71,0,0.159151355228348
15770039,572,Germany,Male,39,4,112290.22,1,1,0,49373.97,1,0.353287114892402
15685096,753,France,Female,50,4,0,2,1,1,861.4,0,0.161787838240009
15669501,706,France,Male,35,5,0,2,1,1,81718.37,0,0.0389556814886509
15622631,588,France,Male,44,8,154409.74,1,1,0,49324.03,1,0.280711292800166
15586699,825,France,Male,32,9,0,2,0,0,9751.03,0,0.0787791141326285
15702377,627,Spain,Male,48,1,132759.8,1,1,0,78899.22,0,0.356093965622612
15577170,532,France,Male,60,5,76705.87,2,0,1,13889.73,0,0.262531188917622
15769451,764,France,Female,44,1,0,2,1,1,11467.38,0,0.113285186764128
15811877,700,France,Female,36,4,0,2,1,0,130789.15,0,0.179096014910175
15648725,660,France,Male,41,3,0,2,1,1,108665.89,0,0.0636820031615695
15752801,518,Germany,Male,29,9,125961.74,2,1,0,160303.08,1,0.200544412416876
15808175,557,France,Female,39,7,49572.73,1,1,0,115287.99,1,0.262702153670244
15681342,639,France,Female,35,1,103015.12,2,1,1,139094.12,0,0.0934028277133523
15589210,557,France,Female,24,4,0,1,0,0,20515.72,0,0.104523888778332
15696826,633,France,Female,32,1,104001.38,1,0,1,36642.65,0,0.0838462558270696
15614962,623,Spain,Female,50,2,87116.71,1,1,1,104382.11,0,0.251215675940086
15689061,611,France,Male,68,5,82547.11,2,1,1,146448.01,0,0.377755291883704
15640074,666,Spain,Female,47,5,0,1,0,0,166650.9,1,0.384303866340848
15776156,521,France,Male,27,4,121325.84,1,1,1,164223.7,1,0.0385800541292072
15739548,775,France,Male,28,9,111167.7,1,1,0,149331.01,0,0.0877817265328568
15662854,681,Germany,Male,48,5,139714.4,2,0,0,73066.72,0,0.504354144409736
15687688,564,Germany,Female,32,10,139875.2,2,1,0,15378.23,0,0.331902861178583
15715750,646,Germany,Female,44,2,113063.83,1,0,0,53072.49,1,0.582703682749844
15571121,670,France,Female,50,8,138340.06,1,0,1,3159.15,0,0.247523631378527
15726466,751,France,Male,43,1,114974.24,1,1,0,125920.54,0,0.248991990605944
15660390,544,France,Female,33,6,0,2,1,1,124113.04,0,0.0625180277598013
15663942,639,France,Female,38,5,0,2,0,0,93716.38,0,0.216551587195473
15638610,635,Germany,Female,65,5,117325.54,1,1,0,155799.86,1,0.864828221786112
15644446,672,France,Female,28,6,0,1,0,1,8814.69,0,0.0447254649209172
15585892,639,France,Female,35,8,0,1,0,0,164453.98,0,0.19845413814958
15609356,697,France,Female,25,1,0,2,0,0,87803.32,0,0.10025781458103
15803378,850,Spain,Male,44,8,0,2,1,1,183617.32,0,0.0662542518244545
15599440,748,France,Female,34,8,0,2,1,0,53584.03,0,0.14860141939783
15692408,463,Spain,Female,35,2,0,2,1,1,1950.93,0,0.0774977091095632
15683168,572,France,Female,30,6,0,1,0,1,175025.27,0,0.05847433214648
15790254,741,Spain,Male,50,1,78737.61,1,1,1,13018.96,0,0.142389176711562
15767729,646,Spain,Male,25,5,182876.88,2,1,1,42537.59,1,0.0316303734292701
15768600,805,Germany,Male,50,9,130023.38,1,1,0,62989.82,1,0.503408094730681
15699839,637,France,Male,36,2,152606.82,1,1,1,71692.8,0,0.0724938548753192
15786237,651,France,Male,28,7,0,2,1,0,823.96,0,0.0627143574540035
15694530,672,France,Male,28,4,167268.98,1,1,1,169469.3,0,0.0431603008835347
15796813,493,France,Male,54,3,167831.88,2,1,0,150159.95,1,0.466760418423276
15605791,524,Germany,Male,29,9,144287.6,2,1,0,32063.3,0,0.203869223472698
15714087,624,Germany,Female,45,5,151855.33,1,1,0,68794.15,0,0.60770153356644
15711446,569,Spain,Female,51,3,0,3,1,0,75084.96,1,0.40247528421455
15588123,677,France,Female,27,2,0,2,0,1,114685.92,0,0.0427559845367104
15748552,464,Germany,Male,37,4,155994.15,1,0,0,143665.44,0,0.385540933394826
15618410,718,Germany,Male,26,7,147527.03,1,0,0,51099.56,0,0.180007296322071
15672432,594,France,Female,53,4,0,1,1,0,5408.74,1,0.465425547835406
15610042,574,France,Male,33,8,100267.03,1,1,0,103006.27,0,0.136507063202641
15580914,478,Spain,Male,48,0,83287.05,2,0,1,44147.95,1,0.151442655288381
15583680,615,Spain,Male,41,4,0,1,0,1,149278.96,0,0.0790559481466537
15813718,651,Spain,Male,45,4,0,2,0,0,193009.21,0,0.222133168873899
15767264,465,Germany,Male,53,1,117438.17,1,0,0,74898.8,1,0.646828892558265
15686461,558,France,Female,56,7,121235.05,2,1,1,116253.1,0,0.320330620669293
15678882,540,Germany,Male,37,3,129965.18,1,0,0,19374.08,0,0.351789191363703
15789611,568,Germany,Male,46,8,150836.92,1,0,0,64516.8,1,0.4980721102937
15668679,630,France,Male,31,0,0,2,1,1,34475.14,0,0.0326575565625802
15631685,523,Germany,Male,60,1,163894.35,1,0,1,57061.71,0,0.53721734886342
15655658,678,France,Female,48,2,0,2,1,1,32301.88,0,0.156376702841832
15753591,438,France,Male,38,2,0,2,1,0,136859.55,0,0.157015014712425
15617348,544,France,Male,44,1,0,2,0,0,69244.24,0,0.222659014127754
15704581,595,Germany,Male,34,2,87967.42,2,0,1,156309.52,0,0.111293907658345
15738487,678,France,Male,26,3,0,2,1,0,4989.33,0,0.0579106278916012
15648069,850,France,Female,36,6,0,2,1,1,190194.95,0,0.0654885776288905
15737627,589,Germany,Female,20,2,121093.29,2,1,0,3529.72,0,0.178131798196504
15731586,785,Spain,Female,31,2,121691.54,2,0,0,81778.72,0,0.180568503478358
15757467,563,Spain,Male,57,6,0,2,1,1,39297.48,0,0.177257087305535
15597709,602,France,Female,39,6,154121.32,2,1,0,176614.86,1,0.312782177092545
15720529,591,France,Male,29,6,0,2,1,1,108684.65,0,0.0270763251448445
15596797,643,Spain,Male,43,1,0,2,1,1,145764.4,0,0.0807284824609207
15681755,605,France,Female,32,5,0,2,1,1,42135.28,0,0.0546564889704989
15815271,755,Germany,Male,43,6,165048.5,3,1,0,16929.41,1,0.363758878036532
15682860,769,Spain,Male,38,6,0,2,0,0,104393.78,0,0.132206063857361
15621546,620,France,Female,33,9,127638.35,1,1,1,192717.57,0,0.088999459540845
15705918,725,France,Male,31,8,0,2,1,1,59650.42,0,0.0271866944944767
15684512,818,Germany,Female,72,8,135290.42,2,1,1,63729.72,0,0.73277568619134
15671769,624,France,Female,71,4,170252.05,3,1,1,73679.59,1,0.587468840439715
15642934,669,Germany,Female,35,4,108269.2,2,1,0,174969.92,0,0.389543934702087
15594305,712,France,Female,32,1,0,2,1,0,1703.58,0,0.144453195061607
15789201,603,Germany,Female,35,9,145623.36,1,1,0,163181.62,0,0.418251017971767
15706762,597,France,Female,41,4,145809.53,2,1,1,52319.26,0,0.142738596994616
15766183,580,Germany,Male,76,2,130334.84,2,1,1,51672.08,0,0.728205699862315
15777994,718,France,Female,39,3,0,2,1,1,145355.11,0,0.086283111550702
15568162,527,Spain,Male,53,8,0,1,1,1,51711.57,0,0.157501309199179
15680643,729,Spain,Female,42,1,0,2,1,1,149535.97,0,0.113619181064421
15761854,746,France,Female,24,4,0,1,0,1,94105,0,0.033599146491757
15730793,699,Germany,Female,54,3,111009.32,1,1,1,155905.79,1,0.482280610238611
15692137,759,France,Female,46,2,0,1,1,1,138380.11,0,0.149098610608942
15608595,748,France,Female,39,3,157371.54,1,0,1,97734.3,0,0.14214519124236
15709459,698,Spain,Female,63,5,0,1,1,1,173576.71,0,0.385756905767193
15775750,686,France,Male,37,9,134560.62,1,1,0,27596.39,0,0.163244594155198
15585855,679,France,Male,40,1,0,1,1,1,16897.19,0,0.0648798705413431
15752139,682,Germany,Male,36,5,72373.62,2,1,0,36895.99,0,0.246064860594113
15768295,778,France,Female,34,7,109564.1,1,0,1,113046.81,0,0.0827519823566061
15766906,742,France,Female,25,4,132116.13,2,1,0,129933.5,0,0.120100291987369
15725776,649,Germany,Male,24,7,101195.23,1,0,0,133091.32,0,0.151091014983223
15682576,763,France,Male,67,1,149436.73,2,0,1,106282.74,0,0.400064856246052
15704081,595,Germany,Male,30,9,130682.11,2,1,1,57862.88,0,0.0785998964983196
15719940,628,Germany,Female,51,10,115280.49,2,0,0,12628.61,1,0.64808519728598
15672894,625,France,Female,36,8,129944.39,2,0,0,198914.8,0,0.253593526277986
15667451,733,France,Male,36,5,0,2,1,1,109127.54,0,0.0416055874999149
15636767,665,Spain,Female,32,10,0,1,1,1,22487.45,0,0.0556268043852892
15571415,805,Germany,Male,56,6,151802.29,1,1,0,46791.09,1,0.645484293555538
15575605,725,France,Male,38,6,0,2,1,1,158697.28,0,0.049543917921833
15649160,554,France,Female,38,3,138731.95,1,1,1,194138.36,0,0.141896830818172
15615832,675,Spain,Female,35,8,155621.08,1,0,1,35177.31,0,0.107009608976082
15600975,556,France,Female,54,4,150005.38,1,1,0,157015.5,1,0.60979168149451
15690772,635,Spain,Female,48,2,0,2,1,1,136551.25,0,0.170750874202452
15565714,601,France,Male,47,1,64430.06,2,0,1,96517.97,0,0.124626343185808
15763108,600,Germany,Male,53,7,106261.63,1,1,0,93629.66,1,0.587639573918392
15723884,758,Spain,Male,40,3,0,2,0,0,96097.65,0,0.155043667711251
15644453,606,Germany,Female,41,4,132670.53,1,1,0,156476.36,1,0.546158199314817
15655464,640,France,Female,67,3,0,1,0,1,42964.63,0,0.464492022477981
15783883,753,Germany,Female,38,1,117314.92,1,1,0,122021.33,1,0.455953985101949
15787693,559,Spain,Male,38,3,145874.35,1,1,0,56311.39,1,0.213294383789238
15664793,754,Spain,Female,50,7,146777.44,2,0,1,150685.52,0,0.240707466467978
15642391,621,Germany,Male,51,4,109978.83,1,0,0,177740.58,1,0.591650932407595
15756538,654,France,Female,37,5,0,1,0,1,71492.28,0,0.0848662688028926
15668830,650,Spain,Male,24,8,108881.73,1,1,0,104492.83,0,0.0753907621930806
15796569,831,Spain,Female,44,10,0,1,0,1,47729.33,0,0.113661121009797
15677112,519,France,Male,39,2,112957.26,2,1,0,97593.16,0,0.20364225237838
15815040,552,Germany,Female,42,8,103362.14,1,0,1,186869.58,1,0.287557421616934
15590434,577,Spain,Male,41,4,89015.61,1,0,1,135227.23,0,0.0993587865184122
15597536,576,Spain,Male,45,5,133618.01,1,0,0,135244.87,0,0.323484245285383
15723989,646,France,Male,40,5,93680.43,2,1,1,179473.26,0,0.0742973527860118
15767358,711,Germany,Female,45,1,97486.15,2,1,0,50610.62,0,0.544048673633921
15594812,806,Spain,Female,37,2,137794.18,2,0,1,75232.02,0,0.110013281770268
15688210,670,France,Female,39,8,101928.51,1,0,0,89205.54,0,0.284747660465997
15681509,679,Spain,Female,28,9,0,2,0,1,61761.77,0,0.0405287815597558
15572390,850,Spain,Female,39,6,0,2,1,0,103921.43,0,0.205660964542062
15801441,670,Germany,Female,35,2,79585.96,1,0,1,198802.9,0,0.189689472600878
15783859,733,France,Female,24,3,161884.99,1,1,1,9617.24,0,0.0473803575055484
15575243,764,France,Female,39,1,129068.54,2,1,1,187905.12,0,0.125091081880698
15773421,673,France,Female,42,4,0,2,1,0,121440.8,0,0.25681340560287
15788776,588,Germany,Male,49,6,132623.76,3,1,0,36292.94,1,0.479904024236209
15765257,564,Spain,Male,31,5,121461.87,1,1,1,20432.09,1,0.0473858895005865
15661412,715,France,Male,32,8,175307.32,1,1,0,187051.23,0,0.143489929948175
15636478,621,France,Male,31,7,136658.61,1,1,1,148689.13,0,0.0488012840859765
15603683,796,Spain,Female,23,3,146584.19,2,0,0,125445.8,0,0.119482027775479
15651868,672,France,Male,34,6,0,1,0,0,22736.06,0,0.11173148664253
15815443,527,Spain,Female,46,10,131414.76,1,1,0,54947.51,0,0.417809865725696
15682686,722,France,Female,38,3,0,2,0,1,167984.72,0,0.0867805518384187
15697460,596,Germany,Male,34,4,99441.21,2,0,1,4802.27,0,0.104167648570273
15748432,746,France,Female,32,4,0,2,1,1,72909.75,0,0.0506425639337417
15698271,523,France,Female,26,4,0,2,1,0,185488.81,0,0.111512634000251
15808662,624,France,Male,44,3,0,2,1,0,88407.51,0,0.194317576230358
15690372,553,Spain,Male,38,1,181110.13,2,1,0,184544.59,0,0.233268368401149
15781875,850,Spain,Male,33,3,100476.46,2,1,1,136539.13,0,0.0423521632345668
15801473,599,Germany,Male,33,2,51949.95,2,1,0,85045.92,0,0.217915943857296
15704509,492,France,Male,35,8,121063.49,1,0,0,85421.48,0,0.171145974795007
15694666,707,Spain,Male,48,8,88441.64,1,1,1,119903.2,1,0.126974002381976
15731166,743,France,Female,30,1,127023.39,1,1,1,138780.89,0,0.072125243000898
15728523,522,France,Male,41,5,144147.68,1,1,1,14789.9,0,0.0984810861085131
15788442,681,Spain,Female,57,2,173306.13,1,0,1,131964.66,0,0.405751402313184
15689781,826,France,Female,49,0,0,1,0,0,178709.98,1,0.402580465313619
15764226,630,Germany,Female,28,8,106425.75,1,1,1,20344.84,0,0.110819837700484
15809837,430,Germany,Female,66,6,135392.31,2,1,1,172852.06,1,0.707493956968713
15805212,806,France,Female,67,1,0,2,0,1,103945.58,0,0.417786191352034
15716082,703,Spain,Male,39,6,152685.4,1,0,0,183656.12,0,0.225784896135664
15643056,755,Germany,Female,38,1,82083.52,1,0,1,10333.78,0,0.211194121953825
15654859,612,Spain,Female,63,2,131629.17,2,1,0,122109.58,1,0.721128073400391
15761158,719,France,Female,54,7,0,2,1,1,125041.52,0,0.2076375741787
15577515,554,Germany,Female,55,0,108477.27,1,0,1,140003,1,0.554290609681903
15723827,683,France,Male,30,4,114779.35,1,0,0,183171.47,0,0.121478661968117
15646594,749,France,Male,41,5,57568.94,1,1,1,61128.29,0,0.0724814114073795
15712877,724,Spain,Male,36,1,0,2,1,0,52462.25,0,0.119653208292218
15598802,770,Spain,Male,30,8,0,2,0,1,50839.85,0,0.0272380891744404
15699340,680,France,Male,37,4,0,2,1,0,61240.87,0,0.122493157197992
15691150,699,France,Female,32,4,110559.46,1,1,1,127429.56,0,0.0782704026139953
15608688,442,France,Male,34,4,0,2,1,0,68343.08,0,0.119059981581188
15737998,529,France,Male,46,8,0,1,0,0,126511.94,1,0.247954544198325
15735837,574,Spain,Male,36,3,0,2,1,1,8559.66,0,0.046057667354411
15659100,605,France,Male,33,9,128152.82,1,0,0,147822.81,0,0.147617049142544
15609070,515,Germany,Male,45,7,120961.5,3,1,1,39288.11,1,0.198410324618323
15650313,632,Germany,Male,65,6,129472.33,1,1,1,85179.48,0,0.557889423707171
15627699,558,France,Male,32,10,105000.23,1,1,0,190019.61,0,0.131396075492531
15591010,434,Germany,Male,55,8,109339.17,2,1,0,96405.88,1,0.6335853926824
15798895,525,France,Female,59,6,55328.4,1,1,0,83342.73,1,0.613458713783286
15745375,640,Germany,Male,23,3,72012.76,1,1,0,161333.13,0,0.136744334341214
15775235,690,France,Female,36,6,110480.48,1,0,0,81292.33,0,0.245140378166241
15780088,607,Spain,Male,34,9,132439.99,1,1,0,177747.72,0,0.154653690992247
15649379,850,France,Female,46,3,0,2,1,1,187980.21,0,0.131895295772303
15713983,780,Germany,Male,34,5,94108.54,2,1,0,177235.21,0,0.232338462356196
15709252,616,Germany,Female,28,10,105173.99,1,0,1,29835.37,1,0.114692129563902
15699238,618,Spain,Female,40,8,0,2,1,0,80204.38,0,0.231322383744966
15732884,676,France,Male,29,7,131959.86,1,0,0,189268.81,0,0.11417009151918
15587297,507,France,Male,33,7,0,2,1,1,85411.01,0,0.0381586881563896
15684722,490,France,Male,34,5,122952.9,2,0,0,154360.97,0,0.159960429769417
15621244,678,France,Male,36,0,107379.68,1,1,1,84460.18,0,0.0668320060098744
15744273,637,Germany,Male,30,6,122641.56,2,1,0,65618.01,0,0.198794515383213
15682540,602,France,Female,33,8,0,2,1,1,112928.74,0,0.0578853234328446
15636521,744,Spain,Female,30,1,124037.28,1,1,1,142210.94,0,0.0757626232412376
15785339,640,France,Female,50,9,117565.03,2,0,0,82559.77,0,0.448678724305341
15638983,684,France,Female,38,5,133189.4,1,0,0,127388.06,0,0.301251999956741
15654625,495,Germany,Male,39,8,120252.02,2,1,1,10160.23,0,0.146543003999522
15697310,559,Germany,Female,28,3,152264.81,1,0,0,64242.31,0,0.337526838345377
15678210,684,France,Male,38,5,105069.98,2,1,1,198355.28,0,0.0664783106985457
15575438,613,France,Male,42,7,115076.06,1,1,1,79323.61,0,0.09629477588163
15632789,794,France,Male,30,8,0,2,1,1,24113.91,0,0.0242643082131152
15621423,736,France,Female,42,7,117280.23,3,0,0,41921.06,1,0.289382878247176
15573520,692,Germany,Male,49,6,110540.43,2,0,1,107472.99,0,0.260120979940578
15740458,703,Spain,Male,36,7,135095.47,1,1,0,143859.66,0,0.170217247648332
15762799,720,Germany,Male,23,0,187861.18,2,1,1,104120.17,0,0.0599572853923566
15686885,777,Germany,Male,44,3,124655.59,2,0,1,79792.3,0,0.194094533348682
15565996,653,France,Male,44,8,0,2,1,1,154639.72,0,0.0757700078774395
15662152,552,France,Female,38,9,134105.01,1,0,0,57850.1,0,0.298409869433194
15711742,708,France,Female,34,4,0,1,1,1,62868.33,0,0.0657311579076355
15701885,647,France,Female,40,9,0,2,0,1,92357.21,0,0.0914534143313469
15774262,597,Germany,Male,52,8,83693.34,2,1,1,161083.53,0,0.281118120455417
15567839,501,France,Male,42,9,114631.23,1,0,1,91429.74,0,0.104879799401951
15644400,709,France,Male,44,9,128601.98,1,1,0,117031.2,0,0.253823994905955
15797246,621,Germany,Female,34,2,91258.52,2,1,0,44857.4,0,0.352888984100713
15778290,799,France,Male,70,8,70416.75,1,1,1,36483.52,0,0.369495364069339
15708714,675,France,Female,33,6,0,2,1,0,34045.61,0,0.144815174693638
15586183,561,France,Female,35,5,0,2,1,0,59981.62,0,0.183371797274493
15761733,707,France,Female,42,10,0,2,1,1,152944.39,0,0.0963418706267324
15773934,670,France,Male,33,6,88294.6,1,1,0,66979.06,0,0.122542064940314
15705343,649,Spain,Female,32,7,0,1,1,0,28797.32,0,0.152833936238809
15593959,524,France,Male,28,1,93577.3,1,1,1,51670.82,0,0.0400544660358219
15664615,689,Germany,Female,30,5,136650.89,1,1,1,41865.72,1,0.14038549150418
15671014,573,Spain,Female,72,8,98765.84,1,1,1,96015.53,0,0.612256897666562
15657778,657,France,Male,33,1,84309.57,2,0,0,103914.4,0,0.130392674455278
15585192,686,Spain,Male,39,10,136258.06,1,0,0,89199.51,0,0.207566841612935
15592914,683,France,Female,29,9,0,2,1,1,48849.89,0,0.0407743178986867
15770995,753,Germany,Female,47,1,131160.85,1,1,0,197444.69,0,0.635122522474407
15570990,520,Spain,Female,30,4,145222.99,2,0,0,145160.96,0,0.213182340744185
15596165,547,Germany,Male,25,4,98141.57,2,1,1,52309.8,0,0.0588003002942569
15788131,653,France,Male,47,6,0,1,1,0,50695.93,1,0.234507827896884
15800773,648,Spain,Female,28,9,102282.61,1,1,1,157891.11,0,0.0571220653671374
15690153,639,France,Female,37,4,116121.84,2,0,1,181850.74,0,0.111370688911216
15638989,711,France,Female,25,5,190066.54,1,0,0,51345.39,1,0.155512999776858
15623210,484,Germany,Female,55,8,149349.58,3,0,0,137519.92,1,0.750980687069295
15652658,721,France,Male,36,1,155176.83,2,1,1,49653.37,0,0.0640584834775876
15684440,548,Germany,Male,32,2,98986.28,1,1,1,55867.38,0,0.104278394789413
15730287,679,France,Male,41,8,147726.98,3,1,0,172749.4,1,0.19650978220843
15720353,553,France,Male,41,1,0,2,1,0,90607.31,0,0.177007530620669
15767231,757,France,Male,36,7,144852.06,1,0,0,130861.95,0,0.168372849766695
15761554,581,France,Male,54,4,89299.81,1,0,0,5558.47,1,0.41864407186436
15706637,718,Spain,Male,40,9,0,2,0,0,121537.91,0,0.148281122867979
15690492,625,France,Male,41,6,97663.16,2,1,0,57128.78,0,0.195241448836062
15694237,744,Spain,Male,39,4,95161.75,1,1,0,19409.77,0,0.182652911349793
15729771,799,Germany,Male,31,9,154586.92,1,0,1,88604.89,1,0.0905662474277798
15609823,751,Spain,Female,34,8,127095.14,2,0,0,479.54,0,0.204074919101888
15793366,781,Germany,Male,35,7,92526.15,2,1,1,173837.54,0,0.094716474095422
15614813,777,Germany,Female,46,0,107362.8,1,1,0,487.3,0,0.590112730957741
15566495,704,Spain,Female,24,2,0,1,1,0,35600.25,1,0.0987582088999333
15707602,539,France,Female,47,2,127286.04,2,1,1,166929.43,1,0.217710424044584
15635244,716,France,Female,29,6,0,2,1,1,98998.61,0,0.0423383043756585
15805627,670,France,Male,37,2,0,2,1,1,54229.74,0,0.045772166229393
15607986,555,France,Male,40,10,139930.18,1,1,1,105720.09,0,0.0891300113568161
15799785,679,Germany,Female,30,4,77949.69,1,1,1,121151.46,0,0.125552462608584
15699963,571,France,Male,38,1,121405.04,1,1,1,154844.22,0,0.0842984918018141
15624595,512,Spain,Female,35,5,124580.69,1,1,1,18785.48,0,0.108846854552417
15629750,697,France,Male,35,5,133087.76,1,1,0,64771.61,0,0.15836212853656
15651460,424,Spain,Male,34,7,0,1,1,1,16250.61,0,0.0468374411474569
15753550,684,France,Female,43,7,0,2,1,0,131093.99,0,0.262048888833175
15594133,697,Spain,Male,62,7,0,1,1,0,129188.18,1,0.496660048353302
15772329,580,Germany,Male,45,8,103741.14,1,1,0,47428.73,1,0.434941473398377
15591552,600,France,Female,32,7,98877.95,1,1,0,132973.21,0,0.201897428373494
15750921,521,France,Male,37,5,105843.26,2,1,1,84908.2,0,0.0642642736834188
15701687,664,Spain,Male,44,7,77526.66,3,0,0,57338.56,1,0.211410176749114
15728906,634,France,Male,77,5,0,2,1,1,161579.85,0,0.479966306570909
15670029,445,France,Female,33,7,0,2,1,0,122625.68,0,0.170018981557026
15763579,702,Germany,Female,36,2,105264.88,2,1,1,52909.87,0,0.176411377999959
15728010,485,France,Male,37,5,0,2,0,1,170226.47,0,0.0552170920557921
15663194,582,Germany,Female,40,3,110150.43,1,1,1,191757.65,1,0.273257035302734
15736510,605,Spain,Female,57,2,0,3,1,0,66652.75,1,0.505630076878819
15745804,628,France,Male,25,7,0,2,1,1,195977.75,0,0.0202829328596263
15631451,604,Spain,Female,28,6,0,2,1,1,69056.26,0,0.0433007567254669
15746995,724,Germany,Male,31,9,138166.3,1,1,0,12920.43,0,0.212267708997934
15730673,567,Germany,Male,40,7,122265.24,1,1,0,138552.74,0,0.378301846116235
15734649,779,Spain,Female,55,0,133295.98,1,1,0,22832.71,1,0.580683722340745
15701081,785,France,Male,36,2,0,1,0,1,61811.1,0,0.0470438873412374
15632503,563,France,Female,32,0,148326.09,1,1,0,191604.27,1,0.251626248902683
15585928,821,Germany,Female,31,2,68927.57,1,1,1,25445,0,0.125132230729792
15648681,747,France,Female,47,5,139914.6,4,0,1,129964.56,1,0.169129310361495
15747757,600,Germany,Female,58,8,118723.11,1,0,0,6209.51,1,0.780789898644599
15718921,625,Spain,Male,32,7,106957.28,1,1,1,134794.02,0,0.0487382934360273
15571081,773,France,Female,41,7,190238.93,1,1,1,57549.65,0,0.154242759473122
15734578,726,France,Female,53,1,113537.73,1,0,1,28367.21,0,0.286006956243628
15579583,641,Spain,Female,40,4,101090.27,1,1,1,51703.09,0,0.136710170411337
15622729,649,France,Female,46,2,0,2,1,1,66602.7,0,0.14353130291998
15662189,434,Spain,Male,33,3,0,1,1,1,2739.71,0,0.0457471711382456
15692718,738,France,Female,38,7,0,2,0,0,69227.42,0,0.19729141906156
15762716,762,Spain,Female,60,10,168920.75,1,1,0,31445.03,1,0.652686861480339
15724851,507,Germany,Male,31,9,111589.67,1,1,0,150037.19,0,0.237888235191966
15587266,606,Germany,Female,27,6,172310.33,1,0,1,111448.92,0,0.142164148741799
15675926,655,Germany,Male,34,7,118028.35,1,1,0,51226.32,1,0.262918590728914
15706268,697,Germany,Male,51,1,147910.3,1,1,1,53581.14,0,0.325136813013
15581871,504,Germany,Male,42,7,131287.36,2,1,1,149697.78,0,0.194984448894748
15666166,653,France,Female,74,0,121276.32,1,1,1,160348.31,0,0.675608382890547
15671582,660,Spain,Male,38,6,109869.32,1,1,1,154641.91,0,0.0749817549870107
15680901,652,France,Female,34,6,97435.85,2,1,1,104331.76,0,0.0783005057405365
15642336,669,France,Female,42,9,0,2,0,0,135630.32,0,0.258644493324708
15653147,594,France,Male,35,2,133853.27,1,1,1,65361.66,0,0.067031802080715
15571284,756,Germany,Male,32,0,109528.16,2,1,1,56176.31,0,0.091058797782922
15591360,642,France,Female,33,4,84607.34,2,0,1,60059.47,0,0.0768642851027609
15810485,486,Germany,Male,37,1,101438,1,0,0,51364.56,0,0.345863780961866
15611973,804,France,Male,55,7,0,2,1,1,118752.6,0,0.139986474771926
15735572,629,France,Male,59,9,113657.83,1,1,1,116848.79,1,0.254811755923197
15567860,581,Spain,Female,44,7,189318.16,2,1,0,45026.23,1,0.41244498464196
15795690,667,France,Male,31,3,99513.91,1,1,1,189657.26,0,0.0449500159821165
15706464,667,Spain,Male,35,4,97585.32,2,0,0,57213.46,0,0.145272416279088
15725028,679,France,Male,29,3,0,2,1,1,63687.06,0,0.0262051568973692
15751167,680,France,Female,43,4,0,2,1,1,58761.33,0,0.109616265271272
15633944,644,Spain,Male,32,3,136659.74,1,1,1,14187.78,0,0.0532527733592841
15672637,571,France,Female,30,4,85755.86,1,1,0,145115.95,0,0.182055560230335
15680895,627,Spain,Female,35,7,0,1,1,0,187718.26,0,0.198421805417111
15793825,536,France,Male,39,4,0,2,1,0,27150.35,0,0.145664953490721
15611318,599,Spain,Male,33,4,51690.89,1,1,0,111622.76,1,0.131699374638225
15768474,744,Spain,Male,34,3,0,2,1,0,27244.35,0,0.0985569522027323
15716276,709,France,Female,34,2,111669.68,1,1,0,57029.66,0,0.221395962588435
15623668,653,Germany,Male,31,2,154741.45,2,0,0,25183.01,0,0.244981734888536
15696361,648,Germany,Male,31,7,125681.51,1,0,1,129980.93,0,0.0978553592920419
15607988,663,Germany,Female,37,8,155303.71,1,1,0,118716.63,0,0.460837710362053
15637891,613,Germany,Female,43,4,140681.68,1,0,1,20134.07,0,0.321404734269991
15789865,620,France,Male,28,9,71902.52,1,0,1,190208.23,0,0.0334289424568194
15627190,661,France,Male,51,6,146606.6,1,1,1,68021.9,0,0.177015223652259
15788224,669,Germany,Male,45,1,123949.75,1,0,0,110881.56,0,0.479142669492782
15702149,767,Germany,Female,33,1,144753.21,1,1,1,132480.75,0,0.178519076841289
15708236,491,France,Female,72,6,91285.22,1,1,1,7032.95,0,0.607239210954773
15568469,653,France,Male,43,0,0,2,1,0,27862.58,0,0.192716062640266
15764444,679,Germany,Male,58,8,125850.53,2,1,1,87008.17,0,0.382323828797127
15794204,687,France,Male,28,7,108116.66,1,1,1,27411.19,0,0.0320628099932531
15807546,837,France,Female,38,2,0,2,1,1,46395.21,0,0.0723151567115884
15782159,850,France,Male,28,8,67639.56,2,1,1,194245.29,0,0.0251920036707747
15618703,663,Spain,Female,53,6,150200.23,1,0,1,151317.27,1,0.324908979683965
15793317,547,Spain,Female,22,7,141287.15,1,1,0,118142.79,0,0.121327260548778
15740487,627,France,Female,41,6,0,3,1,1,138700.75,1,0.0914125005057842
15722479,707,France,Male,37,1,0,2,0,1,6035.51,0,0.0473472349764007
15688264,629,France,Female,43,0,0,2,1,1,41263.69,0,0.120406371234371
15583067,687,France,Female,36,4,97157.96,1,0,1,63185.05,0,0.103440403018272
15686670,588,France,Female,36,2,0,2,1,0,92536,1,0.197578903613711
15593345,502,Germany,Female,33,6,125241.17,2,1,1,158736.07,0,0.176360042409883
15811690,793,Germany,Male,54,2,128966.13,1,0,0,18633.4,1,0.606984724692583
15734008,727,Germany,Male,59,5,152581.06,1,1,0,71830.1,1,0.702006720647036
15771856,632,Spain,Female,32,1,0,2,1,0,19525.65,0,0.150795836128343
15762045,474,Germany,Female,37,5,142688.57,2,1,1,110953.33,0,0.224912187048702
15778142,850,Germany,Female,31,1,130089.56,2,1,1,4466.21,0,0.124653475887731
15689268,584,France,Male,36,9,0,1,1,1,105818.51,0,0.0470710674029398
15721507,713,France,Female,32,1,117094.02,1,0,0,149558.83,1,0.216497607813285
15750476,742,Spain,Male,24,8,0,2,1,0,4070.28,0,0.0462720825492788
15810723,607,France,Female,39,10,0,3,1,0,132741.13,1,0.191781605485185
15787229,761,Spain,Female,34,2,0,2,1,0,61251.25,0,0.158599640694201
15570508,600,France,Male,49,7,90218.9,1,1,0,91347.76,0,0.330910314540479
15617065,650,Spain,Male,42,4,194532.66,1,1,0,171045.31,1,0.296829318989568
15689786,850,Germany,Male,56,1,169743.83,1,0,0,155850.4,1,0.682224068063947
15648876,501,France,Female,34,5,0,1,1,0,27380.99,0,0.188860247384537
15802106,418,France,Male,34,8,155973.88,1,1,0,154208.96,0,0.175514028155923
15773869,797,Spain,Male,59,4,129321.44,1,1,1,93624.55,0,0.259229843888696
15711635,788,Germany,Female,42,6,138650.49,2,1,0,64746.07,0,0.489223776485217
15795527,699,Spain,Male,43,2,136487.86,2,1,0,82815.93,0,0.243424899322669
15759133,616,France,Male,18,6,0,2,1,1,27308.58,0,0.0115681036420157
15679394,651,France,Female,41,4,38617.2,1,1,1,104876.8,0,0.121670926861156
15801072,654,France,Female,28,7,0,2,1,0,151316.37,0,0.108238916299221
15646082,676,France,Female,34,8,82909.14,1,1,0,91817.38,1,0.202299005941248
15796111,708,Germany,Female,54,8,145151.4,1,0,1,125311.17,1,0.486622149833467
15670646,499,Spain,Female,42,0,147187.84,1,1,1,14868.94,1,0.188571733518293
15578722,689,France,Male,39,4,0,2,1,0,196112.45,0,0.150274760475294
15815095,850,Spain,Male,54,7,108185.81,2,0,0,24093.4,1,0.359585880297123
15730360,502,France,Male,30,4,0,2,1,1,66263.87,0,0.0310455136242876
15763194,643,France,Male,34,7,0,2,0,1,100304.13,0,0.0377489305596303
15720725,762,France,Male,28,2,0,2,1,0,167909.52,0,0.0691393014573042
15567834,719,France,Male,49,5,105918.1,1,1,1,16246.59,0,0.1392747913145
15720644,789,France,Male,27,6,0,2,1,0,103603.65,0,0.0580886737768361
15811742,553,Spain,Male,42,7,0,2,1,0,7680.23,0,0.169487948685475
15813363,448,Spain,Male,25,2,0,2,0,0,95215.73,0,0.0699284869150707
15717629,632,Germany,Male,42,6,59972.26,2,0,1,148172.94,0,0.15901852385558
15713160,669,Spain,Male,25,7,157228.61,2,1,0,124382.9,0,0.0826628570337422
15568878,654,Spain,Male,34,5,0,2,1,0,159311.46,0,0.112155983230186
15809800,726,France,Female,38,4,0,2,0,0,6787.48,0,0.196497834432422
15736420,596,France,Male,21,4,210433.08,2,0,1,197297.77,1,0.0294059617770429
15757933,733,Germany,Female,30,1,102452.71,1,1,0,21556.95,0,0.304467705641613
15623072,529,Spain,Female,35,5,0,2,1,0,56518,0,0.190216450300584
15683993,493,France,Female,37,8,142987.46,2,1,0,158840.99,0,0.278366203486025
15570947,615,Spain,Female,29,7,143330.56,2,1,1,126396.01,0,0.067534037360154
15797767,600,France,Female,49,6,0,1,0,1,148087.88,1,0.188614175588652
15731989,666,France,Male,36,4,120165.4,2,1,0,33701.5,0,0.149531750410907
15591035,644,Spain,Male,54,6,0,1,0,1,84622.37,0,0.168748856751
15586479,692,France,Female,36,4,0,1,1,0,185580.89,1,0.209147615801858
15605872,707,France,Male,73,6,66573.17,1,1,1,62768.8,0,0.456375181314991
15666012,603,France,Male,40,4,102833.46,2,1,1,38829.11,0,0.0753865810707147
15641733,671,France,Female,34,5,164757.56,1,1,0,110748.88,0,0.250680999786494
15593178,568,Spain,Female,36,10,153610.61,1,1,1,54083.8,1,0.114508109342074
15649183,598,Spain,Female,35,8,0,3,0,1,88658.73,0,0.0650665118348409
15736399,606,Spain,Male,42,10,0,2,1,0,177938.52,0,0.172186489399648
15751137,850,Germany,Female,36,3,169025.83,1,1,0,174235.06,0,0.438123444727194
15757188,644,Spain,Female,26,4,153455.72,2,1,1,82696.84,0,0.0542617947745303
15726167,655,France,Male,37,4,0,2,1,1,142415.97,0,0.0476252287069168
15624850,850,France,Male,30,10,153972.89,2,1,0,62811.03,0,0.0943118839929064
15717700,683,Spain,Male,34,9,114609.55,2,0,1,25339.29,0,0.0481158992587778
15716347,663,Germany,Male,37,7,143625.83,2,0,1,176487.05,0,0.138035154567019
15696287,682,Germany,Female,38,1,116520.28,1,1,1,49833.5,1,0.228112370835109
15638871,639,France,Male,77,6,80926.02,2,1,1,55829.25,0,0.52140951737418
15765093,704,France,Male,23,6,166594.78,1,1,1,155823.2,0,0.0281238752559342
15592999,691,France,Female,40,0,115465.98,1,1,1,60622.61,0,0.140802930346876
15641715,599,France,Male,34,8,0,2,1,1,174196.68,0,0.039056623479029
15607746,573,France,Female,36,1,0,1,1,1,56905.38,0,0.0873582856709169
15625311,589,Germany,Female,41,7,92618.62,1,1,1,101178.85,0,0.25840452075202
15573077,620,Germany,Female,25,8,141825.88,1,1,1,73857.94,1,0.106729843484625
15735106,647,Spain,Male,28,6,149594.02,2,1,0,102325.19,0,0.100252857145198
15672912,737,Spain,Female,39,7,130051.66,2,0,0,55356.39,1,0.278033035002026
15589881,634,France,Female,41,7,0,2,1,1,131284.93,0,0.101566275702606
15660144,660,France,Male,38,4,0,2,0,0,88080.43,0,0.140154889366623
15664083,666,Germany,Female,37,2,158468.76,1,0,1,93266.01,0,0.247583438258485
15690898,696,France,Male,44,8,161889.79,1,0,0,75562.47,0,0.278329268742599
15808023,836,France,Female,29,9,133681.78,1,1,1,153747.73,0,0.056640741413125
15676909,667,Spain,Female,34,5,0,2,1,0,163830.64,0,0.171455899951546
15764922,596,Spain,Male,20,3,187294.46,1,1,0,103456.47,0,0.0757874604651577
15766734,430,France,Male,31,5,0,1,1,0,95655.16,0,0.103906863126332
15795079,596,Spain,Male,67,6,0,2,1,1,138350.74,0,0.311818118668943
15757434,599,France,Male,28,7,119706.22,1,0,0,31190.42,0,0.101047314891011
15673747,519,France,Female,22,8,0,1,0,1,167553.06,0,0.033616070220136
15808386,721,Germany,Female,45,7,138523.2,1,0,0,59604.45,1,0.57989804647434
15603565,603,Spain,Female,56,5,90778.76,2,1,0,162223.67,1,0.580408309313758
15744044,572,Germany,Male,47,4,99353.42,1,1,0,196549.85,1,0.505340984331133
15577771,453,Germany,Female,40,1,111524.49,1,1,1,120373.84,1,0.295512427517006
15769548,668,France,Female,37,7,128645.67,1,1,0,92149.64,0,0.260292328945353
15802071,762,Germany,Male,35,1,117458.51,1,0,1,178361.48,1,0.12606738290501
15677395,633,France,Female,39,9,129189.15,2,0,0,170998.83,0,0.289167007990286
15632010,647,Spain,Male,33,7,121260.19,2,1,0,77216.48,0,0.129380152861863
15779492,796,Spain,Male,56,6,94231.13,1,0,0,121164.6,1,0.435682324907319
15694677,733,France,Male,39,1,0,2,1,1,141841.31,0,0.0548844150199479
15704315,556,France,Male,34,8,163757.06,1,1,1,104000.06,0,0.0634031760969246
15742009,489,Spain,Male,58,4,0,2,1,1,191419.32,0,0.213641504105495
15766663,639,France,Male,22,4,0,2,1,0,28188.96,0,0.0445204775356471
15742297,715,France,Male,35,2,141005.47,1,1,1,60407.93,0,0.0617550852151697
15688059,807,Germany,Female,42,9,105356.09,2,1,1,130489.37,0,0.226380534485347
15752344,714,Spain,Male,34,5,0,2,1,0,193040.32,0,0.105201518098698
15698749,626,Germany,Female,23,6,85897.95,1,1,0,109742.8,0,0.209298436156164
15631693,697,France,Male,36,7,0,2,1,1,74760.32,0,0.0409987250350504
15604536,850,Germany,Female,31,4,164672.66,1,0,1,61936.1,0,0.156338245145587
15802869,737,Germany,Female,45,2,99169.67,2,1,1,78650.95,0,0.284236451725124
15635598,812,France,Male,29,6,0,2,0,0,168023.6,0,0.0719870070739072
15592326,583,France,Male,36,8,0,2,0,1,5571.59,0,0.0443624349492715
15736533,730,Germany,Female,37,5,124053.03,1,1,0,118591.67,0,0.433005000054361
15647191,677,France,Male,36,4,0,2,1,0,7824.31,0,0.11385359710005
15622507,748,Germany,Female,40,3,103499.09,2,0,0,38153.19,0,0.462533182751371
15765487,753,Germany,Female,38,9,151766.71,1,1,1,180829.99,0,0.221605079549929
15646521,634,Spain,Female,36,1,0,1,1,1,143960.72,0,0.0894966109770256
15746258,622,France,Male,29,7,101486.96,1,1,1,8788.35,0,0.0353891383094765
15692430,699,Germany,Male,36,2,123601.56,2,1,0,103557.85,0,0.289008462186652
15625501,570,Germany,Male,38,1,127201.58,1,1,0,147168.28,1,0.37676296341661
15640521,552,Germany,Male,33,3,144962.74,1,1,0,58844.84,1,0.291720884934876
15790630,619,France,Female,48,4,0,1,0,0,18094.96,1,0.378004352041679
15664720,714,Spain,Male,33,8,122017.19,1,0,0,162515.17,0,0.143638896263405
15750055,503,Spain,Male,32,9,100262.88,2,1,1,157921.25,0,0.0457421245396293
15644878,685,Spain,Female,43,6,117302.62,1,0,0,68701.73,0,0.370257224854708
15754578,606,France,Female,35,0,135984.15,2,1,0,186778.89,0,0.255670144921912
15705379,678,France,Male,38,3,0,2,1,0,66561.6,0,0.132622808785324
15761047,724,Germany,Male,31,2,160997.54,2,0,1,64831.36,0,0.0954508029161416
15671293,779,Germany,Female,37,2,128389.63,1,1,1,6589.16,1,0.204963170155696
15687527,638,Spain,Male,35,1,0,2,1,0,165370.66,0,0.124586449832724
15647898,610,Spain,Female,50,5,130554.51,3,1,0,184758.17,1,0.471554805832772
15671534,646,Germany,Female,57,6,90212,1,1,0,13911.27,1,0.75064387813466
15591248,628,France,Female,29,9,71996.29,1,1,1,34857.46,0,0.0553505266208518
15676156,528,France,Female,32,4,85615.66,2,1,0,156192.43,0,0.19378790151951
15812918,432,France,Female,27,6,62339.81,2,0,0,53874.67,0,0.134888284133547
15604130,622,Spain,Female,47,6,142319.03,1,0,0,100183.05,0,0.473408216093804
15700549,721,France,Male,54,5,0,2,1,1,4493.12,0,0.132445352828589
15715519,614,Spain,Male,36,5,0,2,1,0,130610.78,0,0.124633101916708
15707042,634,France,Female,24,2,87413.19,1,1,0,63340.65,0,0.119927836509895
15605276,742,France,Female,29,4,0,2,1,1,180066.59,0,0.0449212181051337
15630592,516,France,Female,45,4,0,1,1,0,95273.73,1,0.351209587023019
15636626,718,France,Male,35,3,97560.16,1,1,1,53511.74,0,0.055792332016581
15740411,636,Germany,Male,30,8,141787.31,2,1,1,109685.61,0,0.081061318019141
15593834,691,Spain,Male,36,7,129934.64,1,0,0,75664.56,1,0.17674250354729
15804235,698,France,Female,37,2,166178.02,2,1,1,71972.95,0,0.110920677215765
15679801,712,Spain,Female,39,5,163097.55,2,1,1,23702.42,0,0.123790507694738
15673907,659,France,Male,20,8,0,2,0,0,112572.02,0,0.0399973891619338
15636562,573,Spain,Male,44,8,0,2,0,0,62424.46,0,0.20506896473481
15702571,778,Germany,Female,35,1,151958.19,3,1,1,131238.37,1,0.171845150992742
15627365,732,France,Male,46,0,0,2,1,1,184350.78,0,0.0926220460372086
15748499,550,Germany,Male,33,4,118400.91,1,0,1,13999.64,1,0.113887920983194
15598614,790,Spain,Male,20,8,0,2,1,0,168152.76,0,0.038081986840365
15668889,665,Germany,Female,43,2,116322.27,4,1,0,35640.12,1,0.477877280385074
15800049,728,Spain,Female,43,5,0,1,1,1,120088.17,0,0.120324677588816
15583724,645,Spain,Female,29,4,0,2,1,1,74346.11,0,0.0473006656971847
15622083,647,Germany,Male,30,6,143138.91,2,1,0,2955.46,0,0.206706959632367
15645571,596,Spain,Male,32,4,0,2,0,1,146504.35,0,0.0385694980837045
15598266,610,France,Male,40,9,0,1,1,1,149602.54,0,0.0636159207525841
15667934,512,France,Male,36,0,129804.17,1,1,0,53020.9,0,0.194852680565544
15569682,768,Germany,Male,37,9,108308.11,1,1,0,41788.25,1,0.284502013255241
15772941,666,Germany,Male,30,3,110153.27,1,0,1,74849.46,0,0.08869661836277
15586174,700,Germany,Female,30,4,116377.48,1,1,1,134417.31,0,0.142923904307933
15803682,651,Germany,Female,37,10,117791.06,2,1,1,75837.58,0,0.178177996217969
15627328,542,Spain,Female,26,2,0,2,1,1,54869.54,0,0.0414397300699402
15717065,686,France,Female,35,8,105419.73,1,1,0,35356.46,0,0.215385637294631
15602456,850,Germany,Female,47,4,99219.47,2,1,1,122141.13,0,0.307565585651803
15721569,658,Germany,Female,55,8,119327.93,1,0,1,119439.66,0,0.500330049884438
15573798,448,France,Female,36,6,83947.12,2,1,0,81999.53,0,0.244729664908851
15638272,609,Spain,Male,32,4,99883.16,1,1,1,120594.85,0,0.0513232612573189
15799859,704,France,Male,50,4,165438.26,1,1,0,120770.75,1,0.377371758295758
15599152,698,France,Male,31,1,156111.24,1,0,0,134790.74,0,0.148082210831065
15737909,759,France,Male,44,2,111095.58,2,1,0,100137.7,0,0.235121926084293
15646190,677,France,Female,56,0,119963.45,1,0,0,158325.87,1,0.629650052452009
15711249,544,Spain,Male,22,4,0,2,1,0,70007.67,0,0.05054606412196
15671987,567,Spain,Male,35,8,153137.74,1,1,0,88659.07,0,0.176019749447623
15812766,490,Spain,Male,40,6,156111.08,1,0,0,190889.13,0,0.262983681559956
15778589,626,France,Male,34,7,113014.7,2,1,1,56646.28,0,0.0473987514363656
15750104,718,Germany,Male,43,5,132615.73,2,1,0,32999.1,0,0.38283355169174
15784526,616,France,Male,44,5,102016.38,1,0,1,178235.37,1,0.113120678807012
15646563,772,France,Female,35,9,0,1,0,1,25448.31,0,0.0654021164702677
15744423,561,France,Male,32,5,0,2,1,0,84871.99,0,0.0936594987355895
15593694,814,France,Male,49,8,0,2,0,0,157822.54,0,0.244266052857409
15785367,651,France,Female,56,4,0,1,0,0,84383.22,1,0.523974744876301
15687765,538,Germany,Female,42,4,80380.24,1,1,0,119216.46,0,0.533992724400883
15789014,600,France,Female,26,6,108909.12,1,1,0,82547.01,0,0.136489724945751
15703177,654,France,Female,35,2,90865.8,1,1,1,86764.46,0,0.0944390936858569
15660263,622,France,Male,40,4,99799.76,2,1,0,197372.13,0,0.202073464514731
15776545,682,France,Male,28,10,200724.96,1,0,1,82872.64,1,0.0418313095905672
15683276,610,Spain,Female,37,10,140363.95,2,1,1,129563.86,0,0.106793076291509
15599272,795,France,Female,36,1,151844.64,1,1,1,135388.89,0,0.113597695157027
15589541,557,France,Female,27,2,0,2,0,1,4497.55,0,0.0438375362286455
15608804,824,Germany,Male,49,8,133231.48,1,1,1,67885.37,0,0.253791434525554
15645820,698,France,Male,27,7,0,2,1,0,111471.55,0,0.0619282690629337
15659031,630,France,Female,36,8,126598.99,2,1,1,134407.93,0,0.0961682116425361
15790113,609,Germany,Female,71,6,113317.1,1,1,0,108258.22,1,0.90204894854041
15652289,694,France,Male,47,4,0,2,1,0,197528.62,0,0.236376497683478
15605341,681,France,Female,58,8,93173.88,1,1,1,139761.25,0,0.344209123133598
15697844,721,Spain,Female,32,10,0,1,1,0,136119.96,1,0.147478450874591
15652048,563,Germany,Male,44,7,105007.31,2,1,1,197812.16,0,0.201647626077844
15587038,654,Spain,Female,32,2,0,1,1,1,51972.92,1,0.0648258289424819
15660528,659,Spain,Male,27,4,0,2,1,0,99341.87,0,0.0679602896341212
15700300,674,Germany,Female,44,4,131593.85,1,0,1,171345.02,1,0.335775815332512
15642001,576,Germany,Male,44,9,119530.52,1,1,0,119056.68,1,0.440962193042842
15580366,566,Germany,Male,54,4,118614.6,2,1,1,172601.62,0,0.363462093902147
15657228,545,Germany,Male,37,9,95829.13,2,0,1,104936.88,0,0.126747283403797
15729377,798,France,Male,36,1,0,2,1,1,159044.1,0,0.0427653999692775
15686913,757,France,Male,38,0,0,1,1,0,83263.06,0,0.145751067387575
15631267,641,France,Male,50,6,153590.73,2,1,1,130910.78,0,0.161168859094599
15632275,718,France,Male,29,2,0,1,1,0,126336.72,0,0.0836614105841788
15715907,699,France,Male,64,9,113109.52,1,1,0,27980.8,1,0.569552245249698
15764841,623,France,Female,35,0,130557.24,1,1,1,47880.71,0,0.105403365966089
15748649,644,France,Male,40,8,93183.19,1,1,0,73882.49,0,0.189789282449486
15771409,586,France,Male,58,7,151933.63,1,1,0,162960.05,1,0.525988433466418
15779207,500,Germany,Male,30,2,125495.64,2,1,1,68807.47,0,0.0899543559178632
15814116,583,France,Female,42,7,0,2,1,0,144039.05,0,0.259146416067142
15665087,595,Germany,Female,26,8,118547.72,1,1,1,151192.18,0,0.110750888182698
15611189,670,Spain,Male,43,1,97792.21,1,0,0,120225.62,0,0.271519817141458
15729718,610,France,Male,41,6,0,3,0,0,56118.81,1,0.150636128417305
15733602,814,Spain,Female,72,2,0,2,0,1,130853.03,0,0.519336174670399
15620103,660,France,Female,40,8,167181.01,1,1,1,185156.94,0,0.151001008923923
15770406,580,Germany,Male,35,9,121355.19,1,0,1,35671.45,0,0.119863768683744
15800554,850,France,Female,81,1,0,2,1,1,59568.24,0,0.643583934905057
15611409,676,Spain,Male,35,0,0,2,0,0,139911.58,0,0.129465356866062
15646535,578,France,Male,46,5,113226.47,1,1,0,56770.76,0,0.299059462361442
15575430,579,France,Female,33,1,118392.75,1,1,1,157564.75,0,0.0997746405256112
15711299,711,Germany,Female,52,8,145262.54,1,0,1,131473.31,0,0.456262290702463
15642063,692,France,Male,40,6,163505.16,1,0,0,90424.09,0,0.234214927903109
15706602,760,Spain,Female,33,1,118114.28,2,0,1,156660.21,0,0.0849855908650462
15592773,630,Germany,Female,51,0,108449.23,3,0,0,88372.69,1,0.672690957694766
15786539,808,France,Male,32,1,0,2,1,1,46200.71,0,0.0300133167367384
15737542,611,Germany,Female,36,10,103294.56,1,1,0,160548.12,0,0.406698996119218
15590234,697,France,Female,42,1,0,1,1,0,1262.83,1,0.281012110508232
15773776,655,France,Female,38,6,0,1,1,1,188639.28,0,0.0898638598779697
15728082,601,Spain,Male,28,6,0,2,1,0,14665.28,0,0.0692700892805978
15609987,755,France,Male,42,2,119919.12,1,1,0,156868.21,0,0.242914056874272
15735330,553,France,Male,37,1,0,1,1,0,30461.55,0,0.146854577228986
15649430,723,France,Male,28,4,0,2,1,1,123885.88,0,0.024501281526005
15768777,507,Spain,Female,34,4,0,2,1,1,60688.38,0,0.0689792968953098
15777893,777,France,Male,43,1,0,2,1,0,21785.91,0,0.169515720203644
15791326,566,France,Male,34,3,0,1,0,0,188135.69,0,0.128880408950601
15615176,732,France,Male,26,7,0,2,1,0,154364.66,0,0.0581752426208122
15735221,697,France,Female,42,10,0,2,1,0,61312.15,0,0.232576467971814
15617991,555,France,Male,29,4,128744.04,1,1,1,47454.93,0,0.0435852859835213
15658504,584,Germany,Female,62,9,137727.34,2,0,1,121102.9,0,0.624375251727245
15785705,705,Germany,Female,44,10,106731.58,1,1,0,137419.87,1,0.53162784827415
15801817,688,France,Female,38,7,123544.21,1,1,1,157664.02,0,0.113979296810207
15752578,626,France,Female,37,2,133968.96,2,1,0,148689.65,0,0.270563358716274
15781574,636,Spain,Male,76,9,126534.6,1,1,1,39789.62,0,0.544383496471644
15792107,719,Spain,Female,35,8,0,1,1,1,165162.4,0,0.0698351010099388
15569917,706,Spain,Male,30,6,87609.68,2,0,0,137674.55,1,0.104788502037789
15721504,731,Spain,Male,41,3,0,2,1,0,101371.72,0,0.161468722090209
15757306,738,Spain,Male,49,3,0,3,1,1,65066.48,1,0.093291767619188
15647295,426,France,Male,34,9,0,2,1,0,107876.91,0,0.112871264990555
15642098,622,Spain,Female,36,0,108960,2,1,0,111180.3,1,0.259296198674461
15696120,701,Spain,Female,30,2,0,2,1,0,115650.63,0,0.13362722037847
15675176,512,France,Male,51,6,144953.31,1,1,1,165035.17,0,0.196657773297559
15700046,635,France,Male,41,4,103544.88,2,1,0,193746.55,0,0.21220487110005
15782089,685,France,Male,33,6,0,1,1,0,58458.26,0,0.0982255294572171
15706394,609,France,Male,53,7,0,2,0,1,52332.85,0,0.136778597250493
15759387,598,Germany,Male,38,1,101487.18,1,1,1,75959.1,1,0.149962159670391
15623369,708,France,Male,52,10,105355.81,1,1,0,123.07,1,0.348816727181253
15732943,574,Spain,Male,36,4,77967.5,1,1,0,167066.95,1,0.16978789347157
15750545,629,France,Male,44,5,0,4,0,0,117572.59,1,0.170084904641066
15809909,422,Spain,Female,54,4,0,2,1,1,7166.71,0,0.244495396679357
15642448,656,Spain,Male,28,8,120047.77,1,1,1,137173.39,0,0.0375720688092506
15791944,697,France,Male,32,7,175464.85,3,1,0,116442.42,1,0.11616249774603
15768342,718,France,Male,52,8,79475.3,3,1,1,32421.32,1,0.122659783495997
15567919,586,Germany,Male,37,8,167735.69,2,0,1,104665.79,0,0.150734683503926
15674750,481,Spain,Female,37,8,0,2,1,0,44215.86,0,0.207711397272131
15778345,749,France,Female,33,1,74385.98,1,1,0,20164.47,0,0.186460614328277
15687634,561,Germany,Male,49,5,94754,1,1,1,26691.31,0,0.269505020614554
15666096,676,Spain,Male,27,4,0,1,0,1,107955.67,0,0.0277684685119165
15581700,615,Germany,Male,43,3,86920.86,1,1,1,150048.37,0,0.202567207739402
15656417,582,France,Female,39,1,132077.48,2,1,0,192255.15,0,0.318741274893025
15649101,601,France,Male,40,10,127847.86,1,0,0,173245.68,0,0.223818091188281
15781975,708,France,Male,34,3,0,1,0,1,121457.88,1,0.0426574562889658
15700511,708,Germany,Male,42,9,176702.36,2,1,1,104804.74,0,0.179552429216697
15770255,797,Germany,Female,33,10,83555.58,1,0,0,69767.14,0,0.314616427166581
15643574,682,France,Male,26,8,0,2,1,0,178373.43,0,0.0593636337371108
15595010,694,Spain,Female,39,9,0,2,0,0,99924.04,0,0.221383896398721
15580579,490,France,Female,40,1,0,1,1,1,49594.19,1,0.119565643449539
15748532,828,Spain,Male,42,10,0,1,1,1,186071.14,0,0.0634680502076155
15773789,594,Spain,Female,38,7,96858.35,1,1,0,77511.45,0,0.273062466595848
15600027,579,Spain,Male,33,1,0,2,1,1,54816.57,0,0.0406193102548091
15620832,723,France,Female,35,0,0,2,0,1,61290.99,0,0.0717645347871105
15568819,619,Germany,Female,42,8,132796.04,3,1,1,191821.35,1,0.258151863778292
15748691,794,Spain,Female,30,1,154970.54,1,0,1,156768.45,0,0.0809089321772539
15583552,674,Germany,Male,44,3,88902.21,1,1,0,73731.32,0,0.427108869344834
15588019,418,France,Male,28,7,98738.92,1,1,0,122190.22,0,0.111333527690805
15713250,502,France,Male,33,8,0,2,1,1,123509.01,0,0.0371694874112522
15569595,678,France,Female,50,6,0,1,1,0,8199.5,0,0.397401281061709
15794868,599,Germany,Male,40,10,137456.28,2,1,1,14113.11,0,0.144271956489681
15576680,736,France,Male,29,4,0,2,0,0,51705.01,0,0.0748234768439234
15613699,430,France,Female,60,7,73937.02,1,1,0,161937.62,1,0.672082479453635
15609758,537,France,Female,45,7,158621.04,1,1,0,120892.96,1,0.44013399940304
15762392,683,Spain,Male,30,1,113257.2,1,1,1,65035.02,0,0.0436043563501491
15693382,828,France,Male,31,9,0,1,0,1,164257.37,0,0.0304388844823277
15791769,691,France,Female,29,9,116536.43,1,1,0,51987.99,0,0.150490921433747
15712483,608,Spain,Female,28,4,0,2,1,0,10899.63,1,0.115076780510369
15636454,691,France,Female,60,6,101070.69,1,1,0,177355.8,1,0.653083160636355
15710138,718,Spain,Male,39,6,0,2,0,1,63889.1,0,0.0532884626376509
15571571,680,Germany,Female,31,3,127331.46,3,1,1,176433.6,0,0.137209794868128
15638751,838,Spain,Female,41,5,0,2,1,0,81313.51,0,0.229659674713066
15598574,695,Spain,Female,31,5,0,2,0,1,13998.88,0,0.0524417024648109
15796787,681,France,Male,46,0,105969.42,1,1,0,5771.56,0,0.284216829136216
15615670,762,France,Male,36,5,119547.46,1,1,1,42693.65,0,0.0595668585472541
15705506,751,Spain,Male,38,7,0,2,0,0,90839.61,0,0.130318821825237
15599535,678,Spain,Male,28,5,138668.18,1,1,1,54144.01,0,0.039549826323886
15768449,634,France,Female,37,7,51582.5,2,1,1,184312.88,0,0.0865637164247332
15725002,749,France,Male,37,7,0,2,1,0,20306.79,0,0.110106620313046
15611682,590,Spain,Male,37,6,169902.92,1,1,1,128256.18,0,0.0848810930956869
15749964,610,France,Female,27,4,87262.4,2,1,0,182720.07,0,0.136341711951332
15678779,502,France,Male,33,7,0,2,0,1,4082.52,0,0.0376296504536525
15752601,578,France,Female,40,7,0,2,0,0,102233.73,0,0.240309001460979
15758477,547,France,Female,32,2,0,2,1,0,132002.83,0,0.159120948089932
15629133,579,France,Female,27,9,0,2,1,0,126838.7,0,0.106182613858932
15604963,661,France,Male,39,5,0,2,0,0,181461.46,0,0.154706349940928
15796413,794,France,Male,46,6,0,2,1,0,195325.74,0,0.200533275163855
15812470,719,France,Male,61,5,0,2,0,1,29132.43,0,0.207358821742386
15587443,728,France,Female,69,1,0,2,1,1,131804.86,0,0.472682966563788
15689692,598,Germany,Male,19,3,150348.37,1,1,1,173784.04,0,0.0495320458792287
15779586,822,Germany,Female,46,3,115074.02,2,1,0,26249.86,0,0.543544354818907
15667588,670,Spain,Female,40,3,0,1,1,1,182650.15,0,0.111879066589131
15624423,850,France,Male,28,8,99986.98,1,1,0,196582.55,0,0.0869694725493056
15591107,723,Germany,Female,68,3,110357,1,0,0,141977.54,1,0.889008416410136
15748986,705,Germany,Male,42,8,166685.92,2,1,1,55313.51,0,0.17300661236346
15793896,677,Spain,Male,40,7,95312.8,1,1,1,62944.75,0,0.0752026053173759
15620570,736,France,Male,43,4,202443.47,1,1,0,72375.03,0,0.286974464056026
15727811,661,Germany,Female,47,0,109493.62,1,0,0,188324.01,1,0.651843158654641
15707681,501,Germany,Male,38,9,88977.39,2,0,1,133403.07,0,0.136406745417852
15702030,516,France,Female,29,2,104982.57,1,1,0,157378.5,0,0.18881511696376
15673238,517,Germany,Female,59,8,154110.99,2,1,0,101240.08,1,0.803788276535564
15604196,766,France,Male,32,6,185714.28,1,1,1,102502.5,0,0.0540272133085899
15769356,520,Germany,Female,23,3,116022.53,2,1,1,37577.66,0,0.0861440566932265
15665590,541,France,Male,46,6,0,2,1,1,83456.67,0,0.0903086550345816
15572361,790,Germany,Female,34,2,164011.48,1,1,0,199420.41,0,0.427458113958308
15667460,797,France,Male,31,9,0,2,1,1,24748.89,0,0.0253752082004138
15654760,811,France,Male,40,1,101514.89,1,1,1,121765,0,0.0789808212020885
15632669,722,Spain,Female,32,4,0,2,1,1,113666.48,0,0.055740564557023
15613673,675,France,Male,28,9,0,1,1,0,134110.93,0,0.073024581893199
15698522,660,Germany,Male,39,9,134599.33,2,1,0,183095.87,0,0.331314790094076
15741633,566,Spain,Male,32,10,147511.26,1,1,1,159891.03,0,0.0538001086117911
15674583,768,France,Male,25,0,78396.08,1,1,1,8316.19,0,0.0259952142127231
15665374,610,Spain,Female,31,5,0,2,0,0,63736.36,0,0.147365845044194
15588854,715,France,Female,31,3,110581.29,1,1,1,94715.24,0,0.0743036783227286
15810716,750,Germany,Male,42,8,151836.36,2,1,0,68695.38,0,0.361773696880906
15776921,431,Germany,Male,45,5,83624.55,2,0,0,36899.62,0,0.442938028549237
15569394,704,France,Male,24,2,148197.15,2,1,0,182775.08,0,0.0820034455251498
15788215,535,Spain,Female,30,5,122924.75,1,0,0,62390.59,1,0.199970732578743
15641007,614,France,Female,38,4,72594,1,1,1,76042.48,0,0.110588303942186
15594651,748,France,Male,38,4,115221.36,1,0,1,70956.75,0,0.0734447147032178
15575146,492,Germany,Male,51,8,117808.74,2,1,1,67311.12,0,0.300455197241301
15608916,573,France,Male,40,7,147754.68,1,1,1,110454.46,0,0.0940110455693476
15666297,706,Spain,Female,53,3,0,3,0,0,88479.02,1,0.431195395673354
15598586,680,France,Male,31,10,113292.17,1,1,1,122639.73,0,0.0422303065934189
15665014,458,Spain,Male,36,5,0,2,1,0,79723.78,0,0.135081715631654
15701738,612,Germany,Male,44,2,115163.38,1,1,1,97677.52,1,0.22058654621669
15650591,809,Germany,Male,50,10,118098.62,1,1,1,100720.02,1,0.25680106674415
15652667,590,France,Male,39,9,0,2,1,1,104730.52,0,0.0528550738186721
15679622,602,France,Male,35,8,0,1,1,1,22499.29,0,0.0425141637538646
15730150,540,Spain,Male,37,0,120825.7,1,1,0,28257.89,0,0.200755717033948
15813192,494,France,Male,25,6,0,2,0,1,109988.09,0,0.0221836941789951
15606554,797,France,Male,29,1,0,1,0,1,149991.32,0,0.0310115064324502
15611794,526,Germany,Male,61,6,133845.28,2,1,1,45180.8,0,0.478333393959822
15672357,631,Spain,Male,38,7,0,2,1,0,181605.85,0,0.140505405408227
15711759,576,France,Female,29,5,108541.04,1,1,1,126469.09,0,0.0672635131668791
15615296,405,France,Male,39,10,0,1,1,0,160810.85,1,0.172959914653504
15699294,555,France,Male,30,1,0,2,0,0,88146.86,0,0.0921193138820107
15788634,750,Spain,Female,37,2,113817.06,1,0,0,88333.74,0,0.272078713602993
15660871,665,France,Male,28,8,137300.23,1,1,0,90174.83,0,0.10056032317212
15618258,640,Spain,Male,37,5,158024.38,1,1,0,81298.09,0,0.201765473752566
15722535,457,France,Female,33,7,127837.54,1,0,1,60013.17,0,0.0970861647844641
15711977,695,France,Male,36,4,161533,1,1,0,100940.91,0,0.1809939408147
15690169,645,France,Male,31,7,161171.7,2,1,0,12599.94,1,0.116363333154128
15790689,647,Spain,Male,32,9,80958.36,1,1,1,128590.73,0,0.0427674699985267
15665181,808,Spain,Male,25,7,0,2,0,1,23180.37,0,0.0183555909111653
15633608,641,France,Male,33,2,146193.6,2,1,1,55796.83,1,0.0532377363902264
15805261,700,Spain,Male,29,8,0,2,0,1,152097.02,0,0.0264234838587327
15740356,660,Germany,Male,26,4,115021.76,1,0,1,162443.05,0,0.0711809550548578
15808223,615,Spain,Male,41,1,126773.43,1,1,1,55551.26,0,0.0976279858377552
15769980,705,Germany,Female,40,3,92889.91,1,1,1,109496.69,0,0.236225820486048
15675450,718,France,Male,48,9,0,2,1,1,72105.63,0,0.0879841822828866
15776494,754,France,Male,61,5,146622.35,1,1,1,41815.22,1,0.287545273034318
15592412,713,Germany,Male,45,4,131038.14,1,1,0,74005.04,1,0.461502818254393
15777452,587,France,Female,46,6,88820.29,1,0,0,70224.34,0,0.403286512479854
15692258,569,Spain,Male,31,1,115406.97,1,0,0,145528.22,0,0.147419811577322
15791045,568,France,Female,38,3,132951.92,1,0,1,124486.28,0,0.135922717574857
15807889,634,Germany,Male,74,5,108891.7,1,1,0,10078.02,0,0.863581336300196
15602043,770,Germany,Female,46,5,141788.63,2,0,0,164967.21,0,0.600396965561561
15807335,676,Spain,Female,64,4,116954.32,1,1,1,91149.48,0,0.470070576805504
15629985,723,Germany,Female,47,10,90450,2,0,0,103379.31,1,0.564343285123441
15679453,614,Germany,Female,39,8,125997.22,1,1,1,128049.34,1,0.241260614130682
15637315,601,Spain,Female,41,3,0,2,1,0,54342.83,0,0.262500758571974
15691513,592,France,Male,60,9,0,4,1,1,13614.01,1,0.165613248713884
15622289,605,Spain,Female,36,9,0,2,0,1,35521.63,0,0.0737497546928765
15715184,752,Spain,Female,31,4,144637.86,2,1,0,40496.72,0,0.17893712732313
15702801,677,France,Female,29,3,86616.35,1,0,0,91903.9,1,0.165807686478764
15719931,850,France,Male,31,8,0,2,1,0,178667.7,0,0.073705365263898
15806081,608,Germany,Female,48,2,127924.25,2,1,0,32202.61,0,0.624427583496507
15796336,786,Spain,Female,34,9,0,2,1,0,117034.32,0,0.145197384102015
15647306,777,France,Female,29,9,131240.61,1,1,1,163746.09,1,0.0610682320287051
15742369,667,Spain,Male,31,5,0,2,1,1,20346.69,0,0.0297620748690035
15655859,848,Spain,Male,35,5,120046.74,2,1,0,84710.65,0,0.133690629581666
15675650,486,France,Female,39,8,97819.36,1,0,1,120531.31,0,0.133968966146427
15574119,598,Spain,Female,64,1,62979.93,1,1,1,152273.57,0,0.4822860174565
15754168,506,France,Female,40,3,0,1,1,1,144345.58,0,0.115181113291005
15763029,612,Germany,Male,46,9,161450.03,1,1,1,96961,1,0.245341081179002
15765048,545,France,Male,30,3,0,2,1,0,170307.43,0,0.0881475939809053
15786215,793,France,Male,56,8,119496.25,2,1,0,29880.99,0,0.389269312423213
15707559,682,France,Female,30,9,0,2,1,1,195104.91,0,0.0454839954238515
15582129,517,France,Male,62,1,43772.66,3,1,0,187756.24,1,0.527898184520274
15687540,684,France,Male,32,9,100249.41,2,0,1,67599.69,0,0.0401020156121303
15787196,692,Spain,Male,46,2,0,2,1,1,105983.09,0,0.0884815542954563
15670898,740,France,Female,60,5,108028.08,2,0,0,25980.42,1,0.621559657460422
15775433,666,Germany,Male,71,1,53013.29,2,1,1,112222.64,0,0.599698568217957
15700693,693,France,Male,68,2,0,2,1,1,59864.96,0,0.316939082048661
15677955,757,Germany,Male,33,1,122088.67,1,1,0,42581.09,0,0.255500802306143
15570086,684,Germany,Male,18,9,90544,1,0,1,4777.23,0,0.0341356835904844
15794875,691,Spain,Male,35,6,0,2,0,1,178038.17,0,0.0424094115052382
15673591,842,France,Male,44,3,141252.18,4,0,1,128521.16,1,0.0852252473600397
15631756,482,France,Female,35,5,147813.05,2,0,0,109029.72,0,0.269976622768812
15757617,735,France,Male,55,6,134140.68,1,1,0,2267.88,0,0.421035869730897
15612729,681,France,Female,63,7,0,2,1,1,55054.48,0,0.342005051861658
15637857,616,France,Female,31,8,0,1,0,1,76456.17,0,0.0571374740643234
15681007,850,France,Female,35,2,128548.49,4,1,0,75478.95,1,0.179465820415542
15593622,635,France,Male,43,10,122198.21,2,0,1,179144.54,0,0.0977660231477263
15629273,638,Germany,Male,42,8,145177.84,1,1,0,193471.74,1,0.425294099631242
15765846,820,Spain,Female,31,2,94222.53,1,1,0,103570.8,0,0.174958261771414
15596013,694,Germany,Female,58,1,143212.22,1,0,0,102628.56,1,0.813183566207953
15722473,713,France,Male,41,3,0,2,1,0,55772.04,0,0.155401989121033
15774936,543,Germany,Male,41,6,143350.41,1,1,1,192070.16,1,0.198166090011222
15685640,649,France,Female,41,3,130931.83,1,1,1,144808.37,0,0.15462315919998
15566563,777,France,Female,30,4,137851.31,1,1,0,5008.23,1,0.176127496017437
15768746,561,France,Male,33,6,0,2,0,0,173680.39,0,0.106149903099584
15689952,724,Spain,Male,41,5,0,1,0,1,115753.94,0,0.0699101421890322
15725906,665,Spain,Female,51,8,0,1,1,1,38928.48,1,0.19254480892385
15634501,441,France,Male,60,1,140614.15,1,0,1,174381.23,0,0.359859530413529
15571940,579,Spain,Male,22,3,118680.57,1,1,1,49829.8,0,0.027236073325892
15741643,777,Germany,Male,35,7,122917.69,1,1,1,76169.68,0,0.10839132930988
15806822,739,France,Female,36,0,0,2,0,0,133465.57,0,0.192146729733954
15701166,660,France,Male,40,5,131754.11,2,1,1,38761.61,0,0.0762845172711113
15718531,554,France,Female,35,8,0,2,1,1,176779.46,0,0.0697383650368433
15628308,850,France,Female,24,6,0,2,1,1,13159.9,0,0.0263004792706965
15585287,842,Germany,Female,35,9,119948.09,1,1,0,48217.97,1,0.363794875747941
15781619,785,France,Female,38,1,0,1,1,0,134964.85,1,0.218509182174286
15805162,550,France,Male,25,0,0,2,1,1,184221.11,0,0.0233231833124412
15588535,750,Spain,Female,39,6,0,2,0,0,19264.33,0,0.216815951155687
15775307,490,Spain,Female,38,3,97266.1,1,1,1,92797.23,0,0.128615258353771
15777616,605,Germany,Male,28,10,113690.83,1,1,0,33114.24,0,0.178164146611968
15692291,563,Spain,Female,42,6,99056.22,2,1,0,154347.95,1,0.334393644292878
15680843,675,France,Male,34,8,0,2,1,1,184842.21,0,0.0370171793704329
15606232,621,Spain,Female,36,7,116338.68,1,1,1,155743.48,0,0.110572578936531
15641585,850,France,Male,40,6,97339.99,1,0,1,88815.25,0,0.0730883868597416
15684358,711,France,Male,41,3,0,2,1,1,193747.57,0,0.0635593921470077
15806389,549,Germany,Female,55,1,137592.31,2,0,1,116548.02,1,0.527255788262118
15641860,764,Germany,Male,34,6,108760.27,2,1,0,166324.79,1,0.240797451078508
15814237,627,Germany,Male,30,3,128770.88,2,1,1,40199.01,0,0.0809661456321901
15808780,850,France,Female,34,2,0,2,0,0,51919.04,0,0.150890780877062
15767064,614,Spain,Female,36,1,44054.84,1,1,1,73329.08,0,0.094787378536282
15751177,685,Germany,Female,44,2,119657.53,1,1,0,145387.05,1,0.578122295692416
15613427,683,Germany,Female,49,7,108797.63,2,0,0,140763.18,0,0.634066093092866
15647259,643,Spain,Male,35,2,0,2,0,0,67979.35,0,0.123460343164923
15748660,561,Germany,Female,49,1,102025.32,1,1,0,133051.64,1,0.673839872817532
15726695,601,Spain,Female,20,9,122446.61,2,1,0,86791.9,0,0.0877108367696276
15757473,766,France,Female,27,7,158786.67,2,0,1,47579.25,0,0.0517936209926811
15809509,699,France,Male,29,3,125689.29,1,1,1,151623.71,0,0.0400709112716107
15715512,850,Germany,Male,29,1,154640.41,1,1,1,164039.51,0,0.0860219273747512
15614168,792,Germany,Female,50,4,146710.76,1,1,0,16528.4,1,0.666570903643526
15679818,636,Germany,Male,67,7,136709.35,1,0,1,66753.1,1,0.600455499555154
15609928,850,Germany,Male,43,5,129305.09,2,0,1,19244.58,0,0.171655703269106
15731246,628,Spain,Male,40,10,0,2,1,0,103832.58,0,0.146175964765254
15685243,736,France,Female,63,10,0,2,0,1,502.7,0,0.323238549633851
15638730,711,France,Female,21,0,82844.33,2,0,1,1408.68,0,0.0327407856933846
15697034,583,Spain,Female,22,2,0,2,0,1,5985.36,0,0.0305971653433976
15699225,757,France,Male,46,0,0,2,1,0,37460.05,0,0.211938124976083
15677387,749,Germany,Female,33,10,76692.22,1,0,1,30396.43,0,0.13764828174743
15759184,705,France,Male,34,7,117715.84,1,1,0,2498.67,0,0.131791774080269
15595991,585,France,Male,54,8,87105.32,1,1,1,55346.14,0,0.189325248127897
15681332,437,France,Female,43,6,0,1,1,0,148330.97,1,0.326038981917459
15756299,741,France,Female,64,2,69311.16,1,1,1,59237.72,0,0.427110727451004
15750547,738,France,Male,26,9,0,2,1,1,48644.94,0,0.0182922555873481
15566380,586,Spain,Female,33,10,66948.67,2,1,1,140759.03,0,0.0720385766443466
15675963,627,France,Female,57,9,0,2,1,1,107712.42,0,0.253918846409677
15674671,551,Spain,Male,76,2,128410.71,2,1,1,181718.73,0,0.585977489340186
15621466,606,Germany,Male,38,3,99897.53,1,0,0,37054.65,0,0.345730387819788
15607176,674,France,Male,22,3,0,1,1,1,173940.59,0,0.019166696805204
15570299,584,Germany,Female,31,6,152622.34,1,1,0,99298.8,0,0.373973581978155
15613197,590,France,Male,40,8,0,2,1,0,62933.03,0,0.150394561451925
15798885,585,France,Male,56,4,138227.19,2,1,1,55287.84,0,0.220108447249197
15714883,508,France,Female,25,2,111395.53,1,0,1,48197.06,0,0.0566431502596063
15604497,458,Germany,Male,44,7,84386.57,1,1,0,178642.73,0,0.455050064242097
15773949,692,France,Female,36,3,0,2,1,1,8282.22,0,0.0674726189881936
15774164,502,Germany,Male,33,5,174673.65,2,1,0,33300.56,0,0.277601551029994
15774127,518,France,Male,46,3,0,2,1,0,76515.79,0,0.23097282195417
15619016,660,Germany,Male,46,5,109019.65,2,1,1,33680.56,0,0.210222297935969
15795759,698,Germany,Female,52,1,107906.75,1,1,0,168886.39,1,0.705364525662858
15798844,678,France,Male,54,7,128914.97,1,0,0,191746.23,1,0.436281653962454
15717962,773,Spain,Male,63,9,111179.83,1,1,1,93091.02,0,0.29807807019778
15691504,619,Germany,Female,52,8,124099.13,1,0,0,23904.52,0,0.702408840804307
15693893,684,Germany,Male,59,9,122471.09,1,0,1,15807.07,0,0.424508707852594
15672499,635,France,Male,34,3,134692.4,2,1,1,83773.02,0,0.0549676445323619
15750410,680,France,Female,25,4,123816.5,1,1,1,90162.35,0,0.0492071812176745
15568904,608,Germany,Male,34,3,106288.54,1,1,1,36639.25,0,0.117028326691074
15649033,603,Germany,Female,55,7,127723.25,2,1,0,139469.11,1,0.737588435228894
15780989,579,Spain,Male,43,2,145843.82,1,1,1,198402.37,1,0.125229100941651
15771059,756,Germany,Female,34,2,148200.72,1,0,0,194584.48,0,0.420660073545073
15687852,611,France,Male,30,2,104145.65,1,0,0,159629.64,0,0.126923136762482
15695280,532,Germany,Male,24,8,142755.25,1,0,0,34231.48,0,0.168713959571932
15592751,684,Germany,Female,63,3,81245.79,1,1,0,69643.31,1,0.829949045934736
15598338,647,Germany,Female,33,3,168560.46,2,0,0,90270.16,0,0.403926532959652
15735784,583,France,Male,38,8,0,1,1,0,47848.56,0,0.140572193517791
15629128,774,Germany,Male,42,2,132193.94,2,1,1,162865.52,0,0.179256440272644
15642870,677,France,Male,58,9,0,1,0,1,168650.4,0,0.200746964236863
15637977,542,Germany,Male,25,8,139330.1,1,0,0,54372.37,0,0.180510826853739
15600792,613,Spain,Male,29,0,0,2,0,1,133897.32,0,0.0330623099054225
15576131,666,France,Male,40,5,0,2,1,0,147878.05,0,0.156679930903812
15686588,777,France,Female,28,2,134571.5,1,0,1,118313.38,0,0.0646876409391405
15761018,581,Germany,Male,50,2,143829.2,2,1,0,181224.24,1,0.566942115338199
15616029,705,France,Male,32,7,0,2,1,0,7921.57,0,0.0830719387077174
15761149,673,France,Female,44,8,133444.97,1,0,1,5708.19,0,0.166344167395813
15802758,594,Germany,Female,23,4,104753.84,2,1,0,56756.52,1,0.200925383801297
15647838,648,Germany,Female,51,2,116574.84,1,1,0,4121.04,1,0.689818592760847
15735968,605,France,Male,41,10,0,2,0,1,97213.09,0,0.0602935255193798
15581286,734,France,Female,40,9,176914.8,1,1,1,12799.23,0,0.137061079876604
15625445,572,France,Female,36,8,68348.18,2,0,1,50400.32,0,0.0877512293248879
15600173,595,France,Female,33,9,0,2,1,1,41447.86,0,0.0565692885464844
15635143,749,France,Male,42,2,56726.83,2,0,1,185543.35,0,0.0814454399803885
15664849,573,Spain,Male,46,3,65269.23,1,0,1,189988.65,1,0.132673340637888
15762455,624,Spain,Male,33,6,66220.17,1,0,1,170819.01,0,0.0503364413883987
15797165,703,France,Male,56,9,0,1,0,0,85547.33,1,0.36593371162264
15788189,665,France,Female,41,8,96147.55,1,1,0,137037.97,0,0.302339579257449
15780492,648,France,Male,42,4,0,2,1,0,19283.14,0,0.164408826363512
15678497,850,Spain,Male,48,2,0,1,1,0,169425.3,1,0.258081690872305
15588560,569,Germany,Female,32,8,145330.43,1,1,1,132038.65,0,0.175349599628399
15606003,566,France,Female,21,3,0,2,1,1,3626.47,0,0.0268261913913835
15611756,537,Germany,Female,47,4,124192.28,2,1,1,50881.51,0,0.360240505357535
15789563,706,Germany,Female,46,7,111288.18,1,1,1,149170.25,1,0.323139036024009
15702416,734,France,Male,43,7,107805.67,1,0,0,182505.68,0,0.244495736495764
15766288,586,Germany,Female,36,5,103700.69,1,1,0,194072.56,1,0.432634111811849
15667633,612,France,Female,38,1,0,2,1,1,9209.21,0,0.0857225970884066
15622774,648,France,Male,34,0,0,1,1,1,167931.81,0,0.047235877483318
15755416,557,France,Female,27,3,87739.08,1,1,1,123096.56,0,0.0574278320337585
15769915,643,Spain,Female,20,0,133313.34,1,1,1,3965.69,0,0.0383092370204941
15643908,433,France,Female,49,10,0,1,1,1,87711.61,0,0.190561598406033
15627395,643,Germany,Male,41,7,154902.66,1,1,1,49667.28,0,0.185370237180691
15679663,488,France,Female,36,0,0,2,1,0,136675.22,0,0.217621540399146
15651581,758,Germany,Male,68,6,112595.85,1,1,0,35865.44,1,0.797981481434025
15596379,743,Germany,Male,39,3,119695.75,1,0,1,26136.13,0,0.157280367234142
15746674,730,France,Female,47,7,0,1,1,0,33373.26,1,0.3275155045752
15801256,746,Spain,Male,49,7,0,2,0,1,10096.25,0,0.0966711100489313
15663808,666,Germany,Female,59,8,152614.51,2,1,1,188782.3,0,0.568645699243155
15598521,580,Germany,Female,33,7,131647.01,2,0,0,79775.19,0,0.3750074785538
15621457,850,France,Male,27,6,96654.72,2,0,0,152740.16,0,0.0775022853584301
15764726,563,France,Male,22,3,137583.04,1,0,1,5791.85,0,0.027206897253657
15646374,766,Germany,Female,28,3,62717.84,2,1,1,13182.43,0,0.0926517684294435
15716501,659,France,Male,32,9,95377.13,1,0,1,187551.24,0,0.0465440385281187
15589948,607,Spain,Male,28,1,135936.1,2,1,1,110560.14,0,0.0408147423181273
15811343,644,Germany,Male,35,5,161591.11,3,1,1,63795.62,0,0.107957775868085
15659677,746,France,Male,47,8,142382.03,1,1,1,62086.62,0,0.125782035767157
15594436,588,Spain,Male,33,2,0,2,1,1,12483.56,0,0.0390481804078991
15748995,691,Spain,Male,30,9,0,2,0,1,10963.04,0,0.0266561424661718
15677062,666,France,Female,38,6,127043.09,1,1,1,8247,0,0.11399511805602
15697201,640,Spain,Female,46,3,0,1,1,1,156260.08,0,0.163015775043326
15666453,611,Germany,Female,29,4,78885.88,2,1,1,26927.69,0,0.111275178446769
15693771,651,Spain,Female,45,8,95922.9,1,1,0,84782.42,1,0.377073538446252
15569867,529,France,Female,29,8,0,2,1,0,19842.11,0,0.122183434233248
15711602,676,France,Female,36,3,91711.59,1,1,1,95393.43,0,0.0984689742314407
15717736,639,Germany,Female,46,10,110031.09,2,1,1,133995.59,0,0.302407094143871
15750441,782,France,Male,36,5,81210.72,2,0,1,108003.38,0,0.0505583306004501
15732791,641,Germany,Male,32,5,122947.92,1,1,1,99154.86,0,0.100720485806982
15775104,697,France,Female,38,1,182065.85,1,1,0,49503.5,0,0.31505534432653
15757607,623,France,Male,45,0,0,1,1,0,196533.72,1,0.243495830343652
15793070,494,Spain,Female,41,2,69974.66,2,1,0,188426.13,1,0.323549101328409
15760456,731,France,Female,38,10,123711.73,2,1,0,171340.68,1,0.243205250372578
15665385,657,France,Male,44,6,76495.04,1,1,0,79071.89,0,0.239281168302292
15612418,744,France,Female,38,9,0,2,0,0,20940.76,0,0.191287006119908
15727138,774,Spain,Male,46,9,0,2,1,1,34774.26,0,0.0746175601998739
15732061,850,Germany,Female,45,1,121874.89,1,0,0,6865.41,1,0.570324575709742
15776051,551,France,Female,45,6,0,2,1,1,51143.43,0,0.129482325879702
15616530,638,France,Male,36,6,188455.19,1,0,0,47031.4,1,0.199681193986126
15632344,792,France,Female,42,0,99045.93,2,1,0,47160.01,0,0.306558408910914
15744979,666,France,Female,36,8,0,1,0,1,158666.99,0,0.0786073396442617
15745433,716,Germany,Female,30,2,205770.78,2,0,0,65464.66,0,0.356621595363111
15683657,594,France,Female,31,0,79340.95,1,1,0,78255.86,0,0.192595430377005
15718572,600,Germany,Male,57,9,138456.03,2,1,1,103548.25,0,0.386377842364701
15665783,565,France,Male,49,7,0,2,1,1,89609.26,0,0.107093625799686
15652782,678,Germany,Male,48,2,101099.9,2,0,1,193476.04,0,0.259494028690765
15707025,648,Spain,Female,31,5,0,2,1,1,5199.02,0,0.0501495306683735
15647807,642,France,Male,40,8,109219.83,1,1,0,52827.51,0,0.19915502133019
15718281,706,Germany,Male,67,1,123276.69,2,1,1,86507.88,1,0.568083355622873
15660571,668,Spain,Male,43,10,113034.31,1,1,1,100423.88,0,0.0967872803876673
15727857,635,Spain,Male,41,1,0,2,1,0,175611.5,0,0.179904293066158
15639252,603,Spain,Male,30,6,129548.5,2,1,1,19282.85,0,0.0405798496205409
15628144,635,France,Female,72,4,74812.84,1,0,1,27448.33,0,0.599910369141348
15683560,642,France,Female,40,7,0,2,1,0,183963.34,0,0.234785189251956
15653275,785,Spain,Female,54,1,0,2,1,0,45113.92,1,0.453420412206052
15622182,628,Germany,Female,28,3,153538.13,2,1,0,110776.01,0,0.305430994186676
15613962,499,France,Female,38,9,0,2,0,1,183042.2,0,0.0931512733629834
15618437,567,Spain,Male,34,10,0,2,0,1,161571.79,0,0.0417723910227641
15783338,449,Spain,Male,32,0,155619.36,1,1,1,166692.03,0,0.0681537995542064
15764491,701,Spain,Male,35,10,159693.9,2,1,1,71173.64,0,0.0543083895244871
15712960,613,Spain,Male,37,3,171653.17,1,0,1,5353.12,0,0.0846280816956736
15688157,683,Germany,Female,39,2,47685.47,2,1,1,86019.48,0,0.193784426509173
15579287,581,France,Male,35,4,0,2,0,1,86383.82,0,0.0458837531433398
15570931,620,France,Male,61,5,0,1,0,0,31641.52,1,0.491639698552643
15615177,561,Spain,Male,28,6,123692,1,1,1,70548.96,0,0.0405645975894692
15809906,558,Germany,Male,26,1,148853.29,2,1,1,24411.02,0,0.0694044985474433
15652169,642,France,Male,35,2,133161.95,1,0,1,122254.86,0,0.0695590404013507
15649450,805,Germany,Male,24,6,143221.35,2,1,0,186035.72,0,0.141288714424444
15777179,687,France,Male,35,9,0,2,0,1,73133.82,0,0.0375502768749083
15803538,695,Spain,Male,56,1,0,3,1,0,187734.49,1,0.358605186198792
15610936,562,France,Male,33,6,0,2,1,0,111590.35,0,0.102875867135269
15590094,613,Germany,Male,38,9,126265.88,2,0,0,15859.95,0,0.315922987937421
15572706,589,France,Male,37,5,0,1,1,0,61324.87,0,0.14309364046822
15634564,593,Spain,Male,31,8,112713.34,1,1,1,176868.89,0,0.0482907274242356
15684296,714,France,Male,34,5,141173.03,1,0,1,98896.06,0,0.0594726467204263
15702293,588,Spain,Female,35,7,0,2,1,1,108739.15,0,0.0697210219574379
15642099,679,Spain,Male,39,6,0,2,1,0,12266.06,0,0.138410201430136
15773273,730,Spain,Male,38,5,118866.36,1,1,1,163317.5,0,0.0729634517409765
15613337,833,France,Male,47,2,0,2,1,1,182247.77,0,0.0906299637598552
15800482,586,Spain,Female,33,7,0,2,1,1,168261.4,0,0.0611106456055325
15732644,567,Spain,Female,54,5,92316.31,2,1,0,158590.66,1,0.54273477203833
15713426,637,Germany,Male,30,1,122185.53,1,1,0,102566.46,1,0.233677593465797
15640789,711,France,Male,38,4,123345.85,1,1,0,141827.83,0,0.192049236102423
15598892,828,France,Male,30,4,73070.18,2,0,0,161671.15,0,0.0941743647876344
15606436,500,Spain,Male,38,7,0,2,0,0,192013.23,0,0.160327641981305
15751227,807,France,Male,47,1,95120.59,1,0,0,127875.1,0,0.29680823791021
15812365,850,France,Male,40,8,102800.65,1,1,0,60811.56,0,0.169889188800473
15616088,782,France,Female,70,7,97072.42,1,0,1,131177.22,0,0.556190173438553
15803886,629,Spain,Male,31,6,132876.55,1,1,1,130862.11,0,0.0480281143052467
15587311,582,Spain,Male,33,6,0,2,0,1,72970.93,0,0.0396839904265675
15617401,468,France,Male,22,2,0,2,1,0,28123.99,0,0.0530949633404625
15775886,670,France,Male,36,3,0,1,1,0,140754.19,1,0.130184165383021
15807305,805,France,Male,39,2,0,1,0,0,166650.32,0,0.153796760872994
15761717,720,France,Male,26,10,51962.91,2,1,0,45507.24,0,0.0584668073674439
15628008,781,Spain,Female,29,6,98759.89,1,0,0,112202.64,0,0.162954028828028
15583755,592,Germany,Male,33,2,156570.86,1,1,1,37140.2,0,0.125832754879878
15661409,542,France,Female,42,1,0,1,1,1,178256.58,1,0.13651281420603
15774250,532,France,Male,42,1,159024.71,1,1,0,100982.93,1,0.28098259635648
15681476,520,France,Female,39,1,73493.17,1,0,1,109626.13,1,0.136147202636073
15654870,759,France,Female,45,8,0,2,1,1,99251.24,0,0.117018614761246
15790448,473,France,Female,35,6,69617.36,1,1,0,143345.69,0,0.235073953453132
15785326,639,Spain,Female,35,5,136526.26,2,1,0,59653.03,0,0.230785609642807
15592854,705,France,Male,25,3,113736.27,1,0,1,196864.61,0,0.0329901822352298
15617486,530,France,Male,52,1,106723.28,1,0,0,109960.4,1,0.435998944977447
15806796,516,Germany,Female,33,10,138847.9,1,1,1,127256.7,0,0.175246518089713
15644699,850,France,Female,40,0,0,2,1,0,1099.95,0,0.216450372011649
15622305,746,Germany,Female,33,2,107868.14,2,1,1,146192.4,0,0.15458259698831
15608209,622,Germany,Male,33,3,96926.12,2,1,0,48553.77,0,0.239065187497874
15626898,743,France,Male,30,7,77599.23,1,0,0,144407.1,0,0.103617225851055
15644297,732,Germany,Male,38,5,178787.54,1,1,1,195760.53,0,0.168466514350833
15731569,850,France,Male,81,5,0,2,1,1,44827.47,0,0.502362246038507
15582149,850,Germany,Female,34,3,129668.43,2,1,1,88743.99,0,0.158202245432579
15802483,686,France,Male,34,6,146178.13,2,1,1,88837.11,0,0.0507874105011807
15686999,556,France,Female,40,8,0,2,1,0,62112.7,0,0.231434000314369
15772479,673,France,Male,37,4,0,2,0,0,163563.07,0,0.131440960060438
15778884,809,France,Female,38,2,154763.21,2,1,1,174800.31,0,0.113440060260644
15623630,634,Germany,Female,56,3,116251.24,1,0,1,42429.88,1,0.537525412579672
15774316,630,France,Male,37,6,0,2,1,1,82647.65,0,0.0451043594552849
15695097,564,Germany,Female,30,0,100954.88,2,0,0,134175.15,0,0.334945303928848
15645404,625,France,Female,51,4,124620.01,2,1,0,92243.94,1,0.492788272588158
15750574,677,Spain,Female,34,4,0,2,1,1,6175.53,0,0.0608019242831431
15636812,583,France,Male,40,9,112701.04,1,0,0,29213.63,0,0.210478133361701
15712068,592,Spain,Male,45,8,84692.5,1,0,1,67214.02,0,0.112658151468728
15652030,637,Germany,Male,49,2,108204.52,1,1,0,169037.84,1,0.547269183301314
15577398,850,France,Male,30,6,86449.39,1,1,1,188809.23,0,0.0363923934237488
15756848,633,Spain,Male,42,10,0,1,0,1,79408.17,0,0.0710935425653839
15806929,751,Germany,Male,36,5,73194.99,1,1,1,89222.66,0,0.106517595723343
15656005,592,Germany,Male,31,7,124593.23,1,1,0,86079.67,0,0.237283490195999
15722632,716,Germany,Male,50,2,119655.77,1,1,1,12944.17,1,0.28292492532143
15794356,641,Germany,Male,42,3,121765.37,2,1,1,166516.84,0,0.179775065797094
15659656,849,France,Male,35,4,110837.73,1,0,0,126419.8,0,0.14848480853928
15588341,647,Spain,Male,47,10,99835.17,1,0,1,89103.05,0,0.129640430772794
15709142,608,Germany,Female,30,2,91057.37,2,1,0,132973.17,0,0.305081923838076
15627042,555,France,Female,26,7,0,2,1,0,93122.41,0,0.102398723132136
15627517,497,Spain,Male,27,7,149400.27,1,0,0,167522.19,0,0.12165035364466
15803032,599,Germany,Male,38,9,89111.63,1,0,0,157239.6,0,0.321463692951194
15665129,545,Germany,Male,33,1,132527.9,2,0,1,107429.71,0,0.119505257506891
15628272,774,France,Female,36,9,114997.42,1,1,0,75304.09,0,0.226745718430511
15678206,464,France,Male,46,6,161798.53,1,1,0,182944.47,0,0.351790396266148
15678427,696,Germany,Female,27,2,96129.32,2,1,1,5983.7,0,0.098342781508709
15678067,667,Spain,Male,45,3,0,2,0,0,163655.01,0,0.226790564551551
15793331,812,France,Male,32,5,133050.97,2,1,0,89385.92,0,0.109324782742269
15699532,516,France,Male,51,8,120124.35,2,0,1,168773.54,0,0.172569550795023
15605827,645,France,Male,39,8,0,2,0,0,96864.36,0,0.144696560971396
15643635,664,Spain,Male,32,5,133705.74,1,0,0,134455.84,0,0.147533250806787
15787710,427,Spain,Female,39,9,0,2,1,0,28368.37,0,0.229569903962165
15614137,685,France,Female,40,7,0,2,1,0,103898.59,0,0.226051588187783
15754494,585,France,Female,33,4,152805.05,1,1,0,63239.65,0,0.235319652472882
15713440,519,Germany,Female,21,1,151701.45,3,1,1,170138.68,1,0.082958932486186
15803479,708,France,Female,67,1,0,2,0,1,3837.08,0,0.42196921507976
15709639,717,France,Female,22,5,112465.06,1,1,1,92977.75,0,0.0377652668636941
15601719,465,Germany,Male,24,6,156007.09,1,1,0,191368.37,0,0.193399725513483
15772482,829,Germany,Male,28,3,132405.52,3,1,0,104889.2,1,0.15668435563707
15591489,826,France,Male,26,5,142662.68,1,0,0,60285.3,0,0.0884921561294137
15629002,747,Germany,Male,36,8,102603.3,2,1,1,180693.61,0,0.108613658257554
15798053,707,Spain,Male,32,9,0,2,1,0,126475.79,0,0.0839483117615483
15753895,590,Spain,Male,37,1,0,2,0,0,133535.99,0,0.146852766531735
15595426,603,Spain,Male,57,6,105000.85,2,1,1,87412.24,1,0.228011740842041
15645815,615,France,Male,45,5,0,2,1,1,164886.64,0,0.0853974732400122
15632848,634,France,Female,36,1,69518.95,1,1,0,116238.39,0,0.248552594488501
15703068,716,Germany,Male,41,8,126145.54,2,1,1,138051.19,0,0.154603119752208
15791513,647,France,Male,41,4,138937.35,1,1,1,101617.64,1,0.0936715153317437
15587210,591,Germany,Female,44,10,113581.98,1,1,0,1985.41,0,0.551588825685313
15793803,574,France,Male,34,1,112572.39,1,0,0,165626.6,0,0.168030273817213
15787756,467,Germany,Male,51,10,114514.71,2,1,0,177784.68,1,0.550856035879249
15723437,701,France,Female,35,2,0,2,1,1,65765.22,0,0.06612999718554
15702715,747,France,Female,34,10,0,2,1,1,50759.8,0,0.0530985499301812
15809872,650,France,Male,32,2,84906.45,1,1,0,163216.48,0,0.126135618296902
15644295,731,Spain,Female,39,2,126816.18,1,1,1,74850.93,0,0.132200473318949
15778694,638,Germany,Female,26,1,105249.76,2,1,1,23491.09,0,0.0972905630342355
15759555,569,Spain,Male,41,2,0,2,1,0,134272.57,0,0.179840788787216
15631406,459,Germany,Male,50,5,109387.9,1,1,0,155721.15,0,0.582970603341121
15616676,632,Germany,Male,23,3,122478.51,1,1,0,147230.77,1,0.157420437295961
15771154,683,France,Female,73,8,137732.23,2,1,1,133210.44,0,0.602067439442362
15669491,850,France,Female,46,2,157866.77,1,1,1,18986.12,0,0.191693852347181
15697691,512,France,Female,41,6,0,1,1,1,100507.81,0,0.11664093287935
15665180,616,France,Female,31,3,136789.14,1,1,0,59346.4,1,0.206010268937285
15752588,664,France,Male,36,1,0,2,1,1,95372.64,0,0.0449576289419174
15743051,694,France,Male,30,10,144684.03,1,1,1,31805.49,0,0.0390538352187115
15571873,655,France,Male,24,9,107065.31,1,1,1,51959.82,0,0.0255433243776414
15679743,607,France,Female,33,8,91301.72,1,0,1,130824.57,0,0.0834412562151111
15769412,684,Spain,Male,39,4,207034.96,2,0,0,157694.76,1,0.236403969818772
15775124,763,Spain,Male,37,8,0,2,1,1,933.38,0,0.0400016883157473
15732113,671,Spain,Male,50,8,0,1,0,1,2560.11,0,0.117916114222574
15578141,592,Spain,Male,38,3,0,1,1,1,12905.89,1,0.0599489297773464
15595874,666,Spain,Female,36,6,0,2,1,0,176692.87,0,0.195019733793241
15755642,667,France,Male,34,5,0,2,1,1,102908.63,0,0.0368027456946135
15576526,850,Spain,Male,36,6,0,2,0,1,41291.05,0,0.0407286555157508
15792489,622,Spain,Male,42,9,0,2,1,0,119127.06,0,0.166848639889657
15733705,577,France,Female,30,8,92472.1,2,0,1,126434.61,0,0.0624347780959194
15807221,555,Spain,Male,21,1,0,2,0,0,103901.35,0,0.0507809004117423
15573045,547,France,Male,62,10,127738.75,2,1,1,85153,0,0.298753763742668
15756824,613,Germany,Female,50,5,101242.98,2,1,0,12493.61,0,0.630798760234152
15773520,672,France,Female,43,4,92599.55,2,1,1,167336.78,0,0.141978838615218
15627439,624,Spain,Female,36,10,0,2,0,1,186180.42,0,0.0767467897992134
15701439,698,Spain,Female,50,1,0,4,1,0,88566.9,1,0.351170038538346
15785352,606,France,Male,37,6,82373.94,1,0,0,172526.9,1,0.174113253313226
15616525,720,Spain,Male,31,4,141356.47,1,0,0,137985.69,0,0.139537612601971
15717489,835,France,Male,23,9,0,1,1,0,19793.73,1,0.043351888836337
15795737,771,Spain,Female,47,3,72664,2,1,1,107874.39,0,0.166585987418867
15693877,811,France,Female,47,3,123365.34,2,0,0,171995.34,0,0.411123058931813
15576111,734,Germany,Male,33,5,121898.58,1,1,0,61829.89,0,0.253009475353811
15595713,548,Spain,Male,33,6,0,1,1,1,31728.35,0,0.0418759570279328
15808868,652,France,Female,31,3,103696.97,3,0,0,155221.05,1,0.166824836827044
15708193,707,France,Male,33,2,0,2,0,0,130866.95,0,0.102591268088157
15697801,605,Germany,Female,56,1,74129.18,2,1,1,62199.78,1,0.483533925012164
15770121,623,France,Female,34,9,0,1,1,0,24255.21,0,0.162989304630819
15800524,686,Germany,Male,29,3,185379.02,1,1,0,64679.07,0,0.231456954606209
15686236,525,Germany,Female,47,1,118087.68,1,1,0,88120.78,1,0.654978923235639
15659807,657,Spain,Male,41,8,109402.13,1,1,1,66463.62,0,0.0858528174870818
15736078,730,Germany,Female,33,7,130367.87,1,1,0,15142.1,1,0.348421647789993
15620836,816,Germany,Female,34,2,108410.87,2,1,0,102908.91,0,0.35054495536066
15698184,484,France,Female,50,2,90408.16,2,0,0,48170.57,0,0.486206909397318
15717643,728,France,Female,34,6,90425.15,2,1,1,11597.69,0,0.0698242931938291
15776596,730,Spain,Female,39,6,140094.59,1,1,0,172450.04,1,0.305349008359001
15814757,477,Spain,Male,31,9,0,2,0,1,184061.17,0,0.0350362259678388
15812607,663,Germany,Female,46,6,95439.4,1,1,1,21038.58,1,0.309034995789134
15663888,549,Germany,Male,34,6,204017.4,2,1,0,109538.35,0,0.312631843729768
15748882,714,Spain,Male,29,9,0,2,1,0,129192.55,0,0.069237471158476
15690829,430,Germany,Male,49,3,137115.16,1,1,0,146516.86,1,0.590604747672573
15695819,504,Germany,Male,43,5,134740.19,2,1,0,181430.91,0,0.439525554717487
15696834,530,France,Female,29,5,0,2,0,0,121451.21,0,0.134361343894859
15797710,619,Germany,Male,29,4,98955.87,1,0,1,131712.51,0,0.0835204028595215
15700654,617,Germany,Male,44,9,49157.09,2,1,0,53294.17,0,0.354737313260619
15583764,791,Germany,Male,31,1,130240.33,1,0,0,96546.55,0,0.246095052105356
15688849,609,France,Male,48,1,108019.27,3,1,1,184524.65,1,0.129671927209042
15661473,780,Germany,Male,51,4,126725.25,1,1,0,195259.31,1,0.566292616704905
15601030,777,Germany,Female,34,5,96693.66,1,1,1,172618.52,0,0.16731332235588
15789557,817,Germany,Female,27,7,129810.6,1,1,1,59259.44,0,0.100656631204326
15745250,850,France,Male,58,8,156652.13,1,0,0,25899.21,1,0.477659888162564
15590349,732,France,Female,36,9,0,1,0,0,3749,1,0.185368916932311
15741693,693,France,Male,40,4,130661.96,1,1,1,101918.96,0,0.0845937238352139
15618446,576,France,Female,50,8,0,2,1,1,57802.62,0,0.175667516411005
15766552,643,France,Male,37,6,0,2,0,0,142454.77,0,0.129092506480197
15668775,757,France,Male,47,3,130747.1,1,1,0,143829.54,0,0.313501393224308
15757895,569,Germany,Male,30,6,106629.49,1,0,1,44114.88,0,0.0884020607121744
15774551,772,Spain,Male,36,3,112029.83,1,1,1,186948.35,0,0.063549278531004
15684011,576,Germany,Male,29,7,130575.26,1,0,1,173629.78,0,0.0926700476093224
15736146,608,Germany,Male,28,4,96679.71,1,1,1,49133.45,0,0.0733469221984475
15656286,794,France,Male,33,0,0,2,0,0,178122.71,0,0.103574623458204
15774847,593,France,Male,50,6,171740.69,1,0,0,20893.61,0,0.392109938492324
15619340,597,Spain,Male,38,1,0,2,1,0,41303.29,0,0.148489324075452
15815656,541,Germany,Female,39,9,100116.67,1,1,1,199808.1,1,0.234655724665463
15623357,692,Germany,Male,24,2,120596.93,1,0,1,180490.53,0,0.0660348532295192
15601324,697,France,Female,48,1,0,2,1,1,87400.53,0,0.162319531014808
15715510,768,France,Male,29,2,95984.69,2,1,1,73686.75,0,0.0323364016544246
15663770,802,France,Male,38,1,142557.11,1,1,1,172497.73,0,0.0783113401194132
15779267,584,France,Male,47,5,0,2,1,0,89286.29,0,0.231250705423172
15597957,614,Spain,Male,66,2,0,2,0,1,180082.7,0,0.333014156421815
15584620,850,Germany,Female,36,6,143644.16,1,1,0,22102.25,1,0.402837045938156
15750772,671,France,Female,38,6,132129.72,1,0,1,76068.95,0,0.121178177402371
15706557,626,France,Female,52,0,0,2,1,0,32159.46,1,0.433948988717237
15594391,770,France,Female,68,2,183555.24,1,0,0,159557.28,1,0.816207938469879
15661656,633,France,Male,38,2,91902.56,2,1,1,107673.35,0,0.0669601889316305
15631217,663,France,Male,40,6,156218.19,1,0,1,33607.72,0,0.092390598665013
15588955,581,Germany,Female,43,5,93259.57,3,1,0,141035.65,1,0.508029323006523
15758252,561,Germany,Female,45,2,168085.38,2,0,1,115719.08,0,0.365948061485005
15740223,479,Germany,Male,51,1,107714.74,3,1,0,86128.21,1,0.54714266422336
15805413,769,France,Female,31,6,117852.26,2,1,0,147668.64,0,0.161893860788146
15635116,659,Spain,Male,60,2,0,1,1,0,177480.45,1,0.489815538686867
15764892,590,Spain,Female,51,10,84474.62,2,1,1,190937.09,0,0.225975609358081
15795936,560,France,Male,50,3,0,2,1,0,84531.79,0,0.280544327221802
15655232,437,Germany,Male,35,6,126803.34,2,1,1,161133.4,0,0.131032465793643
15640133,661,France,Female,34,0,0,2,1,0,185555.63,0,0.181505480170879
15751524,677,Germany,Female,36,10,68806.84,1,1,0,33075.24,0,0.359428754865517
15670552,560,France,Female,31,3,115141.18,1,1,0,39806.75,0,0.201061913341573
15623966,578,France,Female,35,2,0,2,0,1,26389.92,0,0.0749463953642665
15752193,421,Spain,Male,34,6,90723.36,1,1,1,12162.76,0,0.0581457272917435
15607269,492,Germany,Female,49,2,151249.45,2,1,1,167237.94,0,0.440765593767488
15700752,545,France,Female,32,6,0,2,1,1,52067.37,0,0.0558986374145075
15777901,640,Germany,Female,43,9,94752.49,1,1,0,184006.36,1,0.526581346733289
15639117,624,Spain,Female,34,6,0,1,1,0,582.59,1,0.177888525824129
15720203,577,Spain,Male,28,7,0,1,1,0,143274.41,0,0.0807474200579089
15586236,704,France,Male,31,5,132084.66,3,1,1,54474.48,1,0.0376761238601606
15676645,523,France,Male,45,5,0,2,1,1,121428.2,0,0.0879388166357275
15715988,793,France,Male,35,2,0,2,1,1,79704.12,0,0.0380997009753981
15603749,564,France,Female,53,2,45472.28,1,1,1,41055.71,1,0.267546489751411
15608956,711,France,Male,33,1,0,1,0,0,41590.4,0,0.111909950548471
15733872,791,Germany,Female,33,10,130229.71,2,0,0,54019.93,1,0.320558130467165
15666982,629,Germany,Female,38,9,123948.85,1,1,0,76053.07,0,0.451084185598675
15602647,729,Germany,Male,39,6,127415.85,1,1,1,184977.2,1,0.158791421938746
15623063,651,Germany,Male,35,8,110067.71,1,1,0,127678.95,1,0.280610213476058
15682928,695,Spain,Male,39,4,65521.2,1,1,1,1243.97,0,0.0675339934307444
15729246,847,Spain,Male,31,5,0,2,1,1,76326.67,0,0.0272885468071386
15588928,704,France,Male,47,5,0,2,1,1,145338.61,0,0.0928296853685987
15803352,613,Germany,Male,33,3,155736.42,2,1,1,57751.21,0,0.107216694508217
15607485,692,Spain,Female,29,4,0,2,0,0,138880.24,0,0.131495464400469
15656249,720,France,Female,34,3,118307.57,2,1,1,136120.29,0,0.0842372873209657
15761783,577,France,Male,41,6,0,1,1,1,167621.18,0,0.0703955700031032
15716605,710,Germany,Female,24,7,103099.17,2,1,0,173276.62,0,0.204515309987283
15757425,716,France,Female,38,1,0,2,1,1,99661.46,0,0.0819598655055883
15603096,410,France,Male,33,6,125789.69,1,0,0,66333.56,1,0.167076508045023
15588580,584,Germany,Female,36,4,109646.83,1,1,1,70240.79,0,0.20964338566458
15770539,792,France,Male,30,1,127187.86,1,1,1,113553.42,0,0.0415783648604795
15572022,605,France,Female,36,6,0,1,0,1,690.84,0,0.0816635128945056
15571843,486,Spain,Male,24,1,0,1,1,0,98802.76,0,0.0724940334112267
15752502,615,France,Male,41,4,130385.82,1,0,1,130661.95,0,0.099680302984581
15609058,676,France,Male,23,1,107787.47,1,0,1,116378.82,0,0.0284416146633794
15775108,571,France,Male,34,1,99325.04,2,0,1,186052.15,0,0.0576215279360788
15708904,850,France,Female,37,9,0,1,0,0,100101.06,0,0.186838977054521
15600086,717,France,Male,48,7,123764.95,1,1,1,169952.82,0,0.140433362142683
15814675,642,Germany,Female,39,8,128264.03,1,1,0,61792.76,1,0.462423367906312
15572777,780,Spain,Male,47,7,86006.21,1,1,1,37973.13,0,0.114309447122276
15585106,492,Germany,Female,38,8,57068.43,2,1,0,188974.81,0,0.42803034632417
15738936,760,Germany,Male,29,5,103607.24,2,0,1,86334.64,0,0.0690728986861816
15750970,500,Spain,Male,40,1,99004.24,1,1,1,152845.99,0,0.0970222069785587
15725772,654,Spain,Female,36,2,0,2,1,1,146652.11,0,0.0779934051341734
15692106,606,Spain,Female,25,3,147386.72,3,1,0,45482.04,1,0.126510982064528
15791533,367,Spain,Male,42,6,93608.28,1,1,0,168816.73,1,0.265354097155361
15715715,799,Spain,Male,38,2,0,2,1,1,59297.34,0,0.0479138963419098
15785576,434,Germany,Male,71,9,119496.87,1,1,0,125848.88,0,0.856474847937984
15798834,719,Spain,Female,32,7,0,1,0,0,76264.27,0,0.152508769048849
15744127,641,France,Female,37,2,0,2,1,0,3939.87,0,0.194321538796276
15637427,461,Spain,Female,25,6,0,2,1,1,15306.29,0,0.0374759026117048
15576990,790,Germany,Female,25,5,152885.77,1,1,0,58214.79,0,0.250909363362555
15615352,588,France,Male,31,4,99607.37,2,0,1,35877.03,0,0.0430167059240686
15647333,621,France,Male,27,4,137003.68,1,1,0,21254.06,0,0.0996586918218547
15572050,768,Germany,Male,48,3,122831.58,1,1,1,24533.89,1,0.254916642541558
15581370,681,Spain,Male,38,2,99811.44,2,1,0,23531.5,0,0.174425906148008
15813503,606,Spain,Male,37,8,154712.58,2,1,0,89099.18,0,0.173906289093519
15769783,542,Spain,Male,37,8,0,1,1,1,807.06,0,0.0507792308357853
15793135,713,Germany,Female,24,7,147687.24,1,1,1,121592.5,0,0.0942769680220078
15599182,597,Spain,Female,33,2,0,2,1,1,4700.66,0,0.0638205333713545
15689517,635,France,Male,27,3,127009.83,1,1,0,161909.95,0,0.103080325963177
15641366,599,Germany,Male,61,1,124737.96,1,0,1,90389.61,1,0.52045394599014
15588859,496,Spain,Female,44,0,179356.28,2,1,0,2919.21,1,0.440957043034565
15732293,759,Spain,Male,31,8,0,2,1,1,99086.74,0,0.0278468186192266
15568032,757,Germany,Male,31,1,127320.36,3,1,0,163170.32,0,0.211431340892089
15623525,564,Spain,Male,31,0,125175.58,1,1,1,72757.33,0,0.0547636373451817
15606601,561,France,Female,22,6,186788.96,2,1,0,73286.8,0,0.123181800744063
15800811,702,France,Male,40,3,148556.74,1,0,1,146056.29,0,0.093394265563673
15610711,678,Germany,Female,40,8,128644.46,1,0,0,167673.37,0,0.51244026532106
15809654,707,France,Female,46,7,127476.73,2,1,1,146011.55,0,0.170759873636647
15576077,610,France,Female,27,9,159561.93,1,0,1,103381.47,0,0.0655373827556465
15643378,744,France,Male,42,1,112419.92,1,1,1,83022.92,0,0.0950637486136763
15566790,598,France,Male,28,8,129991.76,2,0,1,46041.08,0,0.0357958257271901
15774402,562,Spain,Male,36,5,0,1,0,1,182843.24,0,0.0555466614167622
15694641,621,Spain,Female,59,2,0,2,1,1,171364.18,0,0.319694802177682
15605916,659,France,Female,50,3,0,1,1,0,183399.12,1,0.430421264830846
15812356,722,Germany,Female,40,6,89175.06,2,0,1,152883.95,0,0.216136106702872
15644179,606,France,Female,39,3,0,2,1,0,50560.45,1,0.22784116763466
15771674,603,Spain,Female,39,5,162390.52,2,1,0,54702.66,0,0.305808234160542
15623314,506,Germany,Female,59,3,190353.08,1,1,0,78365.75,0,0.845034208800028
15613292,715,France,Male,21,8,0,2,1,0,68666.63,0,0.0394018269532747
15813871,690,France,Male,47,2,0,2,1,0,151375.73,0,0.230976938198831
15759480,644,France,Female,40,10,139180.97,1,1,1,19959.67,0,0.125804654345134
15587712,589,France,Male,36,8,114435.47,1,1,0,26955.72,0,0.163802549751706
15671165,592,France,Female,66,5,149950.19,1,1,1,76267.59,0,0.536377022419975
15620746,632,France,Male,42,4,126115.6,1,1,0,100998.5,0,0.249648372812375
15706537,577,Germany,Female,59,7,111396.97,1,0,1,191070.01,0,0.593880957775698
15589312,588,France,Male,30,3,115007.08,1,0,0,176858.5,0,0.133969009153713
15741180,617,France,Male,54,6,102141.9,1,1,1,45325.26,0,0.190440938404321
15733888,668,Spain,Female,36,3,133686.52,1,1,0,190958.48,1,0.27940434630758
15798532,810,France,Male,32,9,120879.73,2,0,1,78896.59,0,0.0380975482493128
15577359,767,Spain,Male,47,5,0,1,1,0,121964.46,1,0.246403329832024
15614936,718,Spain,Female,49,10,82321.88,1,0,1,11144.4,0,0.202867307338291
15747647,589,Spain,Female,27,4,0,2,1,0,144181.48,0,0.114605968247087
15588566,778,Spain,Male,33,5,116474.28,2,1,1,32757.55,0,0.0447874850384712
15570141,724,France,Female,34,3,132352.69,1,1,0,80320.3,0,0.235150108219905
15800793,477,Germany,Female,39,4,182491.57,1,1,0,185830.72,0,0.55721773245976
15572415,580,France,Male,34,6,0,2,1,1,160095.31,0,0.0412157207002451
15635125,566,Spain,Male,63,2,120787.18,2,1,1,52198.84,0,0.336145001216168
15636551,711,France,Female,29,3,130181.47,2,1,0,31811.44,0,0.156781449017613
15600912,706,Germany,Male,32,5,88348.43,2,1,1,104181.78,0,0.0841120231478605
15768476,703,Spain,Male,31,6,0,2,1,1,67667.19,0,0.0290796463857647
15650266,679,Germany,Male,39,2,146186.28,2,1,1,193974.47,0,0.163841577085676
15621004,603,France,Male,32,7,0,1,1,0,198055.94,1,0.105161848163131
15748352,598,Spain,Male,34,0,104488.17,1,0,1,43249.67,0,0.0624576978713725
15788920,836,Germany,Female,32,4,109196.67,2,1,0,55218.02,0,0.29469647307223
15743236,687,France,Female,61,7,80538.56,1,1,0,131305.37,1,0.642809719151174
15637717,704,Germany,Male,41,4,109026.8,2,1,1,43117.1,0,0.154359589946015
15635500,605,Germany,Male,75,2,61319.63,1,0,1,186655.11,0,0.723398869810029
15634792,516,France,Female,40,9,0,2,0,1,33266.29,0,0.0979881546922284
15607560,572,France,Female,39,2,0,2,1,1,555.28,0,0.0934621370058084
15727177,557,France,Male,42,6,177822.03,1,1,0,150944.31,1,0.27883018921994
15774358,443,Germany,Male,59,4,110939.3,1,1,0,72846.58,1,0.719595799055784
15791304,604,Germany,Male,25,7,165413.43,1,1,1,35279.74,0,0.0665868144550947
15603328,483,France,Male,27,1,77805.66,1,1,1,2101.89,0,0.0359144100242074
15804937,702,France,Male,50,3,0,2,0,0,94949.84,0,0.271302672102297
15804142,670,Spain,Female,57,3,175575.95,2,1,0,99061.75,1,0.628145119603406
15608845,804,Spain,Female,38,3,124197.22,1,1,0,74692.06,0,0.280677248646766
15702434,850,France,Female,30,3,0,2,1,0,116692.8,0,0.117034388982105
15632609,554,France,Female,39,10,160132.75,1,1,0,32824.15,0,0.314086865330511
15603550,588,Germany,Female,37,7,70258.88,2,1,0,139607.61,0,0.400192981760861
15755239,758,Germany,Male,32,4,162657.64,2,1,1,115525.13,0,0.0956989882398107
15670528,787,Germany,Male,43,0,132217.45,1,1,0,20955.03,1,0.418693046491989
15732704,582,Spain,Male,25,9,148042.97,2,1,0,52341.15,0,0.079803057663495
15589019,633,Spain,Female,33,4,92855.02,1,1,1,159813.18,0,0.0896192217441237
15677796,766,Germany,Male,47,9,129289.98,1,1,0,169935.46,1,0.473842239020113
15760177,564,Spain,Male,37,9,100252.18,1,1,1,146033.52,0,0.0677276611643661
15636595,602,Spain,Male,37,3,107592.89,2,0,1,153122.73,0,0.0723090737017332
15737275,649,France,Male,39,3,113096.41,1,1,1,60335.24,0,0.0776924838482677
15672905,679,Spain,Female,40,7,0,2,1,1,163757.29,0,0.0950406247173476
15753955,639,Spain,Male,34,7,149940.04,2,0,0,156648.81,0,0.154360679921697
15708504,790,Germany,Male,50,8,121438.58,1,1,1,176471.78,1,0.271377064748668
15592451,565,France,Male,32,9,0,2,1,0,5388.3,0,0.0882563905390274
15790455,478,France,Female,50,2,0,1,0,1,93332.64,1,0.220007863485176
15572174,825,France,Male,29,3,148874.01,2,0,1,71192.82,0,0.0379991266814789
15656330,528,Spain,Female,32,0,68138.37,1,1,1,170309.19,0,0.0882972780805408
15569626,577,Spain,Male,35,5,110080.3,1,1,1,109794.31,0,0.0657529865387808
15608726,663,France,Male,24,7,0,2,1,1,166310.82,0,0.0188557511506754
15637366,505,Germany,Female,25,5,114268.85,2,1,1,126728.27,0,0.102945116154414
15778049,633,Germany,Male,29,6,117412.35,1,0,0,30338.94,0,0.204773875204111
15727421,586,France,Female,38,6,0,2,1,1,37935.83,0,0.0807986916519559
15688865,850,France,Female,35,9,0,2,0,0,25329.48,0,0.148247423496914
15751032,629,Germany,Female,37,1,35549.81,2,0,0,49676.33,0,0.386057826327802
15734737,744,France,Male,56,9,0,2,1,1,169498.61,0,0.149012024832821
15746515,750,France,Male,36,7,136492.92,3,1,1,26500.29,1,0.0481774698973682
15664311,637,Germany,Male,28,3,123675.69,1,1,1,166458.41,0,0.0837180055145316
15708139,575,France,Female,40,1,139532.34,1,1,0,181294.39,0,0.358885867271013
15768574,671,Spain,Male,58,1,178713.98,1,1,1,21768.21,0,0.290232788331292
15738018,571,France,Male,40,5,0,2,0,0,72849.29,0,0.160686015289894
15699753,590,France,Male,41,1,89086.31,1,1,0,24499.97,0,0.222274347761834
15703199,619,Spain,Male,38,3,96143.47,1,0,0,98994.92,0,0.199823098987118
15627830,640,Germany,Female,30,5,32197.64,1,0,1,141446.01,0,0.124492078716221
15570855,670,France,Male,38,7,0,2,1,1,77864.41,0,0.0487334804470936
15772503,737,France,Female,33,4,0,2,1,0,115115.32,0,0.146470054681383
15584453,555,Spain,Male,32,10,0,2,0,1,168605.96,0,0.0370420706257881
15710111,742,France,Male,33,6,0,2,0,0,38550.4,0,0.0910039654881256
15618562,618,Germany,Female,40,0,140306.38,1,1,0,160618.61,1,0.549191505758821
15706764,560,France,Female,35,1,0,2,1,0,3701.63,0,0.184232582234139
15798737,654,France,Male,38,8,0,2,1,0,88659.44,0,0.123915658216901
15712608,787,Germany,Female,42,2,74483.97,2,0,1,44273.91,0,0.233749063044068
15636736,611,France,Female,53,7,0,2,0,1,156495.39,1,0.22332735638041
15703544,559,Spain,Male,34,0,0,1,1,0,182988.94,0,0.136089589464066
15815645,481,France,Male,37,8,152303.66,2,1,1,175082.2,0,0.0723749096512585
15705739,753,Germany,Male,32,5,159904.79,1,1,0,148811.14,0,0.257330757079495
15709643,675,France,Male,32,1,0,3,1,0,85901.09,0,0.0852335340879329
15669805,748,Germany,Female,31,1,99557.94,1,1,0,199255.32,0,0.340375654916136
15737489,610,Spain,Female,46,5,116886.59,1,0,0,107973.44,0,0.437002255731403
15775131,580,Spain,Male,32,9,142188.2,2,0,1,128028.6,0,0.049530376450069
15765283,624,Germany,Female,40,3,149961.99,2,1,0,104610.86,0,0.500939493688647
15628715,709,France,Female,36,8,0,2,1,1,69676.55,0,0.066011761473703
15813283,605,France,Female,34,2,0,1,0,0,35982.42,0,0.186632179750102
15745716,706,Spain,Male,53,7,0,2,0,1,117939.17,0,0.135835899529292
15598485,567,Spain,Male,40,8,28649.64,1,1,1,95140.62,0,0.071724043034077
15696552,747,France,Female,21,4,81025.6,2,1,0,167682.57,0,0.0844561233189895
15754569,664,France,Male,57,1,0,2,1,1,56562.57,0,0.175341535683884
15701741,711,France,Female,39,3,152462.79,1,1,0,90305.97,0,0.313453861641448
15572631,609,France,Male,25,10,0,1,0,1,109895.16,0,0.0227048669244053
15636069,632,Spain,Male,28,7,155519.59,1,1,0,1843.24,0,0.108484676018711
15682467,725,France,Female,36,1,118851.05,1,1,1,102747.02,0,0.105991549279983
15790744,850,France,Female,34,9,92899.27,2,1,0,97465.89,0,0.166007118013278
15625023,682,France,Male,40,4,0,1,0,1,105352.55,0,0.0666143915362938
15731267,797,France,Male,37,4,75263.7,1,1,0,85801.77,0,0.148779832861808
15742879,668,Spain,Male,38,1,147904.31,1,1,1,69370.05,0,0.0833344375095676
15757015,783,Germany,Female,41,5,106640.5,1,1,0,176945.96,0,0.490777156837472
15770711,766,Germany,Female,28,4,90696.78,1,0,1,21597.2,0,0.108538793179935
15569430,704,Spain,Female,36,2,175509.8,2,1,0,152039.67,0,0.284485525936373
15617304,722,France,Male,40,6,0,2,1,1,111893.09,0,0.0551845125346363
15704466,692,France,Female,34,7,0,2,1,0,195074.62,0,0.160942878522544
15664681,584,France,Female,35,2,114321.28,2,0,0,15959.01,0,0.239292930738585
15605534,644,Germany,Female,51,4,95560.04,1,0,0,72628.84,1,0.690966308654368
15792473,598,Germany,Female,50,5,88379.81,3,0,1,64157.24,1,0.353503805881576
15802625,733,Germany,Male,48,7,85915.52,1,1,1,23860.5,0,0.219031410739675
15766017,615,Germany,Male,58,3,72309.3,1,1,1,85687.09,1,0.401890116443438
15762172,850,France,Female,39,2,0,2,1,0,179451.42,0,0.208242293552268
15728333,521,France,Male,43,8,0,1,1,1,93180.09,0,0.0789108435249598
15792868,675,France,Male,69,1,0,2,1,0,157097.09,0,0.6062022255701
15605698,746,France,Male,58,3,0,3,1,1,80344.96,1,0.166201239634996
15777060,770,France,Female,33,4,0,1,1,0,26080.54,1,0.150885672011328
15626243,618,France,Male,30,3,133844.22,1,1,1,31406.93,0,0.0457275744153284
15719898,556,France,Male,36,7,154872.08,2,1,1,32044.64,0,0.0632730121262571
15599976,749,France,Female,27,9,0,2,1,0,132734.87,0,0.096818869445342
15752809,702,Spain,Male,43,6,116121.67,1,1,0,61602.42,0,0.240229355056862
15589698,555,Germany,Male,42,6,107104.5,1,1,1,41304.44,1,0.189556575323251
15609977,587,France,Male,47,6,71026.77,1,1,0,57962.41,0,0.28866218623937
15750121,639,France,Male,38,3,0,1,1,0,42862.82,0,0.145050139541746
15734177,643,France,Male,33,4,0,2,1,1,152992.04,0,0.0364227055674937
15781347,600,France,Female,41,1,0,2,1,1,91193.65,0,0.106124249526609
15592025,651,France,Male,53,7,0,2,1,1,130132.41,0,0.136090669005839
15670163,666,France,Female,27,4,0,2,0,0,88751.45,0,0.109893379771667
15765402,520,France,Female,39,6,145644.05,1,0,0,104118.93,0,0.334674265459086
15624343,650,Spain,Female,50,7,129667.77,1,0,0,42028.16,0,0.502554846297578
15602354,564,Germany,Male,33,3,109341.87,1,1,0,75632.78,0,0.274768973360192
15579183,586,France,Male,64,1,0,2,1,1,53710.23,0,0.280392433425633
15584899,617,France,Female,35,5,0,2,0,1,13066.3,0,0.0702203701877101
15723658,712,Spain,Female,30,6,0,2,1,0,152417.97,0,0.126745235290957
15803965,654,France,Male,55,3,87485.67,1,1,1,3299.01,0,0.193649109352079
15682489,605,France,Male,27,9,0,2,1,0,198091.81,0,0.0656492848122287
15813645,491,France,Female,36,0,53369.13,1,1,1,103934.12,0,0.102792458958322
15766787,707,France,Female,35,9,0,2,1,1,70403.65,0,0.0588028784192533
15687171,638,Spain,Male,34,5,146679.77,1,1,0,102179.86,0,0.163837917034641
15690744,683,France,Male,43,2,112499.42,2,1,0,30375.18,0,0.228030868866601
15707974,815,Spain,Female,38,2,48387,1,1,0,184796.84,0,0.24890649472744
15673084,645,Spain,Male,38,1,68079.8,1,0,1,166264.89,0,0.0771639755828651
15814772,645,Germany,Male,49,4,160133.88,1,0,1,88391.97,0,0.305144606351539
15743709,683,France,Male,30,4,66190.33,1,1,1,115186.97,0,0.036765347709014
15610343,705,France,Female,37,10,0,2,1,1,13935.53,1,0.0673268971503835
15737414,647,France,Male,35,4,123761.68,1,1,0,83910.4,0,0.159135887756811
15788480,786,Germany,Female,33,0,122325.58,1,0,0,34712.34,1,0.370294178003102
15568519,534,France,Male,41,9,0,2,1,0,13871.34,0,0.161168380332469
15792453,602,Spain,Female,42,1,138912.17,1,1,1,139494.75,0,0.176933973277346
15658100,695,France,Female,42,0,0,2,0,1,140724.64,0,0.118842366851443
15695197,553,Germany,Female,25,7,128524.19,2,1,0,20682.46,0,0.234598685654959
15749807,516,Spain,Female,31,3,0,2,1,0,124202.26,0,0.154562387085494
15773876,655,France,Female,34,3,0,2,1,0,159638.77,0,0.168268718749446
15591698,849,Germany,Female,49,9,132934.89,1,1,0,171056.65,1,0.633343536588141
15712813,520,Germany,Male,43,3,150805.17,3,0,1,25333.03,1,0.199273256231458
15763898,568,Spain,Female,46,3,0,2,1,1,29372.62,0,0.145747095126329
15793324,695,Spain,Male,32,9,0,3,0,1,38533.79,0,0.0278011651771138
15757759,807,Spain,Female,28,7,165969.26,3,1,0,156122.13,1,0.138635910396234
15796230,642,Germany,Female,36,2,124495.98,3,1,1,57904.22,1,0.173973992642637
15611729,703,Germany,Male,39,1,141559.5,1,1,1,31257.1,1,0.166641730208455
15709531,556,France,Male,38,2,114756.14,1,1,0,193214.05,0,0.211289042694755
15650751,585,France,Female,30,6,0,2,1,1,137757.69,0,0.050017519717183
15641413,587,Germany,Female,49,7,155393.98,2,1,0,13308.2,1,0.650531157600121
15753840,524,Spain,Female,32,6,0,1,1,1,132861.9,1,0.0659238181955491
15669994,556,Germany,Female,31,1,128663.81,2,1,0,125083.29,0,0.355613920602063
15695301,504,Spain,Male,44,4,113522.64,1,1,1,12405.2,0,0.118583667921592
15792004,731,Spain,Female,26,3,0,2,1,0,37697.29,0,0.0945614932185965
15603035,651,France,Male,34,3,0,2,1,1,105599.65,0,0.0399026984013257
15717286,675,Spain,Female,40,8,79035.95,1,1,0,142783.98,1,0.288220710262761
15577107,657,Spain,Female,22,6,0,3,0,1,168412.07,1,0.0276500728268478
15754747,686,Germany,Male,33,9,141918.09,2,0,1,184036.47,0,0.101481912904879
15705676,690,France,Female,35,9,107944.33,2,0,0,48478.47,0,0.205697349702444
15751912,567,France,Male,36,7,0,2,0,1,3896.08,0,0.0436861607249744
15677336,557,Germany,Male,57,1,120043.13,1,1,0,132370.75,1,0.700027999279818
15684395,446,Spain,Female,45,10,125191.69,1,1,1,128260.86,1,0.20222421137503
15659949,850,France,Male,31,1,96399.31,2,1,0,106534.15,0,0.101135108928147
15812422,637,France,Male,41,2,0,2,0,1,102515.42,0,0.0655556275096664
15806941,499,France,Male,60,7,76961.6,2,1,1,83643.87,0,0.247049536701918
15637690,622,Germany,Female,34,7,98675.74,1,1,0,138906.85,1,0.382543290052913
15632882,684,Germany,Male,37,1,126817.13,2,1,1,29995.83,1,0.131401467193245
15807107,612,France,Male,32,3,121394.42,1,1,0,164081.42,0,0.138340688047032
15661034,813,Germany,Female,29,5,106059.4,1,0,0,187976.88,1,0.298418139171692
15811958,850,Germany,Male,44,2,112755.34,2,0,0,158171.36,0,0.399675979825714
15785167,795,Spain,Male,29,4,0,2,0,0,155711.64,0,0.0742367600835117
15646720,628,Spain,Female,55,7,0,3,1,0,85890.75,1,0.453783102899788
15658614,565,Germany,Female,38,7,145400.69,2,1,1,83844.79,0,0.225124762642634
15704657,601,France,Male,39,3,72647.64,1,1,0,41777.9,1,0.186424797109261
15567147,802,Spain,Male,40,4,0,2,1,1,81908.09,0,0.0558387481168413
15701319,614,Germany,Female,37,6,96340.81,2,1,1,139377.24,1,0.191743110890011
15745266,434,Spain,Male,55,6,0,1,0,1,73562.05,1,0.193445109277834
15650437,522,Germany,Male,32,8,124450.36,2,1,1,165786.1,0,0.099628450420978
15764314,550,Germany,Male,36,2,113877.23,2,1,0,174921.91,0,0.307725708662274
15612594,599,Spain,Male,25,3,0,2,1,1,120790.02,0,0.0227436285161248
15593501,493,France,Female,36,5,148667.81,2,1,0,56092.51,0,0.271229924668644
15804150,755,France,Male,34,3,0,2,1,1,158816.03,0,0.0363721230332181
15649297,605,France,Female,62,4,111065.93,2,0,1,125660.99,0,0.433901105751546
15641110,708,France,Male,41,0,0,1,1,0,128400.62,0,0.184888028198738
15660608,699,France,Male,44,8,158697.61,1,1,0,107181.22,0,0.271798679017105
15806570,763,France,Female,53,4,0,1,1,0,77203.72,1,0.437448486205858
15715345,743,Spain,Male,25,6,0,2,1,0,129740.11,0,0.0546015181045843
15755521,660,France,Female,48,0,90044.32,2,0,1,187604.97,1,0.212522722741503
15579074,619,Germany,Male,38,10,84651.79,1,1,1,184754.26,0,0.137389023407582
15641158,739,Germany,Male,32,3,102128.27,1,1,0,63981.37,1,0.232419610102831
15752507,769,Germany,Male,60,9,148846.39,1,1,0,192831.67,1,0.707148736686039
15597983,692,France,Male,69,10,154953.94,1,1,1,70849.47,0,0.430104116719014
15586069,560,France,Female,30,0,108883.29,1,1,0,27914.95,0,0.197122314572106
15655082,607,France,Female,48,4,112070.86,3,1,0,173568.3,1,0.417659992853128
15720155,630,Germany,Male,29,6,131354.39,1,0,1,9324.31,1,0.0840466013537857
15582116,767,Germany,Female,45,7,132746.2,2,1,0,26628.88,1,0.54315097022167
15749365,543,France,Female,34,8,0,2,0,1,145601.8,0,0.0670019836227937
15632069,776,France,Male,39,8,125211.55,2,1,0,144496.07,0,0.173048211566886
15663134,535,Spain,Male,58,1,0,2,1,1,11779.98,1,0.205518552563287
15766683,549,Germany,Male,36,6,139422.37,1,0,0,83983.39,1,0.330750487370091
15707219,844,France,Female,28,4,0,2,0,1,123318.37,0,0.0389320759620619
15709232,586,Germany,Female,47,5,157099.47,2,1,1,65481.86,0,0.364716729493486
15801351,583,France,Male,40,3,0,2,1,0,47728,0,0.153997818715556
15578747,701,Spain,Male,26,5,83600.24,1,0,1,59195.05,0,0.0310116378729439
15675626,726,France,Male,28,2,0,1,0,0,98060.51,0,0.0793571636329157
15583736,829,Germany,Male,36,4,81795.74,2,1,0,90106.94,0,0.248471249457026
15590011,749,Spain,Male,38,9,129378.32,1,1,1,13549.34,0,0.0681397362976423
15609913,743,France,Female,46,9,0,1,1,0,113436.08,0,0.31906424283137
15719479,619,Spain,Female,56,7,0,2,1,1,42442.21,0,0.245794882908415
15575147,699,France,Male,22,9,99339,1,1,0,68297.61,1,0.0598635520768204
15597309,749,Spain,Male,36,7,0,2,0,0,80134.65,0,0.117220512065142
15648367,600,Germany,Female,29,6,74430.1,2,1,1,96051.1,0,0.111460126860462
15758031,760,Spain,Male,38,3,91241.85,1,0,1,80682.35,0,0.0695845329631758
15751771,528,Germany,Male,32,2,99092.45,1,0,1,111149.98,0,0.110841765739577
15689288,630,France,Female,26,5,0,2,1,0,182612.38,0,0.103240904231593
15731026,683,Germany,Female,39,2,100062.16,2,1,0,109201.43,0,0.447126921070021
15775809,677,Germany,Female,26,6,98723.67,1,0,1,151146.67,0,0.105147161648892
15743076,669,Spain,Male,29,9,0,1,1,1,93901.61,0,0.0276963536475686
15658258,693,France,Male,43,6,128760.32,1,1,0,36342.79,0,0.243292715017002
15756321,612,Spain,Female,52,5,144772.69,1,0,0,98302.57,1,0.561036961813194
15706799,719,Spain,Male,44,4,0,1,0,0,84972.9,1,0.215115827841285
15775703,702,France,Male,26,2,71281.29,1,1,1,108747.12,1,0.0283217448809863
15642636,755,France,Male,29,9,117035.89,1,1,1,21862.19,0,0.0338463701626982
15704651,514,France,Male,26,1,0,2,0,0,121551.93,0,0.0733184714608968
15806771,753,France,Female,40,0,3768.69,2,1,0,177065.24,1,0.237010971857751
15566735,548,Germany,Female,36,2,108913.84,2,1,1,140460.01,0,0.208424292210323
15681671,850,Germany,Male,28,2,101100.22,2,1,1,35337.31,0,0.0602220442387422
15775949,612,France,Female,38,7,110615.47,1,1,1,193502.93,0,0.118166335166653
15586752,628,Germany,Male,33,8,152143.89,1,1,1,32174.03,0,0.11172518159776
15582519,479,France,Male,47,6,121797.09,1,0,1,5811.9,1,0.148757212160979
15658233,724,France,Female,41,5,109798.25,1,0,1,149593.61,0,0.144154805145355
15755330,512,Germany,Male,41,7,122403.24,1,0,1,37439.9,1,0.186566126952787
15605072,638,France,Female,43,3,145860.98,1,1,1,142763.51,1,0.184436770191885
15617538,834,Spain,Male,40,7,0,2,0,0,45038.74,0,0.1409880544624
15591428,781,France,Male,29,9,0,2,0,0,172097.4,0,0.0710698096146313
15692142,707,Germany,Female,48,7,105086.74,1,1,1,180344.69,1,0.361191922953425
15692931,670,France,Male,22,2,114991.45,1,1,1,37392.56,0,0.0240598049134661
15781127,663,Spain,Female,33,8,96769.04,1,1,1,36864.05,0,0.0757053594117741
15677136,624,France,Female,23,5,0,2,0,0,132418.59,0,0.0869550035670795
15677828,598,France,Female,34,4,0,2,0,0,60894.26,0,0.174652614203934
15567897,619,Germany,Male,23,5,132725.1,1,1,1,143913.33,0,0.0607497308449399
15793641,792,France,Female,70,3,0,2,1,1,172240.27,0,0.463593064590883
15678333,683,France,Female,26,7,0,2,1,0,86619.77,0,0.0934039345326404
15630511,691,France,Female,33,6,0,2,1,0,164074.89,0,0.154089672361331
15792627,765,Spain,Female,33,5,84557.82,1,1,1,69039.43,0,0.0729913129159671
15717191,508,France,Male,49,1,93817.41,2,1,1,132468.76,1,0.150250288031971
15625716,637,France,Female,33,9,113913.53,1,0,1,65316.5,0,0.0838924945715742
15710053,667,Germany,Female,44,5,140406.68,2,0,1,57164.19,0,0.303732890367166
15580043,575,Spain,Female,22,8,105229.34,1,1,1,34397.08,0,0.0403260104284478
15601410,744,Spain,Female,46,1,0,3,1,1,177431.59,1,0.137013391363134
15684669,567,France,Female,41,9,137891.35,1,1,0,142009.46,1,0.3435557350845
15619083,502,France,Female,35,6,0,2,1,1,80618.47,0,0.0727922763977428
15692207,609,France,Female,53,6,0,2,1,1,124218.27,0,0.213337188217912
15730705,715,France,Male,37,9,165252.52,1,1,0,85286.3,0,0.177548962480345
15749688,541,France,Male,32,8,0,2,0,0,40889.14,0,0.0926634785959262
15728542,850,France,Female,71,4,0,2,1,1,107236.87,0,0.464495296544229
15760063,595,Spain,Male,23,7,0,2,1,1,168085.97,0,0.0182870810876034
15658982,650,Germany,Female,28,5,122034.4,3,0,1,146663.43,1,0.111594324391059
15758769,625,France,Female,44,7,0,1,1,0,4791.8,0,0.292205047696955
15778481,817,France,Male,59,1,118962.58,1,1,1,120819.58,0,0.256234086246471
15661162,526,Spain,Male,49,2,0,1,1,0,114539.67,1,0.312285974219389
15568164,850,France,Female,34,4,71379.53,2,1,1,154000.99,0,0.0704126558098144
15601569,598,France,Female,40,2,171178.25,1,1,0,137980.58,1,0.372544761492998
15772383,613,France,Male,36,9,131307.11,1,0,0,83343.73,0,0.168915278498835
15667456,709,Spain,Male,62,3,0,2,1,1,82195.15,0,0.235737151499363
15672983,678,Spain,Female,27,5,87099.85,2,1,0,149550.95,0,0.133714101430716
15799534,720,France,Male,71,5,183135.39,2,1,1,197688.5,0,0.476737549719174
15582847,662,France,Male,26,0,0,2,0,1,72929.96,0,0.0244460797512061
15612478,525,France,Male,51,10,0,3,1,0,171045.35,1,0.275095108440165
15709621,662,France,Male,31,3,0,2,0,1,27731.05,0,0.031486111188658
15802009,770,France,Female,33,6,0,2,1,1,126131.9,0,0.052423839098066
15698816,721,Spain,Female,33,4,72535.45,1,1,1,103931.49,0,0.076821611646164
15574830,633,Germany,Male,58,2,128137.42,2,1,0,147635.33,1,0.691653539869488
15603082,701,France,Male,51,9,0,2,0,0,61961.57,0,0.274144010854989
15685947,556,Germany,Male,42,0,115915.53,2,0,1,125435.47,1,0.201914204853607
15643048,639,France,Male,66,0,0,2,0,1,42240.54,0,0.311512615737603
15807568,632,France,Male,50,2,0,2,0,0,57942.88,0,0.280089419533725
15597591,456,France,Male,29,5,107000.49,1,1,1,153419.62,0,0.0456970311258022
15747558,729,Spain,Female,38,10,0,2,1,0,189727.12,0,0.195943809532251
15756655,632,France,Female,34,2,0,2,0,0,165385.55,0,0.180400343870369
15589949,433,Spain,Male,34,9,152806.74,1,1,0,19687.99,0,0.174251390620159
15601012,802,France,Female,60,3,92887.06,1,1,0,39473.63,1,0.628922251945151
15724269,670,France,Male,25,7,0,2,1,1,144723.38,0,0.0193660521902598
15567506,738,Germany,Female,40,6,114940.67,2,1,1,194895.57,1,0.232874731793346
15791877,706,Germany,Male,34,0,140641.26,2,1,1,77271.91,0,0.11027804136039
15794360,592,Germany,Female,70,5,71816.74,2,1,0,105096.82,1,0.876720545141121
15686538,522,France,Female,41,7,0,2,0,1,176780.39,0,0.112746743555852
15585985,746,France,Male,48,5,165282.42,1,1,0,153786.46,1,0.350155882111723
15699257,651,Spain,Male,42,2,143145.87,2,1,0,43612.06,0,0.240315831892571
15804104,494,France,Male,28,9,114731.76,2,0,1,79479.74,0,0.0346742567123977
15727619,753,Germany,Female,46,9,113909.69,3,1,0,92320.37,1,0.516462587190907
15740237,671,Germany,Male,36,2,116695.27,1,0,0,193201.86,0,0.326985588110059
15801436,696,France,Male,42,4,0,1,0,0,126353.13,1,0.187797724400625
15705735,577,Spain,Male,43,3,0,2,1,1,135008.92,0,0.0791179871500396
15649359,587,France,Male,36,1,0,2,0,1,17135.6,0,0.0488036498009339
15624892,712,Germany,Male,37,7,93978.96,2,1,0,60651.77,0,0.269489190448115
15784918,498,Germany,Male,35,2,121968.11,2,0,1,188343.05,0,0.135126301792201
15584785,660,France,Male,37,2,97324.91,1,1,0,23291.83,0,0.174407363241496
15797197,678,Spain,Male,29,6,0,2,1,0,64443.75,0,0.0710585050852028
15574858,530,France,Male,37,8,0,2,1,1,287.99,0,0.0471742493935771
15794101,559,France,Female,48,2,0,2,0,1,137961.41,0,0.175721781191394
15743245,624,France,Male,42,3,145155.37,1,1,0,72169.95,1,0.254408761796597
15791535,592,France,Male,28,5,137222.77,1,0,0,39608.58,0,0.108346238787134
15605215,767,France,Male,48,9,0,2,0,1,175458.21,0,0.0947571117887628
15771749,653,Germany,Female,38,5,114268.22,2,1,1,89524.83,0,0.20237630855777
15616833,678,Spain,Male,27,2,0,2,1,1,13221.25,0,0.0240108227772688
15750728,586,Spain,Female,42,2,0,1,1,0,102889.34,0,0.301692542149556
15769353,550,France,Female,40,8,150490.32,1,0,0,166468.21,1,0.348769225967079
15770091,643,Germany,Male,28,9,160858.13,2,1,0,27149.27,0,0.180013358694921
15716420,612,Spain,Male,39,5,170288.38,1,1,1,59601.15,0,0.0918860849800923
15740602,674,Germany,Female,27,4,111568.01,1,0,1,22026.18,0,0.113632572863167
15796071,657,Spain,Male,29,7,83889.03,1,1,0,153059.62,0,0.0990936824393614
15811389,724,Germany,Female,35,0,171982.95,2,0,1,167313.07,0,0.208812585439195
15783875,500,France,Female,34,4,0,2,1,0,12833.96,0,0.170151479213221
15671800,688,France,Male,20,8,137624.4,2,1,1,197582.79,0,0.0195536168808374
15677288,599,France,Male,50,3,121159.65,1,0,0,4033.39,1,0.375193760114363
15633525,631,France,Male,29,7,0,2,0,1,125877.22,0,0.0279918238443625
15634606,634,Spain,Male,52,1,0,2,1,1,176913.42,0,0.145938255922462
15579207,545,France,Male,37,3,91184.01,1,1,0,105476.65,0,0.187107595861789
15619892,644,Spain,Male,18,8,0,2,1,0,59172.42,0,0.0343622912800877
15567778,690,Germany,Female,54,1,144027.8,1,1,1,108731.02,1,0.51847054973544
15711750,711,France,Female,34,6,0,2,1,1,175310.38,0,0.0609429811212217
15751084,712,France,Female,29,8,140170.61,1,1,1,38170.04,0,0.0607600043313215
15768945,627,France,Male,27,1,62092.9,1,1,1,105887.04,0,0.0316618008733358
15586931,694,Spain,Male,39,3,0,1,1,1,95625.03,0,0.0623946471328942
15636353,534,Spain,Male,35,4,0,2,0,0,9541.15,0,0.125103741637226
15623858,603,France,Male,45,9,0,1,0,0,148516.79,0,0.230245921528227
15703354,808,France,Female,33,2,103516.87,1,1,0,113907.8,0,0.199938023623551
15663987,723,Spain,Male,30,1,0,3,1,0,164647.72,1,0.078321508410639
15780805,585,France,Female,35,2,0,2,1,0,98621.04,1,0.183322095344849
15768566,706,France,Male,34,8,0,2,1,1,37479.97,0,0.0331224840285004
15643229,671,France,Female,31,6,0,2,1,1,15846.42,0,0.0480704651793372
15754940,597,Spain,Male,43,2,85162.26,1,0,1,5104.08,1,0.103705066530644
15676576,646,France,Female,43,8,143061.88,1,1,0,61937.6,0,0.363133786258008
15800068,801,Spain,Female,46,6,0,2,1,1,170008.74,0,0.128655199778233
15648030,731,Spain,Female,33,5,137388.01,2,1,0,165000.68,0,0.210625335499594
15668594,620,Germany,Female,25,1,137712.01,1,1,1,76197.05,0,0.114329320559945
15728709,484,Germany,Male,40,7,106901.42,2,0,0,118045.98,0,0.366577571835274
15724181,647,Spain,Male,47,5,105603.21,2,1,1,157360.9,0,0.123641025639499
15647546,688,Germany,Female,40,8,150679.71,2,0,1,196226.38,0,0.25510131469332
15702601,680,Germany,Male,30,4,108300.27,2,0,1,44384.57,1,0.078895847847772
15567725,689,France,Female,46,7,52016.08,2,1,1,72993.65,0,0.149488960962053
15674179,513,Germany,Male,34,7,60515.13,1,0,0,124571.09,0,0.267797320718469
15686957,553,Germany,Male,35,2,158584.28,2,1,0,43640.16,0,0.307620042305143
15607690,689,Germany,Male,47,2,118812.5,2,0,0,31121.42,0,0.481651602009661
15806546,517,Spain,Male,46,4,0,1,1,0,22372.78,0,0.246647164551356
15632850,731,France,Male,37,8,0,2,1,1,170338.35,0,0.0442675643811846
15709016,687,Germany,Female,47,1,91219.29,1,0,0,158845.49,1,0.630969534375789
15638068,507,Spain,Male,32,7,0,2,1,0,67926.18,0,0.0987702929123423
15749345,468,France,Female,22,1,76318.64,1,1,1,194783.12,0,0.0446157862638477
15791321,682,Spain,Female,58,4,0,1,1,0,176036.01,0,0.562946608241839
15699095,603,France,Female,24,3,0,1,1,1,198826.03,1,0.0381936732310393
15638329,522,Germany,Male,25,1,111432.13,1,1,1,168683.57,0,0.0740085567483223
15575445,629,Spain,Male,41,10,150148.51,1,0,0,6936.27,0,0.23920334053562
15752622,729,France,Female,32,7,38550.06,1,0,1,179230.23,0,0.0648340620858486
15774507,574,France,Female,39,5,119013.86,1,1,0,103421.91,0,0.304593779706866
15570857,677,Germany,Female,39,0,111213.64,2,1,1,147578.26,0,0.238344149206421
15599386,627,Germany,Male,28,5,71097.23,1,1,1,130504.49,0,0.0719623556711823
15744913,788,Spain,Male,36,10,109632.85,1,1,1,16149.13,0,0.0524289247781446
15647292,697,France,Male,63,7,148368.02,1,0,0,118862.08,1,0.608543716664198
15728838,578,France,Male,45,1,148600.91,1,1,0,143397.14,1,0.32147921605148
15584704,519,France,Male,48,10,71083.98,1,1,0,137959,0,0.309529512408025
15749068,632,France,Female,40,9,139625.34,1,1,0,93702.96,1,0.310172011456745
15622985,679,France,Female,39,4,0,1,0,0,172939.3,1,0.25477335828183
15587676,699,France,Male,30,9,0,1,1,1,108162.13,0,0.0295120865075987
15779496,615,France,Male,64,0,81564.1,2,0,1,35896.09,0,0.321498806982483
15733460,622,Spain,Male,36,9,0,2,1,1,104852.6,0,0.0426380149217627
15711457,755,France,Female,28,7,124540.28,1,0,1,188850.89,0,0.0609150244865616
15795290,767,France,Female,42,2,133616.39,1,1,0,28615.8,0,0.333757663487937
15611223,752,Germany,Female,38,10,101648.5,2,1,0,172001.44,0,0.402999879981264
15794159,633,France,Female,26,8,124281.84,1,1,1,60116.57,0,0.0499195466823295
15780677,717,France,Female,59,4,0,2,1,1,170528.63,0,0.287144174673796
15690175,585,Spain,Male,45,0,0,2,0,0,189683.7,0,0.247052354550422
15722599,751,France,Female,37,9,183613.66,2,0,0,49734.94,0,0.25902339746157
15569976,754,Germany,Male,65,1,136186.44,1,1,1,121529.59,1,0.57145855227835
15707011,495,France,Male,47,10,137682.68,1,1,0,71071.47,0,0.321156978834132
15702277,650,France,Male,34,4,106005.54,1,0,1,142995.32,0,0.0585190866972773
15801915,529,France,Female,31,6,152310.55,1,1,0,13054.25,0,0.204762602241096
15580213,585,France,Female,43,2,0,2,1,0,89402.54,0,0.296505545442904
15637947,668,Spain,Male,32,1,134446.04,1,0,1,111241.37,0,0.0586312860980082
15715888,591,France,Female,38,2,142289.28,1,0,1,119638.85,0,0.141009961488431
15732967,731,France,Male,19,6,0,2,1,1,151581.79,0,0.0123144597184579
15737047,754,France,Female,45,6,0,1,1,0,73881.68,1,0.300971452366563
15694039,650,Germany,Female,46,9,149003.76,2,1,0,176902.83,0,0.593377947244344
15649457,588,Germany,Male,41,2,131341.46,2,0,1,7034.94,0,0.181275225735466
15742809,712,Spain,Female,29,7,77919.78,1,1,0,122547.58,0,0.150322268267562
15637829,691,France,Female,34,7,0,2,0,1,161559.12,0,0.0642106928245432
15633194,771,France,Female,41,10,108309,4,1,1,137510.41,1,0.0957581415838296
15611635,678,Spain,Female,39,6,0,1,0,1,185366.56,0,0.105636235462831
15638774,719,Spain,Female,40,9,0,2,1,0,182224.14,0,0.228151733434754
15722037,610,Germany,Male,36,7,115462.02,1,0,1,42581.04,0,0.129161259019735
15672930,722,Spain,Male,37,9,0,2,1,0,31921.95,0,0.114127175385101
15668774,758,Germany,Female,23,5,122739.1,1,1,0,102460.84,1,0.214192326517156
15780966,709,France,Female,32,2,0,2,0,0,109681.29,0,0.148831125298354
15659694,634,Germany,Female,53,3,113781.5,2,1,1,106345.05,1,0.45024768245282
15624424,678,Spain,Female,49,1,0,2,1,1,102472.9,0,0.179560400258572
15708713,633,France,Male,35,3,0,2,1,1,36249.76,0,0.0408048457005718
15755405,710,France,Male,43,9,128284.45,1,1,0,32996.89,1,0.227499360222251
15647570,640,Germany,Male,45,8,120591.19,1,0,0,195123.94,0,0.473208787678201
15684348,656,France,Male,63,8,0,2,0,1,57014.43,0,0.239694194359675
15702541,551,France,Female,59,2,166968.28,1,1,0,159483.76,1,0.703607852881941
15646942,786,Spain,Female,39,7,0,2,0,0,100929.59,0,0.214158172744798
15748920,561,France,Female,49,8,0,2,1,1,12513.07,0,0.159096425293425
15694581,807,Spain,Male,42,5,0,2,1,1,74900.9,0,0.0607327816156659
15643215,602,Germany,Male,38,2,71667.97,2,0,0,137111.89,0,0.32041320454068
15649060,727,Germany,Female,31,3,82729.47,2,1,0,60212.51,0,0.291684845958874
15774258,678,France,Male,40,1,0,2,1,1,187343.4,0,0.0609082633731123
15731553,730,France,Male,23,8,0,2,1,0,183284.53,0,0.0459240939511984
15617029,596,Spain,Female,30,1,0,2,1,0,8125.39,0,0.14007329453101
15780716,686,Germany,Male,39,3,129626.19,2,1,1,103220.56,0,0.145235512384305
15577018,684,Germany,Female,26,2,114035.39,1,0,0,96885.19,0,0.280868580559789
15809515,797,Germany,Male,32,1,151922.94,1,1,0,8877.06,0,0.242081311788045
15789924,658,France,Female,39,4,0,1,1,1,147530.06,0,0.0964999223099315
15725076,653,Spain,Female,27,6,107751.68,2,1,1,33389.42,0,0.0493053661080145
15672481,641,France,Male,37,6,0,2,1,0,45309.24,0,0.121772586626841
15574115,656,Spain,Female,41,6,101179.23,2,1,1,35230.61,0,0.12788544630923
15661830,750,Spain,Female,36,6,0,2,1,1,59816.41,0,0.0676548570499255
15665879,768,France,Female,40,8,0,2,0,1,69080.46,0,0.0860812258243937
15673820,568,France,Male,33,7,0,2,1,0,143450.61,0,0.100946838795109
15747772,706,Germany,Male,36,9,58571.18,2,1,0,40774.01,0,0.225649606732632
15666197,430,Germany,Female,38,8,153058.64,1,1,0,99377.27,0,0.510099314379119
15773639,745,Germany,Male,35,4,98270.34,1,1,0,133617.43,0,0.267426997323442
15581893,747,France,Male,43,1,130788.71,1,0,1,101495,1,0.112695297187605
15672447,657,Germany,Male,40,7,99165.84,1,0,1,119333.95,1,0.162272411218622
15777830,639,France,Female,42,4,0,2,0,0,167682.37,0,0.274281115547738
15713890,704,France,Male,44,3,0,2,0,1,152884.85,0,0.0794961369404828
15577598,651,Spain,Male,23,4,115636.05,2,1,0,70400.86,0,0.0696493403575343
15786042,706,Germany,Female,44,2,185932.18,2,1,0,65413.41,0,0.580827420904711
15753462,632,Germany,Male,30,2,72549,2,0,1,182728.8,0,0.0806379063154636
15759690,751,France,Male,42,4,0,2,1,1,81442.6,0,0.0609771001462001
15801414,767,France,Female,35,2,0,2,0,0,144251.38,0,0.174671472001103
15656141,741,France,Male,39,5,0,1,0,1,40207.06,0,0.0569078978665754
15608701,651,Germany,Male,29,3,121890.06,1,1,0,54530.51,1,0.21444969154091
15582892,601,France,Male,46,2,99786.07,1,1,1,32683.88,1,0.127311968646981
15632967,520,France,Male,34,3,0,2,1,1,104703.96,0,0.0430408288832201
15587573,626,Germany,Male,27,4,115084.53,2,0,1,26907.43,0,0.0691356775564159
15654891,811,France,Male,30,6,0,2,1,1,180591.32,0,0.0265100960830368
15611365,730,France,Female,32,9,127661.69,1,0,0,60905.51,0,0.195930638734461
15749103,604,Germany,Female,47,4,118907.6,1,0,1,47777.15,1,0.372028416320134
15810203,499,Germany,Female,44,6,77627.33,2,1,0,108222.68,0,0.532343945219203
15813660,754,Spain,Male,40,2,160625.17,1,0,1,3554.63,0,0.0913580191104965
15605673,716,Spain,Female,29,8,0,2,0,0,78616.92,0,0.119558479349109
15669282,636,France,Female,20,10,124266.86,1,0,0,100566.81,0,0.0959657650216887
15792726,470,France,Female,25,8,127974.06,2,1,1,183259.35,0,0.0501307148716942
15593241,444,France,Male,43,3,0,2,1,1,159131.21,0,0.0863029619841002
15683053,809,Spain,Female,48,2,0,1,1,0,160976.85,1,0.376242492750427
15632736,850,Germany,Female,30,3,104911.35,2,1,1,42933.26,0,0.112725996683213
15731865,637,France,Male,27,1,0,2,1,0,91291.2,0,0.0682736727464656
15760450,512,France,Male,43,1,0,2,1,1,52471.36,0,0.0780892046501236
15787204,774,Spain,Female,43,1,110646.54,1,0,0,108804.28,0,0.366844588296306
15650454,641,France,Male,57,5,0,2,1,1,122449.18,0,0.1768776348242
15573730,586,Germany,Male,42,6,126704.49,2,1,0,41682.3,0,0.390949213708407
15705050,611,France,Male,30,9,0,2,1,1,148887.69,0,0.0280116882376069
15791342,660,Spain,Male,31,1,84560.04,1,1,1,137784.25,0,0.0453141647766883
15684316,532,France,Male,43,9,0,2,0,0,190573.91,1,0.197528348664244
15700540,557,Germany,Female,38,2,129893.56,1,0,0,102076.03,0,0.507222504941025
15770631,730,Spain,Male,25,5,167385.81,1,1,1,56307.51,0,0.0319529226157667
15790594,535,France,Female,27,6,0,2,0,1,49775.58,0,0.0405937559058755
15604020,773,Germany,Female,36,4,105858.71,1,0,1,4395.45,0,0.189492549341944
15637599,510,Germany,Female,44,4,123070.89,1,1,0,28461.29,1,0.594287656747174
15736578,539,France,Male,39,1,0,1,1,1,28184.7,0,0.0640612391010082
15666332,690,Spain,Female,48,2,0,2,1,1,3149.1,0,0.157723334980152
15727291,821,France,Female,40,1,0,2,1,0,194273.12,0,0.229499789864626
15785920,687,Germany,Male,35,1,125141.24,2,1,1,148537.07,0,0.116791923044386
15658987,557,France,Female,46,4,96173.17,2,1,1,116378.31,0,0.184011902161179
15687719,532,Spain,Female,37,5,0,2,0,1,6761.84,0,0.0850062023108517
15799641,540,Spain,Male,39,2,0,2,1,0,81995.92,0,0.157168729902442
15758702,705,France,Female,55,8,0,2,1,1,14392.68,0,0.20978284046634
15689526,542,Germany,Female,35,9,127543.11,2,1,0,468.94,1,0.379679404688453
15586848,706,France,Male,38,1,0,2,1,0,122379.54,0,0.141078613511291
15707637,765,France,Female,56,1,0,1,1,0,13228.93,1,0.502077200537486
15719426,529,France,Male,67,8,103101.56,2,1,1,154002.02,1,0.373912274270355
15639265,714,France,Male,54,7,126113.28,1,1,0,112777.38,0,0.41832202162765
15576124,582,France,Male,41,1,40488.76,1,1,0,128528.83,0,0.21551393759832
15757829,609,Germany,Female,40,10,137389.77,2,1,0,170122.22,0,0.475598753607032
15633227,518,France,Female,28,9,85146.36,1,0,0,2803.89,0,0.153509502377579
15753092,791,Germany,Male,35,5,129828.58,1,1,1,181918.26,1,0.117316234598783
15782939,747,France,Male,42,4,80214.36,1,1,0,115241.96,1,0.208572333826673
15746338,565,France,Female,40,2,0,2,1,1,129956.13,0,0.102627251146056
15590676,735,France,Male,34,1,141796.43,1,1,0,45858.49,0,0.157036636941339
15599329,697,France,Female,49,7,195238.29,4,0,1,131083.56,1,0.216521977228112
15783097,813,Germany,Male,27,6,111348.15,1,1,0,46422.46,0,0.157464095646678
15597885,772,France,Male,43,6,0,2,1,1,57675.88,0,0.0643647439785894
15597467,606,France,Female,71,8,0,2,1,1,169741.96,0,0.505252933182617
15724764,667,Germany,Female,42,10,64404.26,2,0,0,26022.37,0,0.450552176080109
15778418,637,Germany,Male,40,9,154309.67,1,1,1,125334.16,1,0.16999526892301
15684769,542,France,Male,67,10,129431.36,1,0,1,21343.74,0,0.40245768896236
15756167,762,Spain,Female,43,5,134204.67,1,1,1,139971.01,0,0.162762187402223
15632439,698,France,Female,39,4,0,2,0,1,47455.82,0,0.0889779876398302
15755138,850,France,Female,32,8,0,2,1,1,55593.8,0,0.044171043561442
15659092,621,France,Female,50,5,0,2,1,0,191756.54,1,0.401784157978066
15742116,671,Germany,Female,48,9,116711.06,2,0,0,76373.38,0,0.600776508851168
15801994,775,France,Male,31,9,0,2,1,0,169278.51,0,0.0742420569181993
15647572,504,Spain,Male,34,0,54980.81,1,1,1,136909.88,0,0.0600809020977933
15644551,751,Spain,Female,37,3,99773.85,2,1,0,54865.92,0,0.238116421532703
15709135,691,Germany,Male,30,7,101231.77,2,0,0,156529.44,0,0.197316056086577
15684469,841,Germany,Male,32,2,117070.21,1,1,0,113482.2,0,0.232419736611979
15627637,709,Germany,Male,23,8,73314.04,2,1,0,63446.47,0,0.110754446468956
15667093,673,France,Male,37,2,0,1,1,1,13624.02,0,0.051112830932312
15690589,541,France,Male,37,9,212314.03,1,0,1,148814.54,0,0.0926363164963983
15595350,661,France,Female,31,3,136067.82,2,1,0,65567.91,0,0.18832524478443
15777586,784,Spain,Female,42,2,109052.04,2,1,0,6409.55,0,0.301648895550525
15804064,742,France,Female,35,2,79126.17,1,1,1,126997.53,0,0.086503387193441
15717770,850,Spain,Female,55,7,0,1,0,0,171762.87,1,0.484479315394782
15754443,443,France,Female,35,9,108308,1,1,0,129031.19,1,0.249056462647751
15776939,778,Germany,Female,48,3,102290.56,2,1,0,182691.31,0,0.596849638787887
15713517,529,France,Male,39,6,102025.08,2,1,0,12351.01,0,0.180333171513535
15683522,678,Germany,Female,37,2,113383.07,1,1,1,135123.96,0,0.219499299991672
15673995,516,Spain,Female,65,9,102541.1,1,1,0,181490.42,0,0.749491256485512
15771054,469,Spain,Male,35,5,0,2,1,0,186490.37,0,0.128659578782585
15578788,786,Spain,Male,40,6,0,2,0,0,41248.8,0,0.147950189530623
15737408,703,France,Female,41,6,109941.51,1,1,0,116267.28,0,0.312186040453717
15750837,579,Germany,Male,41,0,141749.68,1,0,1,9201.53,0,0.203163334245147
15576022,565,France,Male,38,5,0,2,0,1,80630.32,0,0.0560515807444267
15635502,443,France,Male,44,2,0,1,1,0,159165.7,0,0.248900538631507
15627298,589,France,Male,37,7,85146.48,2,1,0,86490.09,1,0.154296126722217
15811415,691,France,Female,44,6,134066.1,2,1,1,197572.41,0,0.160147561692944
15645059,711,France,Female,28,8,0,2,0,0,105159.89,0,0.109233444606065
15689671,775,Spain,Male,27,4,0,1,1,1,40807.26,0,0.023984178643103
15718667,621,France,Male,35,7,87619.29,1,1,0,143.34,0,0.138693295252971
15803202,350,France,Male,51,10,0,1,1,1,125823.79,1,0.142167711729766
15593683,668,Spain,Female,30,8,0,2,1,0,138465.7,0,0.129500406488389
15703394,633,Spain,Male,27,3,0,2,1,0,44008.91,0,0.0676585438128186
15570289,697,Germany,Male,43,8,103409.16,1,1,0,66893.28,1,0.395690530047597
15567437,734,Germany,Female,30,7,123040.38,1,1,1,76503.06,0,0.133823678672051
15711687,434,France,Male,41,4,108128.52,1,0,1,56784.11,0,0.103043161131267
15656592,646,Germany,Male,48,8,169023.33,2,1,1,175657.55,0,0.268939387323791
15634373,764,France,Male,30,5,0,2,0,1,105155.66,0,0.0281518349671037
15769125,727,Spain,Female,41,10,0,2,0,1,47468.56,0,0.0913765796345211
15711386,724,France,Female,29,6,0,2,0,1,64729.51,0,0.0424882711571863
15714241,749,Spain,Male,42,9,222267.63,1,0,0,101108.85,1,0.279018534719716
15642530,706,Germany,Female,47,10,144090.42,1,1,0,140938.95,1,0.618167190189278
15713599,728,France,Male,30,10,114835.43,1,0,1,37662.49,0,0.0374021753058239
15744770,636,France,Male,44,2,0,2,0,0,86414.41,0,0.205429734705426
15780498,634,France,Male,34,3,145030.92,1,1,1,41820.65,0,0.0592967316397324
15624397,627,France,Male,43,8,71240.3,1,0,1,127734.16,0,0.0952860784946597
15615219,518,France,Male,59,5,138772.15,1,0,1,123872,0,0.312523896247556
15570908,687,Spain,Female,29,7,93617.07,1,0,1,113050.92,0,0.0651634118737829
15762855,622,Spain,Female,23,8,0,2,1,1,131389.39,0,0.0291071445044153
15661827,693,Spain,Female,45,4,0,2,1,1,26589.56,0,0.128430965542112
15746035,450,Spain,Male,25,9,74237.2,2,0,1,195463.35,0,0.0288832831504848
15691906,664,Germany,Female,49,5,127421.78,2,1,0,108876.75,1,0.636829735521524
15793424,663,Spain,Female,28,8,61274.7,2,1,0,136054.45,0,0.125651255645564
15577905,660,France,Male,34,8,106486.66,2,0,1,182262.66,0,0.052297036545175
15667216,579,France,Female,29,10,73194.52,2,1,1,129209.09,0,0.052510723981916
15673971,655,Germany,Female,44,6,146498.76,1,1,0,64853.51,1,0.580008532722662
15701238,683,France,Male,47,1,0,2,1,0,148989.15,0,0.239816287597252
15644849,655,France,Female,32,2,0,1,1,1,71047.51,0,0.0623421822102938
15635531,575,Spain,Female,30,8,0,2,1,0,185341.63,0,0.138039106872657
15632263,574,Spain,Male,30,5,120355,1,1,0,137793.35,0,0.128338569476815
15720110,795,France,Male,32,2,117265.21,1,1,1,198317.23,0,0.0482456826732873
15619045,776,France,Female,43,4,0,2,0,1,162137.5,0,0.116284638535514
15697510,707,Spain,Female,52,7,0,1,1,0,109688.82,1,0.436483239581079
15784923,705,Germany,Female,37,3,109974.22,1,1,1,36320.87,1,0.200024342795639
15567383,678,Germany,Female,44,2,98009.13,2,0,1,31384.86,0,0.294129489198829
15732621,663,France,Male,34,10,0,1,1,1,114083.73,0,0.038075864932128
15757981,748,France,Male,66,8,0,1,1,1,163331.65,0,0.287075336257198
15727819,677,Spain,Female,34,10,171671.9,1,1,1,50777.77,0,0.0950880411176361
15738088,634,Spain,Male,63,10,0,2,1,0,30772.86,1,0.466658934901383
15765173,350,France,Female,60,3,0,1,0,0,113796.15,1,0.65089894984846
15665159,727,France,Male,61,0,128213.96,2,1,1,188729.08,1,0.29766851213834
15618203,773,Germany,Male,51,8,116197.65,2,1,1,86701.4,0,0.261441538350371
15791452,675,France,Male,39,1,0,2,1,0,153129.22,0,0.147817166775091
15638159,649,Spain,Female,36,6,86607.39,1,0,0,19825.09,0,0.246220622853035
15585466,552,France,Male,29,10,0,2,1,0,12186.83,0,0.0720580014263634
15677310,761,Germany,Male,62,5,98854.34,1,0,0,86920.97,1,0.72689724492264
15646262,622,France,Male,31,7,0,1,1,0,35408.77,0,0.0901275464300012
15656901,615,France,Male,59,8,0,2,1,1,165576.55,0,0.197230279416327
15621093,681,Germany,Male,31,4,97338.19,2,0,0,48226.76,0,0.211587635477281
15592123,768,France,Male,30,6,0,2,1,1,199454.37,0,0.0279478835094588
15589200,617,Spain,Male,34,9,0,2,1,0,118749.58,0,0.10589851358554
15602934,452,France,Female,33,6,131698.57,2,1,0,151623.91,0,0.232184514109017
15812720,807,Germany,Male,37,10,130110.45,2,0,1,172097.95,0,0.115199569146733
15695383,567,Spain,Male,44,9,0,2,1,0,87677.15,0,0.195322964048957
15723064,603,Spain,Male,24,1,165149.13,2,1,0,21858.28,0,0.0854207911988419
15761606,617,Spain,Female,37,9,101707.8,1,1,0,123866.28,0,0.257162874916286
15650322,701,France,Female,34,3,105588.66,1,0,1,74694.41,0,0.0921020583508232
15669782,820,Germany,Male,39,9,111336.89,1,1,0,16770.31,1,0.301131839115514
15751628,438,France,Male,60,7,78391.17,1,0,1,49424.6,0,0.283909880204665
15809057,600,Spain,Female,27,6,0,2,1,1,172031.22,0,0.0406180458122498
15617052,782,France,Male,34,9,0,1,1,0,183021.06,1,0.104028319486363
15590810,638,Germany,Female,41,9,144326.09,1,1,0,73979.85,1,0.522107286663381
15801293,850,Germany,Male,27,1,101278.25,2,1,1,26265.18,0,0.0552174468891255
15770968,741,Germany,Female,19,8,108711.57,2,1,0,24857.25,0,0.138223630366795
15572356,689,Spain,Male,73,1,108555.07,1,0,1,167969.15,0,0.541946914885811
15603247,743,Germany,Female,35,1,146781.24,1,1,0,189307.7,0,0.442622899976118
15619116,493,France,Female,36,2,0,2,0,1,99770.3,0,0.0873167921172124
15691792,416,Spain,Male,35,8,0,1,0,0,119712.78,0,0.143042814673836
15783276,725,France,Female,25,9,0,2,1,1,168607.74,0,0.0302115885357276
15766137,497,France,Male,34,2,0,2,1,1,83087.13,0,0.0424621597839461
15574554,537,Germany,Male,66,8,103291.25,2,1,1,130664.79,0,0.551917259741194
15578671,706,Spain,Female,29,1,209490.21,1,1,1,133267.69,1,0.0900414219258374
15716608,651,Spain,Male,38,2,0,3,1,0,67029.82,1,0.128662173521563
15690670,720,France,Male,33,2,0,2,0,1,141031.08,0,0.0375631433751691
15630466,797,France,Male,45,8,0,1,0,0,125110.02,0,0.208621758618588
15630349,543,Spain,Male,23,5,0,2,1,0,117832.39,0,0.0556629914764247
15803801,454,France,Male,34,4,0,2,1,0,198817.72,0,0.119485112653548
15647890,691,France,Male,37,9,149405.18,1,1,1,146411.6,0,0.0702483809511697
15606115,510,France,Female,52,6,191665.21,1,1,1,131312.56,1,0.336218742067995
15714642,792,Spain,Female,40,7,0,1,1,0,141652.2,0,0.236181505630364
15741181,721,France,Male,41,6,135071.12,1,1,1,64477.25,0,0.0858096367023254
15773973,765,France,Male,41,2,0,2,0,1,191215.61,0,0.0636141781287895
15758546,850,Spain,Male,39,8,0,2,1,1,37090.44,0,0.0444199327030198
15598940,681,Germany,Male,38,6,181804.34,2,1,1,57517.71,0,0.150962821975177
15669783,586,France,Female,60,3,47020.65,2,0,1,63241.21,1,0.357356211529666
15624993,753,France,Female,36,7,128518.98,1,1,1,44567.83,1,0.096668480414654
15760568,593,Germany,Female,38,5,142658.04,2,0,1,135337.11,0,0.233969368803472
15699047,674,France,Female,21,9,120150.39,2,1,1,33964.03,0,0.0306821045518856
15616168,610,France,Female,35,7,81905.95,1,1,1,61623.19,0,0.0891329161861982
15773146,652,France,Male,26,3,137998.2,2,0,1,168989.77,0,0.0333004329041117
15770375,850,Germany,Female,26,8,123126.29,1,1,0,74425.41,0,0.226129683320207
15589725,740,France,Female,51,4,0,2,1,1,178929.84,0,0.189672206468156
15710034,637,Germany,Male,43,1,135645.29,2,0,1,101382.86,1,0.207882724867425
15800806,685,Spain,Male,31,7,122449.31,2,1,1,180769.55,0,0.0413382375377523
15570485,558,Spain,Male,40,4,161766.87,1,0,0,92378.54,0,0.26638273362374
15575391,677,France,Female,37,3,0,2,1,1,38252.25,0,0.0775044262528995
15790750,592,Germany,Male,36,10,123187.51,1,0,1,146111.35,0,0.131022501196533
15714832,652,Germany,Male,36,9,150956.71,1,0,0,72350.17,0,0.31364275936986
15619953,662,Spain,Female,42,6,105021.28,1,1,0,48242.38,0,0.338530050978719
15673929,543,France,Male,64,4,0,2,1,1,148305.82,0,0.280716646205348
15578835,675,Spain,Female,50,1,133204.91,1,0,1,8270.06,0,0.272688962462244
15752388,643,Spain,Female,35,6,0,2,1,1,41549.64,0,0.0655359206771942
15797081,611,Germany,Female,49,9,115488.52,2,1,1,138656.81,1,0.357264411955462
15570194,412,France,Male,29,5,0,2,0,0,12510.53,0,0.0884815415164449
15580149,638,Spain,Male,41,7,0,2,1,0,43889.41,0,0.16243892916631
15777708,824,Spain,Female,38,3,0,2,1,0,192800.25,0,0.20270777749172
15769955,683,France,Female,40,1,0,2,0,0,75762,0,0.241907046321317
15810444,562,Germany,Female,39,6,130565.02,1,1,0,9854.72,1,0.479187971383455
15645593,599,France,Female,41,2,91328.71,1,1,0,115724.78,0,0.335889847740566
15765345,753,France,Male,35,4,0,2,1,1,106303.4,0,0.037900699526674
15760873,594,France,Male,50,7,81310.34,1,1,1,183868.01,0,0.150399278816929
15794178,657,France,Male,34,3,107136.6,1,1,0,153895.46,0,0.14770344838703
15589361,716,Spain,Male,34,9,0,1,1,1,66695.71,0,0.0392077147483428
15662483,850,France,Male,43,7,0,2,1,1,173851.11,0,0.0626645264049419
15809736,664,France,Male,46,2,0,1,1,1,177423.02,1,0.098077957100894
15731148,558,France,Male,33,0,108477.49,1,1,1,109096.71,1,0.057940378793321
15774328,606,Germany,Male,40,1,144757.97,2,1,1,166656.18,0,0.176222238733954
15646969,776,Spain,Male,33,2,0,2,1,1,176921,0,0.0368839366030116
15718769,557,Spain,Male,36,1,113110.26,1,1,0,98413.1,0,0.187718227212834
15610226,614,France,Female,27,9,106414.57,2,0,0,77500.81,0,0.136218631501529
15616270,620,Spain,Male,42,4,106920.91,1,0,1,119747.08,0,0.10645277327148
15790717,695,Spain,Male,35,7,0,2,1,0,160387.98,0,0.107811027206026
15635703,729,Germany,Female,39,1,131513.26,1,1,1,193715,0,0.2587602567124
15616365,571,France,Female,53,2,0,2,1,0,28045.77,0,0.4584159940435
15630244,457,France,Male,40,10,134320.23,2,1,0,150757.35,0,0.216959195109211
15734714,559,France,Female,29,3,79715.36,1,1,0,82252.28,0,0.166048396957804
15721433,664,France,Female,38,4,74306.19,2,1,0,154395.56,0,0.24557007454832
15590201,500,Spain,Female,50,5,0,4,1,1,83866.35,1,0.168729309305631
15590828,782,Germany,Male,42,7,126428.38,1,1,0,39830.1,0,0.378770805687598
15752097,708,Spain,Male,38,8,99640.89,1,1,0,12429.22,0,0.16546934791519
15800031,681,France,Male,43,3,66338.68,1,1,1,18772.5,1,0.085943443880524
15630857,674,Spain,Female,39,6,0,2,1,1,9574.83,0,0.0854325408654839
15689953,697,Spain,Male,43,10,128226.37,1,0,0,188486.94,0,0.257964685701531
15759733,774,France,Female,26,5,0,2,1,1,64716.08,0,0.0320172869154314
15810826,624,France,Male,36,6,0,2,0,0,84749.96,0,0.118292294957404
15668009,747,Spain,Male,37,1,0,2,0,1,180551.76,0,0.0524368418604351
15743456,715,France,Female,32,10,0,2,1,0,60907.49,0,0.126155374307826
15725762,808,France,Male,24,4,122168.65,1,1,0,174107.04,0,0.0738336859168887
15761713,678,France,Female,43,7,178074.33,1,0,0,110405.9,0,0.394558604607339
15769246,813,Germany,Male,59,2,135078.41,1,1,0,187636.06,1,0.700255441641885
15781129,687,Spain,Male,38,8,69434.4,2,1,1,66580.13,1,0.0551100705469868
15599124,832,France,Female,29,5,0,2,1,0,178779.52,0,0.11341651435972
15639004,668,France,Male,72,2,0,2,1,1,70783.61,0,0.392020992925377
15810995,526,Germany,Male,34,3,122726.56,1,1,1,46772.36,0,0.121137818562353
15653773,457,France,Female,38,7,164496.99,1,1,1,163327.27,0,0.148369135496093
15708357,649,Spain,Female,38,8,0,1,1,0,103760.53,0,0.221551229510648
15733597,669,France,Female,41,0,150219.41,2,0,0,107839.03,0,0.348888482476155
15789560,668,France,Male,42,8,187534.79,1,1,1,32900.41,1,0.101566624782641
15699524,466,France,Female,30,3,0,1,1,0,193984.6,0,0.164456237524084
15626475,685,France,Male,30,2,0,2,1,1,140889.32,0,0.0302615179708704
15810839,610,France,Male,34,0,103108.17,1,0,0,125646.82,0,0.16024702080112
15684318,582,Germany,Female,50,6,96486.57,2,1,1,20344.02,0,0.371700309262701
15768120,702,Germany,Male,36,9,90560.48,2,1,0,174268.87,0,0.252220794621553
15712807,556,Spain,Male,46,3,131764.96,1,1,1,108500.66,1,0.1431849797977
15696371,812,Spain,Female,24,1,92476.88,1,0,0,83247.14,0,0.120348569409736
15675794,645,Germany,Male,47,9,152076.93,1,1,0,121840.2,1,0.503254489863668
15774277,809,France,Male,43,2,0,2,1,1,132908.07,0,0.0661684877817487
15603764,560,France,Male,49,4,0,1,1,1,100075.1,1,0.124907840403677
15618647,744,France,Male,29,1,43504.42,1,1,1,119327.75,0,0.0337037623754319
15614643,731,Spain,Female,39,2,0,2,1,0,136737.13,0,0.230921634700089
15707696,471,Spain,Female,28,5,0,2,1,1,22356.97,0,0.0459402227055768
15749583,686,Germany,Female,38,2,93569.86,3,0,0,10137.34,1,0.398278432905947
15815125,668,Spain,Male,45,4,102486.21,2,1,1,158379.25,0,0.105891431899109
15779620,575,France,Male,36,1,0,1,0,1,94570.56,0,0.0543051399468214
15768233,435,Germany,Male,37,8,114346.3,1,0,1,980.93,1,0.145498317930483
15637788,743,France,Male,23,3,110203.77,1,1,0,95583.45,0,0.0698434292894106
15777046,580,France,Female,39,9,128362.59,1,1,0,86044.98,0,0.293574784146073
15788723,599,Germany,Female,49,10,143888.22,2,1,1,166236.38,1,0.376367224130377
15790489,534,Spain,Male,34,5,170600.78,1,0,1,5240.53,0,0.0690213312369638
15739476,680,France,Female,32,5,0,1,1,1,150684.23,0,0.0594308091119167
15612670,631,Spain,Female,46,10,0,2,1,1,129508.96,0,0.137748886915209
15631222,485,France,Female,39,2,75339.64,1,1,1,70665.16,0,0.131602577062763
15658972,699,France,Female,40,8,122038.34,1,1,0,102085.35,0,0.300176144255891
15724691,712,France,Male,34,1,0,2,1,1,195052.12,0,0.040011207650868
15740442,603,France,Male,51,8,186825.57,1,1,0,93739.71,1,0.409504274740667
15760427,850,France,Male,40,6,124788.18,1,1,0,65612.12,0,0.185341554490847
15677939,584,France,Female,41,3,0,2,1,1,160095.48,0,0.109903772229736
15611599,604,France,Female,71,2,0,2,1,1,49506.82,0,0.514092671437993
15633474,586,France,Male,51,2,138553.57,1,1,1,92406.22,0,0.192527036042764
15671973,467,Spain,Male,39,5,0,2,1,1,7415.96,0,0.059689080069981
15790019,520,France,Male,35,9,105387.89,1,1,1,25059.06,0,0.0559137749267149
15737735,683,Spain,Male,40,4,95053.1,1,1,1,116816.54,1,0.0812766490086797
15661745,557,France,Male,36,3,0,1,0,1,144078.02,0,0.0561285168815756
15797065,613,Spain,Female,32,0,0,2,0,1,126675.62,0,0.063910024044077
15710671,786,France,Male,34,3,137361.96,1,0,0,183682.09,0,0.157477665980353
15656522,593,Spain,Male,32,10,158537.42,1,1,0,166850.57,0,0.147434997768301
15705085,670,Spain,Female,29,9,0,2,1,0,27359.19,0,0.111190774559265
15744873,657,Germany,Female,48,5,143595.87,1,0,0,101314.65,1,0.660486058655387
15781914,718,Germany,Male,32,9,169947.41,2,1,1,27979.16,0,0.0886932566321366
15637354,623,France,Female,24,7,148167.83,2,1,1,109470.34,0,0.0455557113482313
15717307,496,France,Male,31,5,0,2,1,0,93713.13,0,0.0921425957503053
15746695,429,France,Female,39,6,48023.83,1,1,0,74870.99,0,0.281262685595482
15804962,606,France,Male,36,1,155655.46,1,1,1,192387.51,1,0.0777464578019582
15665378,499,France,Female,46,6,0,2,1,0,73457.55,0,0.335656969773795
15757865,642,France,Male,62,7,0,2,1,1,61120.75,0,0.220163019204646
15578787,641,France,Female,52,4,0,1,1,0,90964.54,1,0.456005232623353
15794323,673,France,Male,32,8,121240.76,1,1,0,116969.73,0,0.122414160577126
15697546,570,France,Female,36,3,0,2,1,0,92118.75,0,0.196458297906003
15629519,472,France,Female,37,1,0,2,1,1,48357.9,0,0.0896876899585605
15624703,550,Germany,Male,35,9,129847.75,2,1,0,197325.4,0,0.28781052127421
15570002,625,Germany,Female,55,8,118772.71,4,0,0,135853.62,1,0.69875520343075
15808566,516,France,Male,46,2,0,2,1,1,169122.54,0,0.097514290835642
15805463,682,Germany,Male,32,2,105163.88,2,1,1,164170.46,0,0.0907827677351798
15709136,620,France,Male,28,8,0,2,1,1,199909.32,0,0.0251245896801105
15801605,626,France,Female,39,0,0,2,1,1,83295.09,0,0.0922169435312399
15567855,623,France,Female,29,1,0,2,0,0,39382.06,0,0.133916498234905
15675141,569,France,Female,35,4,93934.63,1,1,0,184748.23,0,0.25021687025788
15665759,724,France,Female,69,5,117866.92,1,1,1,62280.91,0,0.546422609038561
15761487,678,France,Female,55,5,0,1,0,1,196794.11,1,0.263958154269745
15700394,713,Spain,Female,26,4,122857.46,2,1,0,144682.17,1,0.134232560214557
15631162,631,France,Male,32,10,0,2,0,1,196342.66,0,0.0341408950894048
15630641,846,France,Female,37,6,127103.97,1,1,1,41516.44,0,0.0984370423398449
15585066,660,France,Female,43,1,0,1,0,1,112026.1,1,0.139809142391649
15722991,567,France,Male,54,9,96402.96,1,0,0,52035.29,1,0.413934268173926
15737404,731,France,Male,31,1,132512.26,1,1,1,185466.85,0,0.048951286480762
15722409,693,Spain,Male,47,8,107604.66,1,1,1,80149.27,0,0.122652389672979
15806420,772,France,Male,34,9,0,2,1,0,170980.86,0,0.0908371892336727
15658148,657,France,Male,38,7,0,2,1,0,185827.74,0,0.134964799515165
15810660,774,Germany,Male,34,4,120875.23,2,0,1,113407.26,0,0.100560730776965
15709780,667,France,Female,37,9,71786.9,2,1,1,67734.79,0,0.0832982601899813
15727350,516,France,Female,37,8,113143.12,1,0,0,3363.36,0,0.271641509146268
15752312,551,Spain,Male,49,1,150777.72,2,1,1,135757.27,0,0.170233505279755
15616745,542,Spain,Male,35,2,174894.53,1,1,1,22314.55,0,0.0782180525478315
15572294,623,France,Male,28,7,0,1,0,0,129526.57,0,0.0816490373925128
15674110,701,France,Female,43,2,160416.56,1,0,1,37266.43,0,0.182736725801394
15662501,583,France,Male,48,3,91246.53,1,1,0,60017.46,1,0.323425503580277
15649239,731,Spain,Male,46,10,0,2,1,0,153015.42,0,0.20557691493184
15700424,461,France,Female,35,5,0,1,1,1,54209.02,0,0.0806053934074809
15636388,702,Germany,Female,23,7,98775.23,1,1,0,114603.96,0,0.206985476500792
15713975,565,Germany,Female,47,10,139756.12,1,1,0,165849.49,1,0.635904134362304
15592925,711,Spain,Male,42,3,177626.77,3,0,1,16392.72,1,0.0968534927417474
15581626,664,France,Male,54,8,0,1,1,1,162719.69,1,0.157057807573418
15641319,518,Spain,Male,50,4,0,1,0,0,107112.25,1,0.332662681287227
15723481,728,Spain,Male,42,8,0,2,0,1,41823.22,0,0.0622680115815953
15787825,585,Germany,Male,37,6,152496.82,1,1,1,99907.29,0,0.149222583031492
15710726,573,France,Male,52,8,0,2,0,1,178229.04,0,0.136212436920125
15627195,568,Germany,Male,26,1,112930.28,2,1,0,22095.73,0,0.171564090353807
15657957,602,Germany,Female,26,8,113674.2,1,1,0,197861.16,1,0.268843567781366
15676117,603,France,Male,44,9,0,1,1,0,138328.24,0,0.206856865271315
15607874,687,France,Male,38,0,144450.58,1,0,1,137276.83,0,0.0891022402711974
15796993,741,France,Male,52,1,171236.3,2,0,0,21834.4,1,0.396637096368956
15649858,469,Spain,Male,37,9,96776.49,1,1,1,119890.86,0,0.0723138698947538
15811032,477,Germany,Female,58,8,145984.92,1,1,1,24564.7,0,0.573218896935538
15679963,737,Germany,Male,43,8,96353.8,1,0,0,10209.8,0,0.382411143711945
15579131,835,France,Male,25,7,0,2,1,1,83449.65,0,0.0175291731851847
15572428,717,Germany,Female,33,0,115777.23,1,1,1,81508.1,0,0.175961409653789
15622461,562,France,Female,51,7,122822,2,0,0,32626.21,0,0.495776564756017
15636105,758,Spain,Male,61,2,0,2,1,1,43982.41,0,0.218257415621176
15583849,408,France,Male,40,3,0,2,0,0,124874.23,0,0.190502098573005
15718780,650,Spain,Female,32,4,79450.09,1,1,1,118324.75,0,0.0764330749878404
15739271,582,Germany,Male,33,2,122394,1,1,1,22113.93,0,0.11207601842323
15697129,706,Spain,Female,43,1,0,2,1,0,31962.77,0,0.27846910109989
15763415,567,Germany,Male,41,0,134378.89,1,1,1,105746.94,0,0.200985044552207
15796617,720,France,Male,29,2,0,2,1,0,39925.52,0,0.0703501335512542
15626628,631,Spain,Female,31,2,88161.85,2,1,0,127630.88,0,0.183333110239418
15765857,623,Spain,Male,41,2,142412.13,1,1,0,28778.98,0,0.24409299406783
15742511,514,France,Male,35,3,121030.9,1,1,0,10008.68,0,0.167363961166702
15786433,650,Germany,Female,35,3,165982.43,2,1,1,24482.16,0,0.189228607893211
15685805,673,Spain,Female,35,6,0,2,1,0,98618.79,0,0.174132912064948
15627971,504,France,Female,32,8,206663.75,1,0,0,16281.94,0,0.256632924511856
15783025,723,Germany,Male,37,3,94661.53,2,1,0,121239.65,0,0.278716339156291
15726289,645,France,Male,25,0,174400.36,1,1,0,42669.37,0,0.0988223529741404
15802118,664,Spain,Male,41,7,123428.69,1,1,1,164924.11,0,0.0905673439110562
15607990,760,Spain,Male,43,6,175735.5,1,1,1,157337.29,0,0.116673830702922
15695932,766,Spain,Male,36,5,78381.13,1,0,1,153831.6,0,0.0597161042573467
15812279,634,France,Male,37,5,115345.86,2,0,0,168781.8,0,0.170395621926267
15687558,640,Germany,Female,31,10,118613.34,1,1,0,168469.65,0,0.331084176734419
15729065,784,Germany,Male,28,2,109960.06,2,1,1,170829.87,0,0.0674184987700385
15698902,547,Germany,Female,42,1,142703.4,1,1,0,86207.49,1,0.580110163742964
15570192,608,Germany,Female,40,8,121729.42,1,0,0,61164.45,0,0.509295330552985
15809265,547,France,Female,35,4,0,1,1,1,133287.73,0,0.0783009223082866
15745201,612,France,Female,43,4,139496.35,2,1,1,77128.23,0,0.158164759184142
15580623,573,Spain,Male,28,8,0,2,0,0,77660.03,0,0.0761134843363483
15578156,615,Spain,Male,32,5,138521.83,1,1,1,56897.1,0,0.0546599976999517
15631063,710,France,Female,33,2,0,2,1,0,72945.32,0,0.155009712112676
15692577,674,Germany,Female,38,10,83727.68,1,1,0,45418.12,0,0.408619144072956
15810910,702,Spain,Female,38,9,0,2,1,1,158527.45,0,0.0769034715479072
15723217,616,France,Male,37,9,0,1,1,0,111312.96,0,0.131567138538148
15733111,688,Spain,Male,32,6,124179.3,1,1,1,138759.15,0,0.0495579113936208
15610727,605,France,Male,36,7,128829.25,1,1,0,190588.59,0,0.180400692976094
15792720,676,France,Male,33,6,171490.78,1,0,0,79099.64,0,0.153536544307121
15723153,708,Spain,Male,33,3,0,2,1,0,138613.21,0,0.10009652642247
15802823,745,Spain,Female,38,7,0,2,1,1,194230.82,0,0.0785400038228456
15756118,661,Spain,Male,20,8,0,1,1,0,110252.53,0,0.0426375070540982
15684934,726,France,Male,31,9,0,2,1,1,106117.3,0,0.0274892462223849
15776936,475,France,Male,40,7,160818.08,1,0,1,169642.13,1,0.105672052235662
15729087,751,Germany,Male,54,9,156367.6,2,0,1,116179.92,0,0.335103170070699
15786463,645,Germany,Female,59,8,121669.93,2,0,0,91.75,1,0.769653494754691
15717498,775,France,Male,42,6,133970.22,2,0,1,187839.9,0,0.0893502279929468
15718406,540,France,Male,41,3,0,2,1,0,121098.65,0,0.175835913763594
15799468,591,France,Female,34,3,96127.27,1,0,0,30972.06,0,0.22711441708734
15626383,596,Spain,Male,60,7,121907.97,1,0,1,30314.04,0,0.297925618089496
15597385,573,Spain,Male,41,5,0,2,0,1,14479.29,0,0.0682709268387028
15570271,577,Spain,Male,31,6,0,1,1,1,196395.25,0,0.0388491397577358
15690330,830,Germany,Female,40,8,77701.64,1,0,1,19512.38,0,0.205238108242395
15680611,663,France,Male,67,9,0,3,1,1,72318.77,0,0.264507247894301
15810227,421,France,Male,34,2,0,2,1,1,96615.23,0,0.0443559861006891
15807194,718,Spain,Male,34,5,113922.44,2,1,0,30772.22,0,0.125992310593808
15712199,655,Germany,Female,61,2,183997.7,2,1,1,161217.18,0,0.641448151258927
15694995,712,France,Male,23,2,0,2,0,1,66795.78,0,0.0179423211974308
15723400,663,France,Male,28,4,0,2,1,1,123969.64,0,0.0249979980573255
15654772,640,France,Female,47,6,89799.46,2,0,1,13783.77,1,0.178904173970075
15574743,577,Spain,Male,29,2,0,1,1,1,168924.41,0,0.0354229339056288
15807593,546,Spain,Female,36,7,85660.96,1,0,0,134778.01,0,0.257788350214875
15686718,802,Germany,Male,37,9,115569.21,1,0,1,119782.89,0,0.124705808926276
15695299,590,France,Female,45,2,81828.22,1,1,0,52167.97,0,0.388488105298311
15722701,594,Germany,Male,18,1,132694.73,1,1,0,167689.56,0,0.121867241971146
15799635,577,Spain,Male,51,2,108867,1,0,0,140800.66,1,0.408635947055904
15742323,541,France,Male,39,7,0,2,1,0,19823.02,0,0.140587901447207
15658435,781,France,Female,27,5,0,2,0,0,72969.9,0,0.100738959553127
15586029,806,Germany,Male,34,2,96152.68,2,1,0,143711.02,0,0.242008679963378
15772337,723,Germany,Female,49,0,153855.52,1,1,1,180862.26,1,0.428356267060147
15807555,535,France,Male,45,2,0,2,1,0,125658.28,0,0.221698284772887
15603378,768,France,Female,36,3,141334.95,1,0,1,125870.5,0,0.113423809409831
15792862,653,Germany,Male,41,1,104584.11,1,1,0,15126.32,1,0.375666720213334
15657349,803,Germany,Female,50,8,98173.02,1,0,0,22457.25,1,0.629678431463658
15777614,545,Spain,Female,44,1,0,2,1,1,82614.89,0,0.136553869794941
15653952,581,Germany,Female,38,3,135157.05,1,1,1,32919.42,0,0.243828775607948
15724336,513,Germany,Female,49,5,171601.27,1,1,0,126223.84,0,0.706742243300539
15689594,731,France,Male,29,5,179539.2,1,0,0,112010.02,0,0.124073666768609
15801920,727,Germany,Male,39,5,80615.46,2,0,0,180962.32,0,0.308451748446008
15653347,560,Spain,Male,47,1,0,1,0,0,128882.66,1,0.291757458641532
15749951,766,Germany,Male,27,5,126285.73,1,1,0,177614.17,1,0.179722102637213
15648178,630,Germany,Female,23,4,137964.51,1,0,1,174570.55,0,0.104518573271765
15738662,652,Germany,Male,41,9,159434.03,1,1,0,178373.93,0,0.401862560190778
15640855,729,Germany,Male,40,5,113574.61,2,1,0,103396.08,0,0.333976383624679
15584288,629,France,Female,33,6,0,2,1,1,59129.72,0,0.0586399955251674
15760988,667,Germany,Male,33,9,124573.33,2,0,0,683.37,0,0.226378132209112
15569624,671,Germany,Female,31,6,105864.6,2,1,0,145567.34,0,0.315439686403397
15597949,768,Germany,Female,47,5,104552.61,1,1,0,48137.08,1,0.594652003193276
15604551,732,France,Female,35,3,0,2,1,0,90876.95,0,0.172873084409789
15617476,546,France,Female,30,5,0,2,0,1,198543.09,0,0.0563498162764509
15645323,630,France,Male,55,2,0,1,1,1,106202.07,1,0.177558637749277
15793311,765,Germany,Female,46,8,119492.88,2,0,1,166896.01,1,0.305524779180196
15764153,704,France,Female,33,0,130499.09,2,1,1,74804.36,0,0.0811988229000876
15802560,470,Spain,Female,48,6,140576.11,1,1,1,116971.05,0,0.249314503577895
15728608,688,Germany,Female,34,9,91025.58,2,0,1,163783,0,0.152143129996928
15770474,685,France,Female,33,1,0,3,0,1,70221.13,1,0.0556037389256344
15724444,567,France,Female,38,1,125877.65,2,1,1,107841.77,0,0.122067761648104
15753110,720,Spain,Male,64,3,45752.78,2,1,0,79623.28,1,0.533469155708069
15711521,609,France,Male,39,3,121778.71,1,1,1,138399.67,0,0.0847115847765347
15632816,521,Germany,Female,49,2,127948.57,1,1,1,182765.14,0,0.446067271610533
15693637,556,France,Female,30,7,0,2,1,1,186648.19,0,0.0507716824911908
15725509,662,Germany,Male,30,5,115286.68,2,1,1,149587.92,0,0.0798990033077569
15684645,704,Germany,Male,41,9,62078.21,2,1,0,129050.67,0,0.310142035939207
15692235,750,France,Female,38,1,0,2,1,0,47764.99,0,0.202433347988692
15777459,619,Spain,Female,32,4,175406.13,2,1,1,172792.43,1,0.0903777827305656
15656937,468,Spain,Male,26,1,131643.25,1,1,0,64436.16,0,0.110630687162117
15610643,435,Germany,Male,44,3,151739.65,1,1,0,167461.5,0,0.517299910276402
15777315,529,France,Male,43,6,93616.35,2,0,0,98348.66,0,0.236006024088025
15611058,702,Germany,Female,60,5,138597.54,2,1,1,41536.59,1,0.569216400989935
15630413,608,France,Female,41,5,0,2,1,1,72462.25,0,0.102497331631429
15635942,576,France,Male,40,9,0,2,1,0,112465.19,1,0.151853074649108
15648858,666,France,Female,27,1,85225.21,1,0,1,64511.44,0,0.0573211116855172
15810732,730,France,Female,36,8,148749.29,2,1,0,91830.75,0,0.225506161028169
15705448,647,Germany,Male,52,7,130013.12,1,1,1,190806.36,1,0.331678835221444
15730488,516,Spain,Female,27,1,0,1,0,1,112311.15,0,0.0527781262193848
15620443,711,France,Female,81,6,0,2,1,1,72276.24,0,0.658580456604917
15741078,736,France,Male,54,7,111729.47,2,0,1,84920.49,0,0.174566307024928
15753161,768,France,Female,36,5,180169.44,2,1,0,17348.56,0,0.240580928983947
15711396,427,Spain,Male,40,8,0,2,1,1,82870.75,0,0.0641948950246239
15593499,686,Spain,Female,47,6,0,1,1,0,32080.69,1,0.354486512761358
15579189,690,France,Female,42,5,0,2,0,1,120512.08,0,0.112120771071436
15743545,647,Spain,Female,29,2,0,2,1,0,179032.68,0,0.13150551305944
15791316,714,France,Male,35,3,0,2,1,1,95623.28,0,0.0390096654927996
15608246,736,Germany,Female,36,8,103914.17,1,1,1,110035.88,1,0.183420023697628
15676526,608,France,Female,34,4,88772.87,1,1,1,168822.01,0,0.0916717267351689
15813911,809,France,Female,39,5,0,1,1,0,77705.75,0,0.211155489210629
15630195,745,France,Female,40,6,131184.67,1,1,1,49815.62,0,0.128489717466651
15736250,781,France,Male,38,2,117810.79,1,0,1,65632.33,1,0.0718993210156636
15671334,527,France,Male,31,4,0,1,1,0,169361.89,0,0.10505020517068
15574169,595,Germany,Female,32,0,92466.21,1,1,0,4721.3,0,0.363810242749237
15718839,850,Germany,Female,38,2,102741.15,2,0,1,23974.85,0,0.188883738469336
15762331,569,France,Male,37,9,178755.84,1,1,0,199929.17,0,0.205391136378286
15606901,728,France,Male,43,7,0,2,1,0,40023.7,0,0.168158733069125
15713559,473,Germany,Female,32,5,146602.25,2,1,1,72946.95,0,0.168595389632948
15768881,738,France,Male,29,2,0,2,1,1,170421.13,0,0.0266418040529448
15743075,659,France,Male,35,6,0,2,1,1,58879.11,0,0.0383936982782973
15660980,597,Spain,Male,38,6,115702.67,2,1,1,25059.05,0,0.0680767899005204
15810942,445,Germany,Female,61,2,137655.31,1,0,1,29909.84,0,0.658572445494619
15728362,671,France,Female,29,3,0,2,1,0,158043.11,0,0.123355576330123
15683339,656,Spain,Female,34,6,59877.33,1,1,0,14032.62,1,0.197874986277764
15685476,658,France,Male,31,5,100082.14,1,0,1,49809.88,0,0.0441928400390613
15663650,698,Germany,Male,52,10,107304.39,3,1,0,28806.32,1,0.490758894049764
15617434,655,Spain,Male,38,9,0,1,0,1,90490.33,0,0.0563841580023493
15622470,772,Spain,Male,41,10,96032.22,1,1,1,75825.57,0,0.0762219289695155
15703682,681,Spain,Male,33,10,0,1,0,0,158336.36,0,0.106342507258592
15727391,688,Germany,Male,29,9,144553.5,2,1,0,143454.95,0,0.190193781329607
15711062,633,Germany,Male,40,5,86172.81,2,1,1,117279.49,0,0.143607422152738
15567339,735,France,Male,73,9,0,1,1,1,114283.33,0,0.405731007234833
15760662,521,Germany,Female,29,2,87212.8,1,1,1,994.86,0,0.130114342003131
15605737,541,France,Male,36,5,0,2,1,0,124795.84,0,0.129011651668445
15692977,612,Germany,Female,36,2,130700.92,2,0,0,77592.8,0,0.434813975516233
15672082,562,France,Male,62,3,0,2,1,0,105986.01,0,0.493129559704642
15600280,703,France,Female,32,6,0,2,0,0,33606.52,0,0.1426685459683
15804052,710,Spain,Male,23,6,0,2,1,1,134188.11,0,0.0167623920331591
15576065,731,Spain,Female,40,5,171325.98,1,1,1,159718.27,1,0.156992217757547
15796838,703,Spain,Male,58,4,92930.92,1,0,1,85148.78,0,0.245958780390032
15693526,618,France,Female,40,0,0,1,1,0,119059.13,0,0.271658534332962
15748595,689,France,Female,29,1,77556.79,2,1,1,122998.26,0,0.0554689128369163
15679029,718,France,Male,33,7,102874.28,1,0,0,117841.06,0,0.13205078272817
15753639,608,France,Male,37,5,146093.39,2,0,0,160593.41,0,0.186458286765091
15604138,749,Spain,Male,34,2,0,1,0,0,174189.04,1,0.125728326213478
15666095,753,Spain,Male,51,4,79811.72,2,0,1,68260.27,1,0.145260230512479
15643487,630,Spain,Male,39,10,105473.74,1,0,0,58854.88,1,0.195704350074991
15764033,693,Germany,Female,43,1,121927.92,1,1,0,87994.95,1,0.556700189791272
15747288,838,Spain,Female,40,6,61671.19,1,0,1,150659.35,1,0.113020631117912
15790599,756,Germany,Female,39,5,149363.12,2,1,1,109098.39,0,0.219162982962895
15737705,775,France,Female,27,4,152309.37,1,1,0,104112,0,0.152065733594164
15737194,635,France,Female,33,5,0,2,1,0,122949.71,0,0.154786949047759
15726776,705,Spain,Male,36,1,111629.29,1,1,1,21807.16,0,0.0640294234738298
15804357,481,France,Male,40,3,0,1,1,1,32319.93,0,0.0679774713791665
15664432,727,Spain,Female,49,7,96296.78,1,1,0,190457.87,1,0.45369482150606
15688984,595,France,Male,20,4,95830.43,1,1,0,177738.98,0,0.0608782404002029
15583026,535,France,Female,38,0,135919.33,1,1,0,80425.65,0,0.329918453653734
15771668,578,France,Male,59,10,185966.64,1,0,0,9445.42,1,0.548515455701336
15779904,597,France,Female,29,5,0,2,1,1,174825.57,0,0.0463214965518275
15784323,449,France,Female,21,7,0,2,0,0,175743.92,0,0.0817039803580644
15756277,850,Germany,Female,43,8,92244.83,2,1,0,54949.73,0,0.454556071140721
15663312,494,France,Female,35,9,112727.06,2,1,0,183752.91,0,0.235631378713651
15793197,676,France,Female,34,8,100359.54,1,0,0,46038.28,0,0.207297049432255
15731463,818,Germany,Male,43,10,105301.5,1,1,1,78941.59,0,0.162031733642966
15621768,712,Spain,Male,45,6,112994.65,1,0,0,198398.68,0,0.294339021359915
15691323,672,Germany,Male,40,4,89025.88,2,1,0,188892.19,0,0.337911968272431
15781326,636,France,Male,35,9,95478.17,1,0,0,169286.74,0,0.14978682991964
15595640,698,France,Male,37,8,0,2,0,0,145004.39,0,0.126580590311504
15814331,597,Germany,Female,43,7,119127.46,2,1,0,55809.92,0,0.514539404673999
15602030,717,France,Male,28,4,128206.79,1,1,1,54272.12,0,0.0368612250203865
15747974,614,France,Male,49,1,0,2,1,0,192440.54,0,0.278187649613691
15611315,708,Germany,Female,23,4,71433.08,1,1,0,103697.57,0,0.202657187670894
15636977,507,Germany,Male,36,9,118214.32,3,1,0,119110.03,1,0.27334404309958
15690337,581,France,Female,27,5,102258.11,2,1,0,194681.6,0,0.144082115649881
15680666,579,Spain,Female,39,2,151963.26,2,1,0,158948.63,0,0.329889143963591
15679551,504,Spain,Female,46,2,163764.84,1,1,1,165122.55,1,0.251689248433059
15778915,737,France,Female,32,7,128551.36,2,0,1,189402.71,0,0.0730519617894999
15568849,540,Spain,Female,31,10,118158.74,1,1,1,158027.57,0,0.0811460624265261
15747762,609,France,Male,32,7,118520.41,1,0,0,3815.48,0,0.12838902453478
15753679,778,France,Male,24,4,0,2,1,1,162809.2,0,0.0176318550602912
15750049,621,France,Male,40,10,163823.37,1,0,0,89519.47,0,0.226286963654667
15606097,665,Germany,Male,63,7,104469.58,1,1,1,25165.36,1,0.491472250137281
15802368,608,France,Female,47,6,0,1,1,1,126012.57,0,0.158772390561955
15767488,680,Spain,Male,36,7,0,2,1,0,20109.21,0,0.109823521390082
15669946,663,Germany,Female,46,2,141726.88,1,1,1,58257.23,0,0.362790693294098
15612103,627,Germany,Female,35,2,137852.96,1,1,1,172269.21,1,0.217738261402894
15645353,607,France,Male,26,1,0,1,1,0,29818.2,0,0.070957556842711
15650018,681,France,Female,43,8,154100.3,1,0,0,114659.81,0,0.382758953802506
15659002,766,France,Female,45,6,0,2,0,0,147184.74,0,0.29938826074476
15616028,694,France,Male,30,2,0,3,0,1,15039.41,0,0.0269335017292004
15660475,411,France,Female,54,9,0,1,0,1,76621.49,0,0.265775820501721
15652615,742,France,Male,39,8,140004.96,1,1,1,92985.78,0,0.0753486121842017
15653572,673,Spain,Male,43,8,127132.96,1,0,1,6009.27,1,0.102848054583691
15628059,529,France,Male,61,1,0,2,1,1,191370.97,0,0.255640615040357
15703413,519,France,Female,38,7,125328.56,1,1,0,188225.67,0,0.30636098208489
15610433,573,France,Male,35,9,0,2,1,0,11743.89,0,0.106793675233599
15770548,453,Germany,Female,28,3,139986.65,1,1,0,136846.75,0,0.339464582823723
15645637,798,Germany,Female,39,6,119787.76,1,1,1,164248.33,0,0.22684322101204
15590888,693,Spain,Female,34,10,107556.06,2,0,0,154631.35,0,0.20981671449857
15568326,637,France,Female,44,2,0,2,1,0,149665.65,0,0.311406224495969
15655368,672,France,Male,47,1,0,1,0,0,91574.92,0,0.265956772750324
15665579,597,France,Female,28,0,142705.95,1,1,0,127233.39,0,0.188742078463675
15676091,543,France,Male,42,7,0,1,1,1,56650.47,0,0.0736041911488532
15716984,695,Spain,Female,56,4,0,2,1,0,84644.76,0,0.4932353099428
15715078,584,France,Male,35,6,161613.94,2,1,1,148238.16,0,0.0632741272125721
15569452,652,Germany,Female,58,3,116353.2,2,0,1,193502.9,0,0.567183527671371
15628863,601,France,Male,38,4,60013.81,1,1,1,38020.05,0,0.0658135862312479
15778192,628,Spain,Male,28,4,0,2,1,1,176750.81,0,0.0267529208143929
15793723,607,Germany,Male,32,9,144272.07,2,1,0,176580.63,0,0.235283010354625
15798943,646,France,Female,46,8,0,2,1,0,133059.15,0,0.306007060627195
15764708,572,France,Male,30,6,117696.67,1,1,0,100843.82,0,0.11657710473936
15791040,801,Spain,Male,58,1,79954.61,2,1,1,30484.19,0,0.206919908110312
15631512,597,France,Female,26,8,149989.39,1,1,0,42330.58,0,0.148696690478628
15640106,613,France,Male,40,7,124339.9,1,0,0,193309.58,0,0.231363197050379
15710315,529,Germany,Male,29,4,135759.4,1,0,0,112813.79,1,0.240612802601727
15771535,794,Spain,Female,37,9,0,2,1,0,68008.85,0,0.171190523735379
15611947,557,France,Male,34,3,83074,1,1,0,132673.22,0,0.152928608962496
15670266,499,France,Female,28,4,141792.61,1,1,1,22001.91,0,0.0699647699359873
15609083,544,France,Female,26,6,0,1,1,0,100200.4,1,0.115262270152452
15567923,739,France,Female,30,6,0,1,0,0,122604.44,0,0.140665890935292
15788183,458,Germany,Female,43,1,106870.12,2,1,0,100564.37,0,0.560507180505721
15735782,528,France,Male,31,9,120962.59,1,1,0,5419.31,0,0.119058924894259
15774401,773,Spain,Male,51,4,0,2,0,0,123587.83,1,0.284635092947984
15737971,646,France,Female,30,5,0,2,1,0,13935.32,0,0.121731719005532
15758750,564,France,Male,31,0,110527.17,1,1,1,87060.77,0,0.0497058974606931
15611767,624,Germany,Female,52,0,133723.43,1,0,0,4859.59,1,0.735092485106187
15643770,682,France,Female,52,5,112670.48,1,1,0,21085.17,1,0.506405479295577
15744717,726,France,Female,44,2,0,2,1,1,26733.86,0,0.115637500144355
15570681,560,France,Male,24,1,116084.32,1,1,0,89734.7,0,0.0884944748639395
15792650,382,Spain,Male,36,0,0,1,1,1,179540.73,1,0.0638383546280245
15605531,457,Spain,Female,38,6,0,2,1,0,173219.09,0,0.242825444612792
15605339,673,France,Female,37,10,0,2,1,1,37411.35,0,0.0694952157212137
15672216,584,France,Female,40,4,82441.75,1,0,0,80852.11,0,0.31473822370612
15812893,629,France,Female,39,10,0,2,1,1,43174.49,1,0.0778840094355994
15624180,584,Germany,Female,37,10,134171.8,4,1,1,70927.11,1,0.168152509130948
15701364,724,France,Male,30,10,0,2,1,1,54265.55,0,0.0245313175721526
15762588,644,France,Male,31,5,0,2,1,1,41872.17,0,0.0293416103571858
15806318,676,Germany,Female,48,2,124442.38,1,1,0,15068.53,1,0.633396884730891
15712596,499,France,Male,31,4,0,1,1,0,25950.49,0,0.0993827463324588
15600399,598,France,Male,60,4,0,1,1,0,197727.14,1,0.48792613702892
15576216,655,Germany,Female,37,4,108862.76,1,1,0,79555.08,1,0.445124119981175
15620750,559,France,Male,28,3,141099.43,1,1,1,15607.27,0,0.0418256118176566
15623489,543,France,Female,67,0,128843.67,1,1,1,134612.48,0,0.578478265228831
15667944,679,France,Male,39,0,86843.61,1,0,1,159830.58,0,0.0829468194009944
15584928,594,Germany,Female,32,4,120074.97,2,1,1,162961.79,0,0.160768891498294
15779913,586,France,Male,27,5,130231.8,2,1,1,192427.16,0,0.0342193138476789
15644977,776,France,Female,31,5,0,2,1,0,92647.94,0,0.127039100088687
15749679,699,France,Male,39,2,109724.38,1,1,1,180022.39,0,0.0797703341929566
15629010,847,Germany,Female,35,5,111743.43,1,1,1,183584.14,0,0.176368346893316
15768465,582,Germany,Male,35,8,121309.17,2,1,1,28750.67,0,0.106315962637329
15767781,648,France,Male,38,10,82697.28,1,1,0,74846.67,0,0.15927114911449
15635364,618,France,Female,49,9,44301.43,3,1,1,89729.3,1,0.162956104451605
15722004,543,France,Female,31,4,138317.94,1,0,0,61843.73,0,0.217454122597372
15766044,642,Germany,Male,49,4,120688.61,1,1,0,24770.22,1,0.521776249246929
15586680,462,France,Male,27,4,176913.52,1,1,0,80587.27,0,0.125057680607609
15635388,640,Spain,Male,47,6,89047.14,1,1,0,116286.25,0,0.302998432187751
15655175,740,Germany,Male,40,4,114318.78,2,1,0,129333.69,1,0.338320499511387
15639133,773,France,Female,50,4,0,2,1,0,129372.94,0,0.375588388110782
15799653,583,Germany,Female,32,7,94753.55,2,1,1,18149.03,0,0.131640817104611
15723872,589,Spain,Female,46,10,0,2,0,1,168369.37,0,0.145438184293727
15775627,509,France,Male,35,8,0,2,0,1,67431.28,0,0.042633234955349
15630704,612,Germany,Male,32,9,106520.73,2,1,0,177092.16,0,0.224737574436954
15815534,505,Spain,Male,37,0,134006.39,1,1,1,93736.69,0,0.0839528091714872
15697249,546,Germany,Female,25,3,132837.7,1,1,0,131647.31,0,0.27931236351062
15681316,681,France,Female,41,0,120549.29,2,1,0,175722.31,0,0.329830778994472
15682523,762,France,Male,20,1,139432.55,1,1,1,85606.83,0,0.021813714557385
15650244,786,Spain,Male,29,7,80895.44,2,1,0,64945.57,0,0.0826505490495726
15648638,629,Spain,Male,34,6,0,2,1,0,190347.72,0,0.111633538671353
15795747,787,Spain,Female,39,7,171646.76,1,0,1,100791.36,0,0.134393701668579
15607330,713,Spain,Male,42,0,109121.71,1,0,1,167873.49,0,0.109690520681291
15624013,541,France,Female,39,6,109844.81,1,1,0,25289.23,0,0.301106621754947
15800805,451,France,Female,31,7,140931.82,1,0,1,20388.77,0,0.0849572529815188
15667321,644,Spain,Male,49,10,0,2,1,1,145089.64,0,0.103416606000906
15601116,686,France,Male,32,6,0,2,1,1,179093.26,0,0.0335291815684501
15622033,847,Germany,Female,41,3,101543.51,4,1,0,16025.17,1,0.399548881370045
15758451,765,Germany,Male,37,7,102708.77,1,1,0,9087.81,0,0.275198821245356
15688689,678,Germany,Female,37,8,149000.91,2,1,1,21472.42,0,0.193290878033961
15652674,539,France,Male,20,0,83459.86,1,1,1,146752.67,0,0.023015733479961
15806327,800,France,Female,40,3,75893.11,2,1,0,132562.23,0,0.253457436247505
15649618,799,Germany,Female,39,7,167395.6,2,0,1,139537.43,0,0.233916345171405
15677117,629,France,Female,61,6,0,2,1,1,133672.61,0,0.325650108626126
15751445,734,Germany,Female,52,6,71283.09,2,0,1,38984.37,0,0.375196329936957
15749669,542,France,Female,31,3,0,2,1,1,115217.59,0,0.0556412758850183
15656351,414,Spain,Male,60,3,0,2,1,1,93844.82,0,0.24665663176903
15667438,675,France,Female,38,1,104016.88,1,0,0,22068.83,1,0.287696133480767
15682273,683,France,Female,38,5,127616.56,1,1,0,123846.07,0,0.286164445650938
15580912,748,France,Male,32,5,154737.88,2,1,1,172638.13,0,0.048460921590915
15785183,596,Spain,Male,29,2,0,2,1,1,1591.19,0,0.0277939617465225
15705383,642,France,Male,35,4,125476.31,1,1,1,91775.51,0,0.0617942512956804
15712903,499,France,Female,21,3,176511.08,1,1,1,153920.22,0,0.0503958927974682
15774285,649,Spain,Female,47,8,110783.28,1,1,1,71420.16,0,0.194767634043605
15583138,739,France,Male,42,2,141642.92,2,1,0,172149.76,0,0.239436808995327
15740160,616,France,Male,31,1,0,2,1,1,54706.75,0,0.0321666521355471
15793425,560,Spain,Female,33,9,0,1,0,1,183358.21,0,0.0697451334476597
15749265,427,Germany,Male,42,1,75681.52,1,1,1,57098,0,0.197110084849616
15623989,435,France,Male,54,3,0,1,1,0,156910.46,1,0.404674887313749
15604832,633,France,Male,29,7,0,1,1,1,130224.73,0,0.0297848047317651
15584580,443,France,Male,35,6,161111.45,1,0,0,13946.66,0,0.196127538330985
15573854,727,France,Male,62,5,0,2,0,1,38652.96,0,0.230372054355089
15614847,674,France,Female,45,6,72494.69,1,0,1,140041.78,0,0.173019336380287
15679966,661,France,Female,31,3,133964.3,1,1,1,166187.1,0,0.0820991600963235
15799435,619,Spain,Male,34,1,0,1,1,0,139919.38,0,0.124527186783646
15752186,562,France,Female,27,3,0,2,1,0,28137.03,0,0.108791499159422
15705544,633,France,Male,61,3,157201.48,1,0,1,50368.63,0,0.332164535222559
15713632,551,Spain,Female,48,5,95679.29,1,0,0,94978.1,0,0.468938345642714
15586523,720,Germany,Female,29,7,106230.92,1,1,1,69903.93,1,0.120957655147586
15609176,688,France,Female,32,5,0,2,0,1,177607.77,0,0.0586726147435377
15769308,635,Germany,Female,36,9,81231.85,2,1,0,196731.08,0,0.371053435223357
15676810,561,France,Female,31,1,81480.27,2,1,1,65234.6,0,0.0689463183406356
15634591,850,France,Male,33,8,73059.38,1,1,1,186281,0,0.041420886039056
15679804,636,France,Male,36,5,117559.05,2,1,1,111573.3,0,0.0592324166250201
15677764,461,Germany,Female,74,1,186445.31,2,1,1,196767.83,0,0.846191788620117
15571917,771,Germany,Female,38,5,137657.71,2,1,0,72985.61,0,0.433261106999704
15574608,713,France,Male,36,8,133889.35,1,1,1,143265.65,0,0.0643244938022163
15740868,658,Germany,Female,45,9,134562.8,1,1,1,159268.67,0,0.324484287049042
15702442,586,Germany,Female,56,9,100781.75,2,1,1,54448.41,0,0.470975729585724
15699797,737,France,Male,30,8,174356.13,1,0,0,31928.5,0,0.120373174653026
15648047,742,Germany,Male,27,5,190125.43,2,0,0,21793.59,0,0.19173697905722
15766826,824,France,Male,26,7,146266,1,1,0,21903.62,1,0.0784382734169934
15591628,701,Germany,Male,41,9,164046.1,1,1,0,49405.93,0,0.391224317708078
15583857,623,Spain,Female,43,4,123536.52,2,0,0,154908.52,0,0.381122299560096
15752534,744,France,Male,36,10,0,2,1,1,182867.84,0,0.0387535745224648
15741403,698,Spain,Female,38,1,171848.38,1,0,0,16957.45,0,0.32512999496001
15783589,616,France,Male,40,9,0,2,0,0,93717.55,0,0.148170240376538
15598046,662,France,Female,39,5,139562.05,2,1,0,61636.22,0,0.28796689787367
15643330,594,France,Male,37,2,0,2,0,1,95864.5,0,0.0532474217840896
15680405,685,France,Male,40,2,168001.34,2,1,1,167400.29,0,0.0911789115931233
15728683,742,France,Male,27,0,0,2,0,1,131534.96,0,0.024674606722832
15621644,678,Germany,Male,83,6,123356.63,1,0,1,92934.41,0,0.825174688558484
15733032,651,Spain,Male,47,2,0,2,1,1,119808.64,0,0.0987367846501506
15608381,585,Germany,Male,50,2,125845.66,1,1,0,9439.31,1,0.568919021313682
15658946,579,Germany,Male,40,10,45408.85,2,1,0,18732.91,0,0.289968939441573
15757912,722,Germany,Female,37,0,125977.81,1,0,0,160162.42,0,0.470305157322653
15645371,613,Germany,Female,51,7,147262.11,1,1,1,53630.9,1,0.443330105172669
15653110,694,France,Male,42,8,133767.19,1,1,0,36405.21,0,0.226956447815043
15766355,550,Germany,Male,49,0,108806.96,3,1,0,61446.92,1,0.499108065835865
15585249,741,France,Male,42,6,106036.52,1,1,0,194686.78,1,0.230911540378486
15611786,668,Spain,Female,69,9,0,1,0,1,134483.07,0,0.494855896001284
15575486,529,France,Female,27,1,0,2,1,1,37769.98,0,0.0442100350699189
15780215,636,France,Male,31,6,0,2,1,1,2382.61,0,0.0283754192365583
15686099,563,Spain,Male,61,1,82182.1,1,1,0,106826.92,1,0.569656418188613
15739042,767,France,Female,35,9,0,2,1,0,39511.61,0,0.148669512026037
15815316,644,France,Male,50,9,76817,4,1,0,196371.13,1,0.260160953737763
15778489,780,Germany,Male,71,9,142550.25,2,1,1,122506.78,0,0.608220735382925
15786389,635,Spain,Female,41,10,0,2,1,1,61994.2,0,0.092894713054272
15601787,641,Germany,Male,35,2,103711.56,1,0,1,192464.21,1,0.136075136724094
15624715,593,Spain,Female,40,2,0,1,1,1,5194.95,0,0.111133776600651
15763093,540,Germany,Female,35,7,128369.75,2,1,0,198256.15,0,0.406433009939327
15572073,663,Spain,Male,35,5,0,2,1,1,62634.94,0,0.0420679716627252
15780256,630,France,Male,34,9,0,2,1,1,114006.35,0,0.0353939136082005
15659305,605,Germany,Male,19,8,166133.28,1,1,1,107994.99,0,0.046464263112546
15638882,710,Germany,Female,62,9,148214.36,1,1,0,48571.14,1,0.825337730443622
15714680,755,France,Female,78,5,121206.96,1,1,1,76016.49,0,0.694801493512985
15777217,641,Spain,Male,25,10,0,2,1,1,180808.39,0,0.0195566504810367
15739123,737,Germany,Male,50,4,127552.85,2,1,0,4225.11,0,0.502618918878912
15594450,695,France,Male,49,9,159458.53,1,1,0,135841.35,0,0.35389370681875
15797751,466,Germany,Female,47,5,102085.72,1,1,1,183536.24,1,0.381210464556722
15691543,558,Germany,Male,58,2,142537.18,1,1,1,88791.83,0,0.465604485410372
15722845,665,Spain,Male,29,1,182781.74,2,1,1,63732.9,0,0.0449000071820008
15605804,737,France,Male,45,10,0,2,1,0,1364.54,0,0.178608550209359
15702061,654,France,Male,29,7,0,2,1,1,149184.15,0,0.0262080367284132
15694321,619,France,Female,28,3,0,2,1,0,53394.12,0,0.114971017567987
15798749,845,Germany,Female,43,3,152063.59,2,1,0,97910.06,0,0.517034763495305
15720050,727,France,Female,28,2,110997.76,1,1,0,101433.76,0,0.156159541217651
15758048,582,France,Male,50,2,148942,1,1,1,116944.3,0,0.182839100856553
15805681,716,France,Male,41,9,0,1,1,1,113267.48,0,0.059569610199682
15802809,660,Spain,Female,36,0,84438.57,1,1,1,181449.51,0,0.106989381277495
15807239,664,France,Female,34,7,93920.47,1,0,0,179913.98,0,0.218752114896971
15749093,801,France,Male,43,4,158713.08,2,0,0,98586.14,0,0.241380170640651
15689344,615,Spain,Male,42,4,0,3,0,1,120321.09,0,0.0674282252102809
15606076,718,Germany,Male,63,7,123204.88,1,1,1,100538.8,0,0.504108537244969
15610090,667,France,Male,40,8,72945.29,2,1,0,98931.5,0,0.171838947277056
15693926,670,Spain,Male,37,0,178742.71,1,1,1,194493.57,0,0.091021457422272
15791501,590,France,Male,43,8,0,2,1,1,143628.31,0,0.0693574600359958
15621870,739,Spain,Female,40,8,0,1,1,0,167030.51,0,0.246429996012606
15734711,373,France,Male,42,7,0,1,1,0,77786.37,1,0.206046469061927
15814405,418,France,Female,46,9,0,1,1,1,81014.5,1,0.156227610165714
15729359,837,France,Female,29,9,0,2,1,1,41866.26,0,0.0355740673411511
15606944,645,Germany,Male,43,9,140121.17,1,1,0,11302.7,1,0.414629107894185
15671934,552,Germany,Male,39,2,132906.88,1,0,1,149384.43,0,0.188370318227507
15641773,580,Germany,Male,45,2,179334.83,2,1,1,169303.65,0,0.259191639649597
15701972,684,France,Male,35,3,137179.39,1,1,1,37264.11,0,0.061404862367507
15749114,634,Spain,Male,35,3,0,2,1,1,19515.48,0,0.0414244118592759
15780362,607,France,Female,49,9,119960.29,2,1,0,103068.22,0,0.429266685826916
15753229,802,France,Male,29,9,127414.55,1,1,1,134459.12,0,0.0345585979489047
15656009,736,France,Female,36,6,0,1,1,0,70496.66,0,0.187623361588895
15785024,629,France,Female,40,9,137409.19,1,1,0,175877.7,1,0.315890830934554
15670492,737,France,Male,28,8,0,2,1,0,106390.01,0,0.0632053162856465
15795458,718,Spain,Female,39,2,0,1,1,1,52138.49,0,0.0947216299974082
15732438,561,France,Male,43,4,0,4,0,0,18522.91,1,0.162501842164569
15781987,641,France,Male,31,9,112494.99,1,1,1,32231.6,0,0.0401704642443904
15775826,677,France,Male,30,1,78133.15,1,0,1,174225.88,0,0.0424351225755901
15807457,641,Spain,Female,36,1,0,2,1,0,102021.39,0,0.195791460446491
15632538,658,Spain,Female,32,5,145553.07,1,1,1,31484.76,0,0.0863711948725315
15641389,659,Germany,Male,48,4,123593.22,2,1,0,82469.06,1,0.492557978945491
15657306,567,France,Female,47,2,0,1,0,0,110900.43,1,0.395557476574062
15709447,584,France,Female,26,0,146286.22,1,1,0,105105.35,0,0.16688978396907
15762682,709,Spain,Female,35,1,111827.27,2,1,0,12674.68,0,0.219553705393274
15626042,690,Spain,Female,26,2,0,2,1,1,93255.85,0,0.0383892080277268
15597109,627,France,Male,70,1,94416.78,1,0,1,145299.5,0,0.475398615483904
15756148,765,Spain,Male,45,2,91549.78,1,1,1,47139.44,0,0.106027058650855
15665634,645,France,Female,38,7,59568.57,1,1,1,167723.25,0,0.104359748879317
15739997,716,France,Female,23,2,94464.81,2,0,1,185900.88,0,0.0398377696644065
15686242,771,France,Female,57,4,0,1,0,0,85876.67,1,0.528846558096382
15759244,687,Germany,Male,44,8,95368.14,2,1,1,1787.85,0,0.164751009437624
15672027,717,Germany,Female,33,10,102185.42,2,1,0,23231.93,0,0.30575938414161
15594576,524,France,Male,32,1,144875.71,1,0,0,187740.04,0,0.173111544374077
15707138,679,Spain,Male,39,5,0,2,1,1,100060.54,0,0.0540340106383441
15756954,538,France,Female,32,2,0,1,1,1,80130.54,0,0.0655071593783481
15619130,752,Germany,Female,37,5,113291.05,2,1,1,132467.54,0,0.189721500320029
15639665,846,Spain,Male,61,0,0,2,1,1,96202.44,0,0.217883008354241
15571065,532,Spain,Female,39,0,0,2,1,0,94977.3,0,0.259741582272839
15686060,670,Germany,Male,43,9,111677.88,1,1,0,178827.3,1,0.407131222988068
15615753,597,Germany,Female,35,8,131101.04,1,1,1,192852.67,0,0.203634034945347
15800961,627,Germany,Male,52,1,76101.81,2,0,1,177238.35,0,0.305702449098701
15763065,700,Spain,Female,40,2,0,2,1,0,199753.97,0,0.246352621768801
15672467,766,France,Female,52,7,92510.9,2,0,1,66193.61,0,0.225791115249914
15752915,488,France,Female,34,2,0,2,1,1,181270.84,0,0.0737662306066151
15744695,694,France,Male,39,5,77652.4,1,1,1,25407.59,0,0.0660961592819857
15584897,639,France,Female,31,3,98360.03,1,0,0,20973.8,0,0.195066251265035
15601857,705,Germany,Female,46,4,115518.07,1,0,0,76544.9,1,0.61200693421227
15674156,810,Germany,Male,69,3,27288.43,1,1,1,110509.9,0,0.547402331023859
15695465,638,France,Female,36,6,0,1,1,0,164247.51,0,0.203410593125667
15792232,595,Spain,Female,43,5,0,2,0,0,105149.8,0,0.291936535438924
15807900,575,France,Male,36,7,0,1,1,1,55868.97,1,0.0462975985955917
15743760,850,France,Male,31,6,131996.66,2,1,1,178747.43,0,0.0379184544729734
15652835,419,Spain,Female,27,2,121580.42,1,0,1,134720.51,0,0.0767221033141282
15767818,640,France,Male,55,10,132436.34,1,1,0,978.66,0,0.418951093502531
15591150,570,Spain,Male,34,10,0,2,0,1,183387.12,0,0.0424076451400882
15734659,640,Germany,Female,46,5,107978.4,2,1,0,155876.06,0,0.579295664945252
15796115,689,Germany,Female,40,4,78119.59,4,1,0,119259.34,1,0.389817416445671
15724648,725,France,Male,26,6,98684.15,1,0,0,133720.57,0,0.0834821108918304
15737732,751,France,Female,44,10,0,2,1,0,170634.49,0,0.262702634940475
15632280,544,Spain,Female,53,9,0,1,1,0,125692.07,1,0.479697669010402
15750407,768,Germany,Female,43,2,129264.05,2,0,0,19150.14,0,0.523895012222141
15795370,648,Germany,Male,37,6,131753.41,1,1,0,86894.67,0,0.316482505626774
15656829,577,Spain,Female,33,6,0,2,1,0,57975.8,0,0.161081171500852
15643794,639,Spain,Female,27,2,0,1,1,1,82938.99,0,0.0464183382387424
15798605,686,Germany,Male,26,1,57422.62,1,1,1,79189.4,0,0.0578215686448131
15637324,657,France,Female,28,7,0,2,0,1,5177.62,0,0.0403628982727329
15589589,613,France,Male,34,5,144094.2,1,1,0,44510.26,0,0.160091246129555
15778936,701,France,Male,33,9,147510.34,1,1,0,190611.92,0,0.139093688678016
15757385,578,Spain,Female,28,8,161592.76,1,1,0,177834.79,0,0.184155476572176
15666200,689,France,Female,40,1,0,2,1,1,119446.64,0,0.0980563499053995
15683977,687,Spain,Female,72,4,0,2,1,1,50267.69,0,0.514557401587835
15675518,499,Spain,Female,53,1,75225.53,2,0,0,144849.1,1,0.554049599834456
15584812,693,Spain,Female,39,0,0,2,0,0,81901.6,0,0.246219525118862
15752984,737,France,Female,70,9,87542.89,2,1,1,42576.86,0,0.493177102141381
15577913,651,France,Female,32,8,144581.96,1,1,1,87609.5,0,0.0833070469628037
15591980,753,France,Male,33,5,122568.05,2,1,1,82820.85,0,0.0456929146380729
15598948,523,Spain,Female,24,5,172231.93,1,0,1,155144.12,0,0.0650134532118012
15574142,458,Germany,Female,28,2,171932.26,2,1,1,9578.24,0,0.14729867427906
15582903,643,France,Male,39,7,0,2,1,1,170392.59,0,0.0552533923682986
15733229,638,Spain,Female,34,7,0,2,0,0,3946.29,0,0.163177390523338
15635752,685,Germany,Male,38,4,111798.06,2,1,1,102184.66,0,0.133559212758202
15771000,684,France,Male,38,4,0,3,1,0,75609.84,0,0.117938046182108
15804864,670,France,Female,27,5,79336.61,1,1,1,26170.08,0,0.0479925975019439
15641175,701,Germany,Male,63,3,120916.52,3,0,0,144727.45,1,0.734328353365919
15692226,705,France,Female,31,3,142905.51,1,1,1,58134.97,0,0.0775859765737157
15584156,593,Spain,Male,27,10,0,3,0,0,94620,1,0.0624786995530393
15702656,651,France,Female,33,1,96834.78,1,1,0,108764.69,0,0.216538417190984
15606552,741,France,Male,37,9,105261.76,2,1,1,149503.54,0,0.0561882096735027
15687001,596,Germany,Male,54,1,123544,1,1,1,120314.75,1,0.384270949190156
15781903,581,Germany,Male,41,2,127913.71,2,1,1,44205.95,0,0.171574998256504
15731951,689,Spain,Female,28,5,95328.6,1,1,0,6129.61,1,0.146129706477766
15580953,544,France,Male,30,4,73218.89,1,0,1,126796.69,0,0.0447624791788827
15810390,718,France,Female,41,1,0,2,0,1,27509.52,1,0.0995308460945841
15628274,583,Germany,Male,35,8,149995.72,2,1,0,42143.55,0,0.281860886007448
15615444,663,Germany,Male,28,8,123674.28,2,1,1,87985.2,0,0.0680659874979644
15784010,666,Germany,Male,33,2,124125.26,1,1,0,81884.8,0,0.263411548945758
15571586,524,Spain,Male,29,3,159035.45,1,1,0,2705.31,1,0.133430110324432
15748616,599,France,Male,27,5,0,2,1,0,30546.4,0,0.0637964070895376
15769402,667,France,Male,27,7,156811.74,1,1,1,149402.59,0,0.036506732029218
15739248,727,France,Male,52,4,0,2,1,1,118429.02,0,0.122623459541013
15603481,689,Spain,Female,55,4,0,2,1,1,58442.25,0,0.239716121148591
15723604,639,France,Male,39,6,150555.83,1,1,0,30414.17,0,0.20548885821559
15797822,678,France,Male,28,2,109137.12,1,1,1,58814.41,0,0.0354197067387904
15665064,523,France,Male,36,8,158351.02,2,1,0,155304.53,0,0.177988670231621
15640580,650,France,Female,47,9,0,1,1,0,187943.6,0,0.355420102204081
15581089,744,Spain,Male,35,7,0,2,1,1,43036.6,0,0.0382958236304761
15728605,697,France,Male,40,4,0,2,0,1,26543.28,0,0.0564326029322369
15737385,800,Spain,Female,46,6,0,2,1,0,171928.04,0,0.305918053915447
15714789,664,France,Male,24,7,0,1,0,1,35611.35,0,0.0199002139225645
15786035,740,France,Male,39,9,0,2,1,0,19047.23,0,0.1205860375971
15815259,835,France,Female,56,2,0,2,1,1,39820.13,0,0.223297212949756
15592716,559,France,Male,52,2,0,1,1,0,129013.59,1,0.353569667595507
15734850,676,Spain,Male,36,1,82729.49,1,1,0,113810.12,0,0.165086625017802
15638047,613,Germany,Female,45,9,142765.24,2,1,0,34749.65,0,0.564440554795478
15674573,713,France,Female,25,4,121172.97,1,1,1,56268.98,0,0.0480296365679785
15694859,751,Germany,Female,28,10,132932.14,2,1,1,46630.47,0,0.100145351678253
15776404,523,France,Male,22,8,123374.46,1,1,1,124906.59,0,0.0251253183183348
15579345,775,Germany,Female,74,0,161371.5,1,1,1,134869.93,0,0.823900055691705
15690733,608,Spain,Male,45,4,0,2,0,0,36697.48,1,0.219572362490466
15631481,673,France,Male,51,8,79563.36,2,1,1,172200.91,0,0.141251780594713
15620988,616,France,Male,46,2,0,2,1,0,137136.46,0,0.234611818632061
15571529,650,Germany,Female,48,7,138232.24,1,1,0,57594.78,0,0.646264813233051
15592104,655,France,Female,41,5,0,1,0,0,36548,1,0.271710391382617
15651900,782,Germany,Female,53,1,81571.05,1,1,0,182960.46,1,0.703722341334165
15596212,781,Spain,Male,35,1,0,2,0,0,42117.9,0,0.115564155647299
15710687,593,France,Female,33,0,95927.04,1,1,0,199478.05,0,0.232941068209208
15613787,505,Spain,Male,35,8,116932.59,1,1,0,91092.84,0,0.170653206864812
15599211,707,France,Male,40,1,0,2,1,0,14090.4,1,0.152209530403464
15675983,692,France,Female,36,3,79551.12,1,0,1,178267.07,0,0.103236253779134
15622370,813,Germany,Male,30,1,116416.94,1,0,1,85808.22,0,0.0883294925684881
15656319,850,Spain,Male,37,4,88141.1,1,1,0,109659.12,0,0.157194114053933
15605130,753,France,Male,32,6,177729.13,1,1,1,161642.08,0,0.0548563540069878
15672574,850,Spain,Female,32,5,0,1,1,1,3830.59,0,0.052476080386335
15659355,671,Spain,Male,32,6,123912.78,2,1,1,146636.44,0,0.046475875473108
15777907,791,France,Female,33,3,0,1,1,1,144413.92,1,0.0604256458749898
15655171,624,France,Male,80,3,0,1,1,1,65801.44,0,0.562386854621603
15619674,649,France,Female,35,4,108306.44,1,1,1,192486.24,0,0.102460078421657
15775192,732,Germany,Female,48,4,102962.62,1,1,0,120852.85,1,0.617861701429604
15617657,664,France,Female,36,0,103502.22,1,1,1,146191.82,0,0.111257143489588
15688951,789,Germany,Male,43,8,119654.44,2,0,1,148412.24,1,0.17295630940977
15763460,680,France,Male,33,10,183768.47,1,1,0,164119.35,0,0.149532010335629
15756992,701,France,Male,37,1,0,2,1,0,163457.55,0,0.130049111041041
15617454,684,France,Female,25,1,0,2,0,1,144978.47,0,0.03784601815921
15701932,586,France,Female,52,6,140900.97,1,1,1,67288.89,0,0.284835862668813
15700813,522,Germany,Female,25,5,94049.92,2,1,0,103269,0,0.234706401287228
15645600,739,Spain,Female,27,8,98926.4,1,1,1,106969.98,0,0.0514733977531081
15634146,835,Germany,Male,18,2,142872.36,1,1,1,117632.63,0,0.0391184414856698
15686743,790,Spain,Male,29,3,46057.96,2,1,1,189777.66,0,0.0304222156685785
15698792,671,France,Female,48,6,119769.77,1,0,1,66032.65,0,0.217920160955999
15591724,560,France,Female,44,5,143244.97,1,1,0,98661.27,0,0.415050198638355
15571281,651,France,Male,28,10,79562.98,1,1,1,74687.37,0,0.0315193169953627
15661380,682,France,Male,69,6,0,2,0,1,149604.18,0,0.34245855277461
15728885,808,France,Male,41,0,0,1,1,1,79888.78,0,0.0646239687699719
15618950,644,Spain,Male,26,8,96659.64,2,1,1,138775.69,0,0.0282916584071228
15609804,688,France,Male,29,1,0,2,1,0,154695.57,0,0.0802309350254998
15735849,617,France,Female,26,2,165947.99,2,0,1,168834.38,0,0.0619588656577187
15652948,738,France,Male,33,4,92676.3,1,1,0,105817.63,0,0.127896393471549
15618155,663,France,Male,45,5,83195.12,1,1,1,48682.1,0,0.106010316948893
15566378,515,France,Male,48,5,129387.94,1,0,1,147955.91,1,0.169883894361055
15565879,845,France,Female,28,9,0,2,1,1,56185.98,0,0.0346208586132706
15792922,639,Spain,Male,38,9,130233.14,1,1,1,81861.1,0,0.071740493873345
15770567,557,France,Female,32,3,123502.53,1,1,1,69826.8,0,0.0854711091576047
15738042,543,Germany,Male,37,8,140894.06,2,1,1,118059.19,0,0.13532604908483
15714920,585,Germany,Male,44,7,163867.86,1,1,1,112333.22,0,0.232797825960852
15782121,610,France,Female,27,2,0,2,1,0,14546.76,0,0.105876632331384
15673180,727,Germany,Female,18,2,93816.7,2,1,0,126172.11,0,0.1465714389479
15660636,540,Spain,Female,40,8,0,2,1,0,3560,0,0.235783265038327
15664504,418,France,Male,35,7,0,2,1,1,88878.15,0,0.0456093277088328
15790322,660,France,Female,32,0,114668.89,1,1,0,84605,0,0.208085878439034
15739847,850,Germany,Male,38,5,146756.68,1,1,0,78268.61,0,0.317353536493137
15699415,618,France,Female,46,6,150213.71,1,1,0,120668.46,1,0.437422698502963
15665521,642,Germany,Male,18,5,111183.53,2,0,1,10063.75,0,0.0348871020791902
15682868,850,France,Female,40,9,99816.46,1,1,1,163989.66,1,0.111715716403126
15584462,739,France,Male,34,9,0,1,1,0,60584.33,0,0.101977550691276
15661708,508,France,Female,41,5,0,2,1,1,94170.84,0,0.109014815212436
15584452,667,France,Male,41,6,0,2,0,0,167181.77,0,0.171609275849706
15717010,741,France,Female,60,5,0,1,1,1,38914.51,0,0.306945465782436
15643828,592,France,Male,29,7,0,2,1,1,91196.67,0,0.0269445539300223
15733361,651,Germany,Female,45,6,86714.06,1,1,0,85869.89,1,0.558611344100079
15795488,773,Spain,Male,52,2,0,2,1,0,57337.79,0,0.289014490190808
15581551,850,Spain,Male,41,8,132838.07,1,1,1,175347.28,0,0.0863607841490073
15632051,550,Germany,Female,42,10,128707.31,1,1,0,63092.65,1,0.536589370381676
15780409,783,France,Male,40,6,0,2,1,0,109742.55,0,0.135956636693869
15572767,777,France,Male,29,2,0,2,1,0,124489.88,0,0.0745058644462414
15590337,659,France,Male,29,6,123192.12,1,1,1,56971.41,1,0.0394484331384958
15634551,727,Germany,Male,46,3,115248.11,4,1,0,130752.01,1,0.400405583623692
15669290,603,France,Male,38,8,59360.77,1,1,1,191457.06,0,0.0656119093527657
15621140,644,Spain,Male,37,9,0,2,1,1,96442.86,0,0.0461795099640333
15613518,647,France,Female,35,6,112668.7,1,0,1,122584.29,0,0.10192175382242
15728043,648,Germany,Female,37,7,138503.51,2,1,0,57215.85,0,0.416341016124794
15570073,721,Spain,Male,57,1,0,1,1,1,195940.96,0,0.208545748066466
15777033,524,France,Male,29,7,0,2,1,1,105448.74,0,0.027399737834982
15682454,626,France,Female,34,3,0,2,1,1,37870.29,0,0.0636106663691516
15758513,569,France,Male,43,7,0,2,1,0,52534.81,0,0.178496704692861
15772604,578,Spain,Male,36,1,157267.95,2,1,0,141533.19,0,0.188890056942459
15721715,769,France,Female,40,9,133871.05,1,1,1,50568.02,0,0.119725562494518
15688563,694,Germany,Male,31,4,141989.27,2,1,0,26116.82,0,0.217430272034821
15772009,664,France,Female,41,5,0,1,1,1,152054.33,0,0.10866975501465
15809585,646,France,Male,38,7,0,2,1,0,1528.4,0,0.121356851598931
15593778,779,France,Female,29,3,46388.16,3,1,0,127939.26,1,0.120100166644626
15655360,782,Germany,Female,72,5,148666.99,1,1,0,2605.65,1,0.906430083311679
15780909,769,Germany,Male,34,7,115101.5,1,0,0,57841.89,1,0.25101191210506
15757310,655,Germany,Male,67,6,148363.38,1,1,1,186995.17,0,0.606757039898111
15801411,623,Spain,Male,46,4,0,1,1,0,5549.11,1,0.232542331126884
15761706,705,Spain,Female,39,8,144102.32,1,1,1,11682.36,0,0.121698462713128
15658409,686,France,Male,41,5,128876.71,3,1,1,106939.34,1,0.0756438591872128
15810010,678,Germany,Male,36,6,118448.15,2,1,0,53172.02,0,0.265188238677491
15627027,738,France,Male,39,5,0,2,1,1,114388.98,0,0.0517096218503273
15624374,703,France,Male,28,9,0,2,0,1,2151.17,0,0.0228028201002446
15720083,554,Spain,Male,42,1,0,2,0,1,183492.9,0,0.0820852731840932
15752294,582,France,Female,38,9,135979.01,4,1,1,76582.95,1,0.0903332681253584
15743193,644,France,Male,37,6,117271.8,2,1,0,104217.96,1,0.159860002665892
15696733,724,France,Male,29,4,0,1,1,0,8982.75,0,0.0756120762355861
15677522,593,France,Male,33,1,0,2,0,0,9984.4,0,0.106463388743499
15643523,710,Spain,Female,30,10,0,2,1,0,19500.1,0,0.115452507133507
15624936,631,France,Male,35,8,129205.49,1,1,1,79146.36,0,0.0599696378864815
15716085,739,Spain,Female,41,8,0,1,1,0,191694.77,1,0.257728163680305
15641688,644,Spain,Male,18,7,0,1,0,1,59645.24,1,0.0140090708321174
15796834,652,Germany,Male,35,7,104015.54,2,1,1,55207.88,0,0.0997806013198592
15720123,554,Spain,Male,37,3,0,2,1,0,166177.3,0,0.14325755736106
15604732,483,France,Female,30,9,0,2,0,0,136356.97,0,0.142885287808106
15723484,669,Germany,Female,42,1,103873.39,1,1,0,148611.52,0,0.540815068157357
15807120,841,Germany,Female,52,3,112383.03,1,1,0,85516.37,1,0.67128611956591
15810891,662,France,Male,34,2,117731.79,2,0,1,55120.79,0,0.0523680416424517
15640407,821,Germany,Male,45,0,135827.33,2,1,1,131778.58,0,0.212319395330228
15778838,783,France,Male,38,9,114135.17,1,1,0,153269.98,0,0.165239822755114
15709256,850,France,Female,28,9,0,2,1,1,164864.67,0,0.0350150095128822
15742285,559,France,Male,62,6,118756.62,1,1,1,20367.68,0,0.311004181071519
15729019,602,Spain,Male,34,8,98382.72,1,1,0,39542,0,0.139141625362401
15608588,563,Germany,Male,41,2,100520.92,1,1,1,19412.8,1,0.182457426536319
15610557,695,Spain,Female,35,7,79858.13,2,1,1,127977.66,0,0.081752456160845
15786418,546,France,Female,20,6,0,1,0,1,20508.85,0,0.0268333275575675
15653050,719,Germany,Female,76,10,95052.29,1,1,0,176244.87,0,0.921825807391229
15744914,539,Germany,Male,42,1,177728.55,1,1,0,105013.63,0,0.472354882918766
15669611,632,France,Male,71,3,83116.68,1,1,1,27597.76,0,0.44703239155253
15594786,772,Germany,Male,34,7,111565.91,1,1,1,121073.23,0,0.104691123137354
15649211,708,Spain,Male,40,8,83015.71,1,1,0,101089.76,0,0.190568825853239
15766066,668,Germany,Female,28,1,124511.01,1,0,0,114258.18,0,0.313947938073245
15772216,738,France,Female,67,1,130652.52,1,0,1,22762.23,0,0.531871817459085
15619898,785,France,Male,55,5,0,2,1,1,7008.65,0,0.138594287290234
15724543,597,France,Male,61,5,0,2,1,1,81299.17,0,0.221511572549135
15755084,531,France,Male,37,7,121854.45,1,1,0,147521.35,0,0.187127326554802
15730441,509,France,Male,26,10,0,2,1,1,6177.83,0,0.0206013190676893
15666767,508,France,Male,35,1,86893.28,1,0,0,59374.82,0,0.172404483029226
15690456,749,Germany,Female,32,7,79523.13,1,0,1,157648.12,0,0.142597855424319
15570533,621,Germany,Female,55,7,131033.76,1,0,1,75685.59,1,0.522792537535659
15797692,659,France,Female,33,7,89939.62,1,1,0,136540.09,0,0.195130860137587
15603135,634,Germany,Female,59,3,95727.05,1,0,0,97939.4,1,0.805721034840322
15698927,675,France,Male,39,7,0,2,0,1,36267.21,0,0.0516508680383016
15687363,770,France,Male,31,3,155047.56,2,1,1,186064.34,0,0.045074707374016
15733444,736,France,Female,29,9,0,2,0,0,176152.7,0,0.114323272511179
15678057,524,France,Male,44,10,118569.03,2,0,0,82117.2,0,0.253719608064874
15806918,674,France,Male,28,5,0,1,1,1,151925.25,0,0.0267502936709577
15638247,700,Spain,Male,44,9,0,2,1,0,142287.65,0,0.188026183409201
15674833,741,France,Female,35,1,0,2,1,0,36557.55,0,0.17020305060551
15812534,455,France,Male,40,1,0,3,0,1,129975.34,0,0.0641350451755418
15586522,608,Spain,Male,37,2,130461.02,1,1,0,21967.15,0,0.197993480546121
15794297,776,France,Male,36,1,0,2,1,0,53477.76,0,0.110427580279499
15737025,635,France,Male,33,1,0,3,0,0,178067.33,1,0.100586997868735
15615931,746,France,Female,37,4,0,2,0,1,171039.56,0,0.0802246572672907
15664860,692,Spain,Female,47,3,0,2,1,0,150802.41,1,0.350294789464788
15664539,683,Spain,Male,35,9,61172.04,1,0,0,82951.12,0,0.137772461675766
15583692,591,Germany,Female,35,2,90194.34,2,1,0,57064.57,0,0.388310533840507
15693131,581,France,Female,24,3,95508.2,1,1,1,45755,0,0.0459586926194483
15779973,684,Germany,Male,35,3,99967.76,1,1,1,176882.08,0,0.118906376530603
15620557,561,Spain,Male,37,4,101470.29,1,0,1,88838.14,0,0.0771113171278126
15639549,718,Germany,Female,33,4,70541.06,1,0,0,88592.8,0,0.349633063236751
15618750,590,France,Male,31,8,112211.61,1,1,0,26261.42,0,0.118280068933698
15796790,573,France,Female,47,8,154543.98,1,1,0,29586.73,0,0.440447321432144
15668309,350,France,Female,40,0,111098.85,1,1,1,172321.21,1,0.1738585838066
15732437,504,Germany,Female,44,0,131873.07,2,1,1,158036.72,1,0.33940469617858
15665158,813,Spain,Male,27,1,137275.36,1,0,1,115733.16,0,0.0379130911099891
15689322,641,Spain,Male,31,3,153316.14,1,1,0,59927.99,0,0.139231563184084
15596624,662,France,Female,22,9,0,2,1,1,44377.65,0,0.0251781362114338
15601977,497,Spain,Male,44,2,121250.04,1,0,1,79691.4,0,0.136335793136344
15801462,716,France,Male,31,8,109578.04,2,1,1,51503.51,0,0.0351520187031142
15566139,526,France,Female,37,5,53573.18,1,1,0,62830.97,0,0.254251669302786
15791006,760,Germany,Female,34,6,58003.41,1,1,0,90346.1,0,0.326177234587852
15668057,669,France,Female,31,6,113000.66,1,1,0,40467.82,0,0.181682045728004
15580805,655,France,Male,27,10,0,2,1,0,51620.94,0,0.0601315225897213
15658768,547,France,Female,49,2,0,1,0,0,65466.93,1,0.428573983990397
15613048,648,Germany,Female,40,5,139973.65,1,1,1,667.66,1,0.258216290428749
15803654,790,France,Female,31,2,151290.16,1,1,1,172437.12,0,0.0781333037213596
15662337,744,Germany,Female,50,1,121498.11,2,0,1,106061.47,1,0.402762513763444
15650924,761,Spain,Female,32,4,103515.39,2,1,1,177622.38,0,0.0719475723488191
15647203,750,France,Female,35,3,0,1,1,0,191520.5,0,0.191778863156732
15682778,680,France,Male,34,9,0,2,1,1,95686.6,0,0.0348318971924367
15579820,704,Spain,Male,38,6,106687.76,1,1,0,173776.5,0,0.1913447599479
15709354,521,France,Female,41,2,0,2,1,1,113089.43,0,0.11256567625269
15728480,452,France,Female,35,8,0,2,1,1,149614.81,0,0.0731992851849034
15641091,695,France,Female,31,5,106089.2,1,0,0,99537.68,0,0.191069543246811
15603111,850,Spain,Male,71,10,69608.14,1,1,0,97893.4,1,0.658520245647805
15679693,625,France,Male,31,5,0,2,0,1,90.07,0,0.0310942414514716
15797190,608,Germany,Female,40,7,96202.32,1,0,0,161154.85,0,0.493732004762286
15788025,715,France,Female,38,0,0,2,1,1,332.81,0,0.0790324838264356
15646168,834,Spain,Male,33,5,0,2,1,0,66285.18,0,0.0889115501760088
15580493,469,France,Male,33,1,127818.52,1,1,0,163477.22,0,0.174658360542362
15726720,480,France,Female,40,7,0,1,1,0,170332.67,1,0.270865726182626
15735799,527,Germany,Male,58,3,137318.42,1,1,1,126144.96,0,0.464959215918032
15773098,834,Spain,Male,34,5,0,2,0,0,53437.1,0,0.0955044323854939
15668971,583,France,Female,40,4,55776.39,2,1,0,26920.43,0,0.265070101256178
15603221,696,Germany,Male,32,4,84421.62,1,0,1,52314.71,0,0.0949844373672556
15740043,606,France,Male,32,5,83161.65,1,1,1,116885.59,0,0.0457129285778765
15712264,713,France,Female,39,10,0,2,1,1,126263.97,0,0.07866263255587
15751926,821,Germany,Male,42,3,87807.29,2,1,1,64613.81,0,0.146113108461703
15589401,550,France,Female,30,4,0,2,1,0,89216.29,0,0.139362846436452
15742019,675,France,Female,39,6,0,2,0,0,83419.15,0,0.217777242443746
15660611,748,Spain,Male,39,3,0,2,1,1,123998.52,0,0.0545423103749013
15607634,606,Germany,Male,40,9,95293.86,2,0,1,96985.58,0,0.148711710713174
15595036,726,Germany,Male,30,7,92847.59,1,1,0,146154.06,0,0.202948780213233
15745794,547,France,Male,30,6,0,2,1,1,18471.86,0,0.0284700138400795
15781689,758,Spain,Male,35,5,0,2,1,0,95009.6,0,0.104089361647894
15696054,596,France,Male,37,2,0,1,0,1,121175.86,0,0.0584299719837906
15752467,720,Spain,Male,34,3,0,2,1,1,77047.78,0,0.0375227770695196
15597739,674,France,Male,37,3,0,1,1,0,158049.9,0,0.145036434994726
15651336,756,France,Female,32,4,0,2,1,0,147040.25,0,0.14177654302103
15636061,649,Germany,Male,78,4,68345.86,2,1,1,142566.75,0,0.724763536005369
15723013,613,Germany,Male,28,7,76656.4,2,1,1,185483.24,0,0.0646404988110741
15784148,643,France,Male,62,9,0,2,0,0,155870.82,0,0.465771768314252
15578098,600,France,Male,31,8,0,2,1,1,121555.51,0,0.0313538926048764
15638621,735,Spain,Male,39,1,60374.98,1,1,0,40223.74,0,0.180757409565024
15720924,585,France,Female,34,1,0,1,1,1,75503.6,0,0.0744350504482323
15566531,724,Germany,Male,33,4,88046.88,1,0,1,186942.49,1,0.107582875180512
15718064,635,Spain,Male,29,2,0,2,0,0,117173.8,0,0.0842622739267452
15605067,472,France,Male,19,9,0,2,1,0,3453.4,0,0.0383171869646869
15655335,590,France,Male,36,1,0,2,1,0,48876.84,0,0.126952319072316
15607301,651,Spain,Female,63,8,129968.67,1,1,1,11830.53,0,0.452225396983488
15694628,686,Germany,Female,39,4,157731.6,2,1,0,162820.6,0,0.48524428755545
15607112,606,France,Male,32,6,0,2,0,1,36540.63,0,0.0344555279982672
15635775,781,France,Male,33,3,89276.48,1,1,0,6959,0,0.120816643864163
15644280,593,France,Male,45,4,138825.19,1,0,0,10828.78,0,0.304240191968687
15708362,793,France,Male,63,4,103729.79,2,1,1,80272.06,0,0.27900593395037
15771997,791,France,Female,31,10,75499.24,1,1,0,22184.14,0,0.143666557139055
15730579,850,France,Male,68,5,169445.4,1,1,1,186335.07,0,0.420670317635189
15728005,698,France,Female,57,9,111359.55,2,1,0,105715.01,0,0.556931566071894
15791674,846,France,Female,34,10,142388.61,2,0,1,68393.64,1,0.0729913630779121
15754599,765,France,Male,42,4,123311.39,2,1,1,82868.34,0,0.0818646491813767
15693690,574,Spain,Male,52,7,115532.52,1,1,0,196257.67,0,0.413784315325122
15728963,617,Germany,Female,51,10,167273.71,1,0,0,93439.75,1,0.70947580290464
15659710,581,France,Male,25,5,77886.53,2,1,0,150319.49,0,0.0735608535158087
15658675,710,Germany,Male,37,6,135795.63,1,0,1,46523.6,0,0.140127076225518
15638788,550,France,Male,32,8,97514.07,1,1,1,199138.84,0,0.0499709055901461
15609735,533,Germany,Male,51,6,127545.56,2,0,0,79559.02,1,0.5752414333631
15771477,779,France,Male,49,9,106160.37,1,0,0,116893.87,0,0.308278373804314
15570145,763,France,Female,23,2,0,2,1,0,153983.99,0,0.0829414335302755
15797149,563,Spain,Female,36,4,143680.47,2,1,1,63531.19,0,0.106931399152333
15636912,678,Spain,Male,38,3,124483.53,1,1,0,126253.31,0,0.203076480753798
15687828,644,Spain,Female,31,5,86006.3,1,1,1,73922.95,0,0.0709139820245579
15667424,682,Germany,Female,43,7,111094.05,2,1,1,64679.3,0,0.258794076682194
15759872,625,France,Male,22,9,0,2,1,0,157072.91,0,0.0442477647826707
15572374,733,Spain,Male,36,1,0,2,0,1,108377.82,0,0.0489126449711365
15754926,512,France,Female,30,6,0,2,1,0,88827.31,0,0.133427558454769
15687431,642,France,Female,41,7,115171.71,1,1,1,37674.47,0,0.135626478393113
15604515,737,Germany,Female,22,10,111543.26,2,0,0,106327.85,0,0.181688134745116
15682839,575,France,Female,57,8,137936.94,1,1,1,84475.13,0,0.359822528594292
15624677,543,Germany,Female,37,3,122304.65,2,0,0,33998.7,0,0.453918144614364
15646366,521,Germany,Male,41,8,120586.54,1,0,1,20491.15,0,0.185599265329481
15701768,637,France,Male,32,3,0,2,1,1,197827.06,0,0.0356433559833319
15623566,714,France,Male,40,9,46520.69,1,1,1,96687.25,0,0.0648636197575763
15681274,726,Spain,Female,56,2,105473.74,1,1,1,46044.7,0,0.32697993876254
15762573,680,Spain,Female,34,7,0,2,1,0,98949.85,0,0.158420656848846
15706458,812,Germany,Male,39,5,115730.71,3,1,1,185599.34,1,0.12273421678959
15654222,757,Spain,Male,30,3,145396.49,1,0,1,198341.15,0,0.0499236929804767
15704053,710,Spain,Male,62,3,131078.42,2,1,0,119348.76,1,0.562645308048756
15724321,516,Germany,Female,47,9,128298.74,1,0,0,149614.17,1,0.648218025270308
15621815,803,France,Female,40,6,165526.71,1,1,0,12328.08,0,0.309359956931205
15724876,560,France,Female,38,5,83714.41,1,1,1,33245.97,0,0.111220421148589
15696588,679,France,Female,36,3,0,2,1,1,2243.41,0,0.0691307819314736
15612832,526,France,Male,32,7,125540.05,1,0,0,86786.41,0,0.146065078370077
15804295,485,France,Male,41,2,100254.76,2,1,1,12706.67,0,0.084775040904698
15712536,625,France,Female,36,3,0,2,1,0,41295.1,1,0.186362419495533
15662494,773,Spain,Male,43,7,138150.57,1,1,1,177357.16,0,0.104101496469548
15807728,530,France,Female,45,1,0,1,0,1,190663.89,1,0.1672603623711
15764916,616,Germany,Female,43,7,95984.21,1,0,1,115262.54,1,0.288606564831022
15615330,651,France,Male,23,10,0,2,1,1,170099.23,0,0.0168804891721655
15638487,586,Germany,Male,38,2,136858.42,1,0,1,189143.94,0,0.179824966776791
15627859,607,Germany,Male,29,7,102609,1,1,0,163257.44,0,0.208160023909739
15622192,724,Spain,Male,39,3,0,2,0,1,95562.81,0,0.0576086313678646
15789413,733,France,Male,64,3,0,2,1,1,75272.63,0,0.246519535823607
15583221,667,Germany,Male,70,3,77356.92,2,1,1,20881.96,0,0.591219374595138
15768495,700,France,Female,32,8,110923.15,2,1,1,161845.81,1,0.0669351156923936
15644103,659,Spain,Male,78,2,151675.65,1,0,1,49978.67,0,0.639474820983282
15741197,710,Spain,Male,22,8,0,3,1,0,107292.91,0,0.0392142089320014
15664547,760,France,Male,37,7,0,1,0,0,32863.24,1,0.126963934593053
15797293,677,France,Female,25,3,0,2,1,0,179608.96,0,0.0941860374800376
15572021,798,Germany,Female,29,8,80204.11,2,1,0,70223.22,0,0.242029734869762
15637461,758,France,Male,35,7,0,2,1,0,77951.84,0,0.100641251148895
15620577,715,France,Male,45,4,0,2,1,1,55043.93,0,0.0780998729222718
15609643,752,Germany,Male,32,9,115587.49,2,0,1,101677.46,0,0.0855942334489949
15785358,586,Germany,Male,46,8,106968.96,1,1,1,79366.98,1,0.223048114618939
15603883,818,France,Male,36,4,0,2,1,1,8037.03,0,0.0387915615646511
15782550,490,Germany,Female,41,0,139659.04,1,1,1,176254.12,0,0.319219713008289
15775761,610,Germany,Female,69,5,86038.21,3,0,0,192743.06,1,0.870594734281223
15680201,627,Germany,Male,24,5,102773.2,2,1,0,56793.02,1,0.136201234401251
15767594,533,France,Female,35,8,0,2,1,1,187900.12,0,0.0701609513240252
15591985,708,France,Female,51,8,70754.18,1,1,1,92920.04,1,0.222730480214335
15789339,681,France,Male,59,4,122781.51,1,0,1,140166.95,0,0.276711019099438
15781530,690,France,Male,21,8,0,2,1,1,155782.89,0,0.014000209124694
15705174,656,Germany,Male,68,7,153545.11,1,1,1,186574.68,0,0.62641453007188
15572114,673,Spain,Male,40,1,121629.22,1,1,1,3258.6,0,0.0901263619306393
15804009,806,Germany,Male,36,8,167983.17,2,1,1,106714.28,0,0.113629481695745
15662698,648,Spain,Female,43,7,81153.82,1,1,1,144532.85,1,0.153596021770676
15696047,501,France,Male,35,6,99760.84,1,1,1,13591.52,0,0.0594474209774713
15701160,556,Germany,Female,43,4,125890.72,1,1,1,74854.97,0,0.313461939596154
15790093,627,France,Female,27,2,0,2,1,0,125451.01,0,0.109761720140792
15632143,652,France,Male,31,2,119148.55,1,0,0,149740.22,0,0.137794142242512
15736778,807,Germany,Female,60,1,72948.58,2,1,1,17355.36,0,0.513823983308621
15734917,708,Germany,Male,21,8,133974.36,2,1,0,50294.09,0,0.108820894610819
15643903,619,France,Male,27,1,154483.98,1,1,0,156394.74,0,0.115149395068147
15569526,601,France,Male,40,10,98627.13,2,0,0,77977.69,0,0.190462690256751
15777067,445,France,Male,64,2,136770.67,1,0,1,43678.06,0,0.397771928681032
15795511,800,Germany,Male,39,4,95252.72,1,1,0,13906.34,0,0.304651596541522
15610419,554,France,Male,33,3,117413.95,1,1,1,12766.74,0,0.0559590979508132
15644994,714,Germany,Male,54,4,137986.58,2,0,1,51308.54,1,0.345654710387641
15703707,656,France,Male,44,10,143571.52,1,0,0,127444.14,0,0.27199540061438
15659327,520,France,Male,49,5,121197.64,1,1,0,72577.33,1,0.361306655963452
15771323,480,Spain,Male,39,5,121626.9,1,1,1,82438.13,0,0.0883281598268135
15750549,660,Germany,Male,30,1,84440.1,2,1,1,60485.98,0,0.0752103257888612
15698462,532,France,Male,36,4,0,2,1,1,132798.78,0,0.0481651439071081
15739692,679,France,Male,42,1,0,2,0,0,71823.15,0,0.179974654904228
15744041,780,France,Female,26,3,140356.7,1,1,0,117144.15,0,0.141205982672847
15700714,747,France,Male,29,7,0,2,1,1,141706.43,0,0.0245936222390091
15777743,705,France,Female,39,3,92224.56,1,1,1,54517.25,0,0.11391375573159
15623143,732,France,Female,43,9,0,2,1,0,183147.17,0,0.261181691316666
15712568,515,Spain,Male,40,10,121355.99,1,1,0,138360.29,0,0.223137467239685
15617432,816,Germany,Female,40,9,109003.26,1,1,1,79580.56,0,0.218303562409683
15650424,641,France,Female,48,3,147341.43,1,1,1,157458.61,1,0.244926880293973
15728829,509,France,Male,18,7,102983.91,1,1,0,171770.58,0,0.0538188163837172
15680430,601,Germany,Female,49,4,96252.98,2,1,0,104263.82,0,0.631442374760485
15687626,527,France,Male,39,4,0,2,1,0,167183.07,1,0.158802190305143
15609187,455,France,Female,27,5,155879.09,2,0,0,70774.97,0,0.175094946295112
15609521,803,Germany,Male,34,4,142929.16,2,1,1,114869.56,0,0.104854078935252
15752626,553,France,Male,32,7,64082.09,1,0,1,109159.58,0,0.0453519709692119
15571756,724,France,Female,28,5,0,1,1,0,59351.68,0,0.118515925304616
15814040,610,France,Female,45,1,0,2,1,1,199657.46,0,0.14152345437927
15658211,559,Spain,Female,39,2,0,2,1,1,121151.1,0,0.101279192953918
15742091,825,Germany,Female,35,6,118336.95,1,1,0,26342.33,1,0.364563638949452
15787168,819,Spain,Female,28,8,168253.21,1,1,1,102799.14,0,0.0600141246101504
15772363,772,Germany,Female,42,0,101979.16,1,1,0,90928.48,0,0.516294700212821
15659364,685,Spain,Male,23,5,164902.43,1,0,0,141152.28,0,0.0877526504067672
15738980,506,France,Male,43,2,0,2,1,0,105568.6,0,0.202031025772659
15794236,642,Germany,Male,22,10,111812.52,2,1,1,183045.46,0,0.0429750855579716
15721383,627,Spain,Male,40,10,0,2,1,1,194792.42,0,0.057699148261743
15652981,600,Germany,Male,30,2,119755,1,1,1,21852.91,0,0.0924348432226433
15722731,653,France,Male,46,0,119556.1,1,1,0,78250.13,1,0.306906934535987
15640507,762,Spain,Female,35,3,119349.69,3,1,1,47114.18,1,0.0798897325785587
15578878,569,Spain,Female,30,3,139528.23,1,1,1,33230.37,0,0.0821273578233499
15744295,756,France,Male,40,1,94773.11,1,1,0,114279.63,0,0.199573476001196
15776558,673,France,Male,31,1,108345.22,1,0,1,38802.03,0,0.0462005277986019
15596136,637,France,Female,36,9,166939.88,1,1,1,72504.76,0,0.112311205255782
15704597,644,France,Male,33,7,174571.36,1,0,1,43943.09,0,0.0593462463600811
15648272,658,Spain,Male,35,9,71829.34,1,1,1,68141.92,0,0.051497260713264
15594915,649,France,Female,36,8,0,2,0,1,109179.89,0,0.0733760496053055
15581115,603,France,Female,39,9,76769.68,1,0,0,48224.72,0,0.278817921895075
15763907,820,France,Female,39,1,104614.29,1,1,0,61538.43,1,0.272739844987139
15705994,712,Spain,Male,27,10,0,1,1,0,94544.88,0,0.0652009210450451
15772421,645,Germany,Female,31,1,128927.93,1,1,1,2850.01,0,0.152701906672458
15711572,705,Germany,Female,31,9,110941.93,2,1,0,163484.8,0,0.297181286668476
15691170,590,Spain,Female,29,10,99250.08,1,1,1,129629.41,0,0.0628973114232139
15600106,631,France,Male,36,1,0,2,0,0,133141.34,0,0.135352492819275
15745431,604,France,Male,34,7,0,2,1,1,188078.55,0,0.0387637545743717
15649508,643,Spain,Male,48,8,0,2,1,0,174729.3,0,0.248761931684463
15812611,690,Spain,Female,30,5,0,2,0,1,78700.03,0,0.0479517014907763
15619699,558,France,Male,31,7,0,1,1,0,198269.08,0,0.101247796406955
15813946,637,Germany,Male,51,1,104682.83,1,1,0,55266.96,1,0.560721491116532
15762762,648,Germany,Female,45,5,118886.55,1,0,0,51636.7,0,0.588917283909131
15629793,652,Spain,Male,28,8,156823.7,2,1,0,198251.52,0,0.105595053322422
15781298,808,Germany,Male,39,3,124216.93,1,0,1,171442.36,0,0.156025782353277
15622658,551,France,Female,26,2,144258.52,1,1,0,49778.79,0,0.164207077293238
15658980,711,Germany,Male,26,9,128793.63,1,1,0,19262.05,0,0.159131065396941
15701936,467,Germany,Male,28,10,126315.26,1,1,0,32349.29,1,0.200339875360197
15686917,789,Spain,Female,40,4,0,2,1,0,137402.27,0,0.227983243781908
15807312,602,Spain,Male,33,5,0,2,0,1,64038.34,0,0.0374793967520906
15574523,576,France,Male,39,1,0,2,1,1,68814.23,0,0.0603503655052159
15724200,584,France,Male,38,1,115341.55,1,0,1,173632.92,0,0.0861535008573076
15738224,593,France,Male,32,6,99162.29,1,1,0,128384.11,0,0.127613020214468
15593283,705,Germany,Female,48,1,156848.13,2,1,1,99475.95,1,0.389087433599321
15814690,595,Germany,Female,64,2,105736.32,1,1,1,89935.73,1,0.662328876669658
15807245,699,Germany,Female,41,1,200117.76,2,1,0,94142.35,0,0.543481986635615
15799358,516,France,Female,46,6,62212.29,1,0,1,171681.86,1,0.190530797015456
15616172,838,France,Male,31,2,0,2,1,0,8222.96,0,0.0770964485145069
15777958,587,France,Male,39,10,0,2,1,1,170409.45,0,0.0521057625773776
15809124,750,France,Male,38,5,151532.4,1,1,1,46555.15,0,0.0710529779660882
15616367,581,Germany,Male,39,1,121523.51,1,0,0,161655.55,1,0.401848937498581
15687385,484,France,Male,41,5,0,1,1,1,74267.35,0,0.0738910127560775
15607877,576,Spain,Male,26,8,0,2,0,1,34101.06,0,0.0230298754443591
15736327,567,Germany,Female,46,1,68238.51,2,1,1,109572.58,0,0.316388616968759
15746704,638,Spain,Male,30,9,136808.53,2,1,1,106642.97,0,0.0391216846365958
15778304,646,Germany,Male,24,0,92398.08,1,1,1,18897.29,0,0.0559600426608939
15588456,658,France,Female,40,5,143566.12,1,1,1,189607.71,0,0.150711148270666
15664035,590,Spain,Female,38,9,0,2,1,1,148750.16,0,0.0849655966164018
15596405,546,Spain,Male,25,7,127728.24,2,1,1,105279.74,0,0.030575379916545
15815097,603,France,Female,34,9,0,2,1,0,167916.35,0,0.158930011637895
15762708,619,Spain,Female,38,10,119658.49,1,1,1,8646.58,0,0.110079106260302
15776211,678,France,Female,34,6,0,2,1,1,124592.84,0,0.0598331362489156
15626012,459,France,Male,26,4,149879.66,1,0,0,50016.17,0,0.112373024258655
15792077,671,Germany,Male,28,8,119859.52,2,1,0,125422.66,0,0.170112091512646
15718765,501,Spain,Male,43,6,104533.24,1,0,0,81123.59,1,0.272115651071244
15576615,719,Spain,Male,37,10,145382.61,1,1,0,80408.59,0,0.177883758031496
15752650,681,Spain,Female,37,6,121231.39,1,1,1,146366.08,0,0.112416152455679
15797502,706,Spain,Male,24,2,141078.57,1,1,1,24402.87,0,0.0289884144251758
15687329,763,Germany,Female,32,1,108465.65,2,1,0,60552.44,1,0.321117640073815
15779423,716,France,Male,39,1,70657.61,2,1,1,76476.05,0,0.06280389605986
15619514,507,Germany,Male,40,3,120105.43,1,1,0,92075.01,1,0.403296018904354
15615430,678,Germany,Male,55,4,129646.91,1,1,1,184125.1,1,0.392790813787099
15716431,775,France,Female,30,10,191091.74,2,1,1,96170.38,0,0.0647970639146333
15798341,544,France,Male,38,8,0,1,1,1,98208.62,0,0.0545715891417403
15651958,756,France,Male,27,8,0,2,1,1,157932.75,0,0.0213079243077482
15726179,757,Germany,Female,43,5,131433.33,2,1,1,3497.43,1,0.25696435914297
15652999,742,Germany,Male,33,1,137937.95,1,1,1,51387.1,0,0.110806116518377
15691950,591,France,Male,49,3,0,2,1,0,50123.44,0,0.264149580257544
15632446,667,France,Male,24,4,0,2,0,0,180329.83,0,0.0581548639793965
15620936,787,France,Male,32,4,0,2,1,1,13238.93,0,0.0298235990098534
15587640,718,France,Female,43,0,93143.39,1,1,0,167554.86,0,0.36857753527101
15782231,521,France,Male,38,6,0,2,1,0,51454.06,0,0.135998037655235
15580462,607,Spain,Male,40,1,112544.45,1,1,1,19842.22,0,0.0922753281101357
15736371,633,France,Female,34,3,123034.43,2,1,1,38315.04,0,0.0843830465557441
15648032,588,Spain,Male,37,2,0,2,0,1,187816.59,0,0.057562820616882
15610454,724,Germany,Female,33,9,119278.44,1,1,1,197148.24,0,0.162815249896977
15671358,720,France,Male,44,4,0,2,1,0,163471.01,0,0.193149787562845
15747130,521,France,Male,39,7,0,2,0,1,653.58,0,0.0553279604177803
15578374,620,Spain,Male,36,7,169312.72,1,1,0,45414.09,0,0.190932377235938
15572182,505,Germany,Female,33,3,106506.77,3,1,0,45445.78,1,0.349881840501391
15770041,728,Spain,Female,43,8,128412.61,1,0,1,139024.31,0,0.162887863418113
15669414,486,Germany,Male,62,9,118356.89,2,1,0,168034.83,1,0.739600867839646
15777054,584,Germany,Male,42,3,137479.13,1,1,0,25669.1,0,0.419330234006228
15621021,687,Spain,Female,40,1,0,2,1,0,8207.36,0,0.240652945628518
15785490,771,France,Male,50,3,105229.72,1,1,1,16281.68,1,0.140613726588443
15577695,678,France,Male,41,2,148088.11,1,1,0,14083.12,0,0.241423660983908
15686974,751,France,Female,48,4,0,1,0,1,30165.06,1,0.164044061008395
15574584,670,France,Male,33,8,126679.69,1,1,1,39451.09,0,0.0503939887983357
15719541,675,Spain,Male,31,2,90826.27,2,1,0,60270.87,0,0.108927254371195
15646310,684,Spain,Male,24,8,143582.89,1,1,1,22527.27,0,0.0279911848689399
15697606,637,France,Female,21,10,125712.2,1,0,0,175072.47,0,0.1054287451048
15711489,760,Spain,Female,32,2,0,1,1,1,114565.35,0,0.0605411969035731
15670427,662,Spain,Male,37,4,155187.3,1,1,0,48930.8,0,0.196105741352847
15731755,680,France,Male,49,10,0,2,1,0,187008.45,0,0.242328254159844
15796370,604,Spain,Male,40,5,155455.43,1,0,1,113581.85,0,0.0996658036538883
15598331,764,France,Female,40,9,100480.53,1,1,0,124095.69,0,0.281734554548796
15704795,521,France,Female,77,6,0,2,1,1,49054.1,0,0.612834763991592
15796764,684,Germany,Female,56,3,127585.98,3,1,1,80593.49,1,0.467971496181038
15589420,795,France,Female,40,2,101891.1,1,1,1,183044.86,0,0.131778534121537
15810563,678,Spain,Female,61,8,0,2,1,1,159938.82,0,0.31436202728251
15746569,589,France,Male,38,4,0,1,1,0,95483.48,1,0.150561891169251
15811594,660,Spain,Female,28,3,128929.88,1,1,1,198069.71,0,0.0673013845126071
15645896,646,Germany,Male,39,6,121681.91,2,0,1,61793.47,0,0.147570673813948
15802909,706,Germany,Female,56,3,139603.22,1,1,1,86383.61,0,0.523084649065935
15797665,730,France,Female,27,7,0,2,1,0,144099.48,0,0.0966669033661351
15778959,606,France,Female,36,10,0,2,0,1,155641.46,0,0.0714154536320603
15722532,690,Spain,Female,36,10,91760.11,1,1,1,135784.94,0,0.0924719926334924
15784124,645,Germany,Male,41,2,93925.3,1,1,0,123982.14,1,0.379519039459688
15776518,579,France,Female,38,4,175739.36,1,1,1,193130.55,0,0.145678761516917
15611247,481,France,Female,28,10,0,2,1,0,145215.96,0,0.119757737927639
15721469,492,Germany,Male,45,9,170295.04,2,0,0,164741.81,0,0.492658447067547
15773338,739,France,Male,58,2,101579.28,1,1,1,72168.53,0,0.236785319367034
15784042,624,France,Male,55,7,118793.6,1,1,1,95022.02,1,0.207764627989391
15776229,682,France,Male,44,3,115282.3,1,0,0,23766.4,0,0.262404305260188
15655903,701,Spain,Female,34,6,107980.37,1,1,1,119374.74,0,0.0894542309545447
15590177,718,France,Female,44,1,133866.22,1,0,1,139049.24,0,0.194833771735805
15568876,496,France,Female,34,1,102723.35,2,1,0,180844.81,0,0.244969975597529
15813140,543,Spain,Male,41,5,0,2,0,1,143980.29,0,0.0699521389414587
15770516,616,Spain,Female,44,7,193213.02,2,1,1,137392.77,0,0.189858084645467
15755731,635,Germany,Male,53,8,117005.55,1,0,1,123646.57,1,0.338438961154558
15574480,652,Spain,Male,31,1,132862.59,1,0,0,158054.49,0,0.150927993461026
15798084,688,France,Male,26,0,0,2,1,0,105784.85,0,0.0621192932116241
15673020,678,France,Female,49,3,204510.94,1,0,1,738.88,1,0.276132505511221
15643575,757,Germany,Male,36,1,65349.71,1,0,0,64539.64,0,0.281866055905405
15596811,667,France,Male,36,8,139753.35,1,1,0,79871.16,0,0.169062132237749
15786789,725,France,Female,29,6,0,2,1,1,190776.83,0,0.0422863250341886
15578865,632,Germany,Female,50,5,107959.39,1,1,1,6985.34,1,0.40382603767075
15605672,694,France,Female,38,5,195926.39,1,1,1,85522.84,0,0.139943439471905
15603674,803,France,Male,36,1,0,2,1,1,149370.93,0,0.0438007622081679
15759915,814,France,Female,31,6,87772.52,1,1,0,188516.45,0,0.16516905572342
15686219,611,France,Male,38,4,71018.6,2,1,0,2444.29,0,0.155958852119766
15696388,755,Germany,Male,38,4,111096.91,1,1,1,19762.88,0,0.133197016274911
15713604,425,Germany,Male,40,9,166776.6,2,0,1,172646.88,0,0.193527246312406
15647800,850,France,Female,34,6,101266.51,1,1,0,33501.98,0,0.192112435686309
15813451,677,Spain,Male,18,8,134796.87,2,1,1,114858.9,0,0.0162602003637576
15765375,797,France,Female,46,8,0,1,0,0,162668.33,0,0.320965131294783
15774586,692,Germany,Female,43,10,118588.83,1,1,1,161241.65,1,0.275424742544351
15603454,735,Germany,Male,28,5,160454.15,2,0,1,114957.22,0,0.0788507264921017
15653037,609,France,Male,77,1,0,1,0,1,18708.76,0,0.52450098078852
15782475,700,France,Female,42,8,0,2,1,1,105305.72,0,0.0970519897744539
15593496,526,Spain,Female,36,5,91132.18,1,0,0,58111.71,0,0.273151255508821
15808971,693,Spain,Female,57,9,0,2,1,1,135502.77,0,0.248218041741382
15791972,748,France,Female,20,7,0,2,0,0,10792.42,0,0.0587789595162777
15676869,657,Spain,Male,36,8,0,2,0,1,123866.43,0,0.0452612710478668
15683007,739,Germany,Female,25,5,113113.12,1,1,0,129181.27,0,0.239061657341006
15659495,784,Spain,Male,23,2,0,1,1,1,6847.73,0,0.0183521739568352
15703923,744,Germany,Male,41,7,190409.34,2,1,1,138361.48,0,0.177611134116604
15674000,645,France,Male,44,10,0,2,0,1,166707.22,0,0.0755205615794171
15618171,669,France,Female,33,9,0,2,0,1,107221.03,0,0.0578387901730425
15732202,615,France,Male,34,1,83503.11,2,1,1,73124.53,1,0.0495185201842682
15735078,724,Germany,Female,53,1,139687.66,2,1,1,12913.92,0,0.444085226918606
15798615,850,France,Female,47,9,137301.87,1,1,0,44351.77,0,0.382586881510605
15638494,625,Germany,Female,39,10,129845.26,1,1,1,96444.88,0,0.235125625008453
15763874,635,Spain,Male,46,8,0,2,1,1,60739.16,0,0.0826965114721634
15696355,724,Germany,Male,37,6,125489.4,1,1,0,118570.53,0,0.310943954081087
15655952,550,France,Male,47,2,0,2,1,1,97057.28,0,0.102481423889458
15739850,645,France,Male,45,6,155417.61,1,0,1,3449.22,0,0.124066608625801
15611338,714,Spain,Male,29,4,0,2,1,1,37605.9,0,0.0265389532489349
15707861,520,France,Female,46,10,85216.61,1,1,0,117369.52,1,0.395275685782151
15672237,633,France,Male,25,1,0,1,1,0,100598.98,0,0.0669297892460639
15657771,537,France,Male,37,6,0,1,1,1,17802.42,0,0.0526386202834252
15677783,764,Spain,Male,38,4,113607.47,1,1,0,91094.46,0,0.182888859945329
15681026,795,Germany,Female,33,9,104552.72,1,1,1,120853.83,1,0.144422989220574
15566543,573,Spain,Male,44,9,0,2,1,0,107124.17,0,0.201572528673588
15594612,702,Spain,Male,44,9,0,1,0,0,59207.41,1,0.206502786696706
15814664,740,Germany,Male,33,2,126524.11,1,1,0,136869.31,0,0.258710992922297
15642785,479,France,Male,34,5,117593.48,2,0,0,113308.29,0,0.157866104152957
15690164,627,Germany,Female,33,4,83199.05,1,0,0,159334.93,0,0.376201639478225
15590213,479,Spain,Male,35,4,125920.98,1,1,1,20393.44,0,0.0704597662562536
15603794,623,France,Male,48,5,118469.38,1,1,1,158590.25,0,0.149636634118575
15733491,512,Germany,Female,40,8,153537.57,2,0,0,23101.13,0,0.505541042868783
15806360,609,France,Male,41,6,0,1,0,1,112585.19,0,0.0694797194383812
15587133,518,France,Male,42,7,151027.05,2,1,0,119377.36,0,0.251509293180836
15721377,833,France,Female,34,3,144751.81,1,0,0,166472.81,0,0.236540696102515
15747927,758,France,Male,26,4,155739.76,1,1,0,171552.02,0,0.0937026997477759
15806455,611,France,Male,27,7,0,2,1,1,157474.1,0,0.0228579387518165
15695474,583,France,Male,33,7,122531.86,1,1,0,13549.24,0,0.136829387815226
15666295,610,Germany,Male,50,1,113957.01,2,1,0,196526.55,1,0.554734124589241
15656062,637,France,Female,33,7,103377.81,1,1,0,84419.78,0,0.205041163545629
15579969,683,France,Female,32,9,0,2,1,1,24991.92,0,0.0498271381298968
15703563,774,France,Male,40,9,93017.47,2,1,0,191608.97,0,0.169842024547272
15692664,677,France,Female,58,1,90022.85,1,0,1,2988.28,0,0.35852807011307
15719276,741,Spain,Male,35,6,74371.49,1,0,0,99595.67,0,0.142326851555552
15672754,498,Germany,Male,42,3,152039.7,1,1,1,53445.17,1,0.220182308306098
15768163,655,Germany,Female,46,7,137145.12,1,1,0,115146.4,1,0.605225304576232
15656710,613,France,Male,40,4,0,1,0,0,151325.24,0,0.181772515244734
15696175,602,Germany,Male,35,7,90602.42,2,1,1,51695.41,0,0.101845018317395
15586914,659,France,Male,36,6,123841.49,2,1,0,96833,0,0.156141158560657
15581736,673,Germany,Male,47,1,183579.54,2,0,1,34047.54,0,0.280151990419041
15588839,606,Spain,Male,30,8,180307.73,2,1,1,1914.41,0,0.0448411980110585
15589329,775,France,Male,30,4,0,2,1,0,49337.84,0,0.0745890570048837
15605622,841,Spain,Male,28,4,0,2,1,1,179436.6,0,0.0243812242831172
15798964,714,Germany,Male,33,3,35016.6,1,1,0,53667.08,0,0.209437013402196
15769959,597,France,Female,53,4,88381.21,1,1,0,69384.71,1,0.524325699133173
15657105,726,Spain,Male,36,2,0,1,1,0,195192.4,0,0.138490555123537
15569266,644,France,Male,28,7,155060.41,1,1,0,29179.52,0,0.107185589630904
15719294,800,France,Female,29,2,0,2,0,0,167773.55,0,0.121510885107089
15606229,771,France,Male,39,5,0,2,1,0,96270.64,0,0.134846678474829
15569892,516,France,Male,35,10,57369.61,1,1,1,101699.77,0,0.0536038911951754
15584532,709,France,Female,36,7,0,1,0,1,42085.58,1,0.0766708923891593
15682355,772,Germany,Male,42,3,75075.31,2,1,0,92888.52,1,0.341031392241899
15628319,792,France,Female,28,4,130142.79,1,1,0,38190.78,0,0.152045507714821
